"data","chuva_mm","temperatura_min_c","temperatura_max_c","umidade_relativa_pct","radiacao_mj_m2","vento_m_s"
2016-01-01,7.9,17.6,28.6,68,16.5,0.6
2016-01-02,8.6,16.7,27,73,15.1,1.2
2016-01-03,11.9,17.1,26.6,59,16.5,2.8
2016-01-04,2,13.7,24,72,17,2
2016-01-05,12.9,16.6,26.3,69,16.4,3.2
2016-01-06,0,15.9,28.2,67,13.3,2.6
2016-01-07,0,17.9,23.7,75,14.3,2.6
2016-01-08,10.9,14.6,25.8,72,15.1,0.9
2016-01-09,4.5,15.2,27.3,68,15.6,1.7
2016-01-10,0,12.7,23.6,79,14.3,3.9
2016-01-11,9.2,16.3,22.6,76,15.7,1.3
2016-01-12,9.4,15.1,28,71,16.1,1.4
2016-01-13,2.7,13.5,26.8,66,14.9,1.8
2016-01-14,2.8,13.8,26.6,83,15,1.4
2016-01-15,7.7,13.7,29.9,68,13.6,2.9
2016-01-16,0,16.1,25.8,68,14.2,2.5
2016-01-17,13.2,14.5,26,78,12.6,2.3
2016-01-18,0,15.8,26.9,78,17.4,1.2
2016-01-19,1.6,14.9,25.4,67,14.8,1.5
2016-01-20,0.4,16.5,26.2,81,16.8,2.1
2016-01-21,0.4,15.2,28.9,77,12,2.5
2016-01-22,4.3,16.6,27.1,75,15.5,1.5
2016-01-23,5.1,13.6,25.2,84,14.9,2.1
2016-01-24,5.5,14.4,23,81,12.4,1.9
2016-01-25,10.2,13.9,25.8,77,15.2,1.4
2016-01-26,3.4,12.5,26.2,79,18,3.6
2016-01-27,2.5,15.2,23.3,78,13.9,3.1
2016-01-28,0.5,14.8,25,77,11.8,2.1
2016-01-29,8.8,16.9,22.8,86,13.9,2.7
2016-01-30,11.9,12,23,80,13.2,2.5
2016-01-31,11.1,14.5,26.5,80,15.3,2.7
2016-02-01,0,12,24.5,64,13.1,3.2
2016-02-02,4.3,12.7,24.3,80,13.6,3
2016-02-03,2.7,13.9,28.3,82,14.1,2.7
2016-02-04,3.6,12.3,27.1,82,14.3,2.3
2016-02-05,14.3,15.3,23.4,81,14.8,0.9
2016-02-06,2.8,13.3,23.7,73,12.3,2.7
2016-02-07,6.5,14.7,25.1,91,14.5,2.1
2016-02-08,0,12.5,25.5,77,13,2.4
2016-02-09,1,13.7,26.4,74,12.6,1.9
2016-02-10,13.5,13.8,24.7,76,13.5,1.3
2016-02-11,0,11.1,23.6,72,14.4,3
2016-02-12,7,13.2,24.1,76,17.5,1.9
2016-02-13,9.7,13,22.4,76,14.3,2.6
2016-02-14,10.7,13.7,23.3,84,11.5,2.1
2016-02-15,16.3,11.9,23.4,80,14.7,2.4
2016-02-16,0,13.2,24.3,76,11.6,2.7
2016-02-17,5.6,14.3,23.3,77,11.6,2.7
2016-02-18,9.2,12.9,22.1,77,12.1,3
2016-02-19,18.1,12.7,20.2,81,13.7,2.2
2016-02-20,3,15.3,26.6,80,11,2.3
2016-02-21,5.4,12.7,22.6,80,13.6,2.4
2016-02-22,5.7,13.8,19.7,76,13.4,3.1
2016-02-23,7.2,13.7,27.8,72,10.7,1.8
2016-02-24,7.8,13,24.9,76,14.5,2.4
2016-02-25,3.4,11.3,22.8,85,10.6,0.7
2016-02-26,0,12.4,23.6,74,13.2,2.7
2016-02-27,6.7,10,23.2,73,13.6,1.1
2016-02-28,9.9,11.8,23.3,77,12.3,2.7
2016-02-29,6.9,12.3,23.2,76,10.5,2.6
2016-03-01,12.2,14,21.6,82,12.8,2.4
2016-03-02,10,12.3,20.6,82,13,1
2016-03-03,1.2,13.3,22.6,79,11.7,2.7
2016-03-04,6.5,13.3,24.5,80,9.8,2.6
2016-03-05,1.4,13.3,22.1,86,11.9,2.9
2016-03-06,17.8,12.4,24.4,87,10.7,1.6
2016-03-07,2.9,10.7,22.8,89,12.6,2.9
2016-03-08,10.4,13.8,22.5,73,11.2,2.6
2016-03-09,3.5,13.5,20.7,86,10.7,4.1
2016-03-10,7.3,13.8,22.8,82,8.8,1.9
2016-03-11,14.5,15.5,22.5,84,8.4,3.1
2016-03-12,14.2,12.8,21.3,87,14.8,2.1
2016-03-13,9.5,11.3,22.5,73,12.2,1
2016-03-14,10.6,14.3,24.7,76,12.6,1.2
2016-03-15,19.5,11.9,23.9,86,11.2,1.6
2016-03-16,10.5,13.2,22.9,96,9.5,1.3
2016-03-17,9.5,11.3,19.9,75,11.8,2.8
2016-03-18,19,14.7,23.6,84,12.3,1.2
2016-03-19,16.7,13,21.5,71,10.4,1.3
2016-03-20,11.3,12.3,21,86,9.6,0.4
2016-03-21,13.7,12.6,23.9,87,9.7,1.5
2016-03-22,21.5,14.6,22.8,81,12.5,1.5
2016-03-23,0,10.2,23.3,78,8.5,1.8
2016-03-24,5.1,10.2,20.3,79,11,1
2016-03-25,8.8,9.7,20,79,10.5,0.4
2016-03-26,5.8,9.5,20.4,78,13.9,2.2
2016-03-27,10,11.6,26.8,83,12.9,1.7
2016-03-28,1.5,11.1,22.4,79,7.2,2.7
2016-03-29,3.5,11.9,25.4,91,11.3,3.4
2016-03-30,7.1,11.8,23.2,84,9.7,1.8
2016-03-31,6.3,13.3,21.7,83,12.9,3
2016-04-01,0.4,10.8,21,79,12,1.9
2016-04-02,14.3,10.2,21.7,92,12.3,1.9
2016-04-03,7.2,11.7,22.4,79,11.7,3.5
2016-04-04,11.5,12.4,18.3,88,10.9,2.1
2016-04-05,12.8,11.7,20.6,78,13.8,0.9
2016-04-06,17.4,12.6,21.5,82,9.5,2.4
2016-04-07,10.1,11,18.9,75,10.6,2.6
2016-04-08,9.1,14.6,22.7,93,12.3,2.2
2016-04-09,2.4,13.3,20,90,10.2,1.7
2016-04-10,8.4,11,22.1,83,11.5,1
2016-04-11,6.9,13.1,23,79,13.3,1.7
2016-04-12,7.2,14.1,21.6,63,11.4,3.5
2016-04-13,6.8,12.5,19.9,75,12.2,2.9
2016-04-14,20.5,11.2,24.4,74,9.4,2.2
2016-04-15,19.3,12.6,21.7,74,12.3,2.1
2016-04-16,7.5,12.3,22.4,84,8.2,1.7
2016-04-17,2.3,12.6,21.4,85,11.7,0.5
2016-04-18,14.8,11.4,21.4,70,11.2,0.7
2016-04-19,7.6,14.7,24,97,10.5,1.3
2016-04-20,9.5,11.4,23.2,86,11.4,1
2016-04-21,14.7,11.9,24.2,84,13.1,1.9
2016-04-22,10.6,13,23.2,90,10.7,4.4
2016-04-23,16.8,11.1,24.8,81,8.1,3
2016-04-24,0,12.2,23.6,77,10.1,1.4
2016-04-25,9.4,11.4,26,72,11,2.7
2016-04-26,7.1,12.3,22.6,85,10.2,1.9
2016-04-27,8,11.5,19.2,83,10.7,2.9
2016-04-28,9.2,14.7,22.1,81,12.3,2
2016-04-29,17.5,13.6,20.5,92,12.1,1.8
2016-04-30,15.6,13.9,25.3,88,11.4,2.5
2016-05-01,15.8,12.3,20.5,80,10.8,3.5
2016-05-02,8.9,11.3,23.9,82,10.3,2.3
2016-05-03,7.7,12.8,24.1,79,12.3,1.9
2016-05-04,10.6,11.3,22.5,80,12.1,3.3
2016-05-05,1.5,15.1,21.9,82,13.2,1
2016-05-06,15.9,13,21.4,77,10.7,1.6
2016-05-07,0,13.7,25.3,87,11.3,3.1
2016-05-08,18.9,13.2,21.9,86,13.5,1.5
2016-05-09,20.8,14.5,20.4,75,12.6,1.9
2016-05-10,9.8,12.2,22.8,80,11.1,3.1
2016-05-11,9.1,13.3,19.9,80,11.2,1.6
2016-05-12,13,11.8,24.2,86,10.3,2.1
2016-05-13,0.4,14.4,26.3,95,12.5,1.6
2016-05-14,15.6,14.2,24.2,80,10.5,2.7
2016-05-15,9.1,11.4,22.6,87,10.2,2.3
2016-05-16,13.9,14.8,23.4,87,11.1,1.4
2016-05-17,8.2,13.3,23.3,77,12.4,2.7
2016-05-18,10.9,11.5,26,87,10.3,3.6
2016-05-19,12.8,14.3,20.7,89,11.4,1.6
2016-05-20,26,11.1,25.2,77,12.1,2.8
2016-05-21,11.5,11.4,22.4,90,13.3,2.7
2016-05-22,7.7,12.3,22.8,90,11.3,3.4
2016-05-23,13.4,11.2,23.4,81,12.9,3.2
2016-05-24,10.8,13.8,21.9,85,11,1.4
2016-05-25,0,10.5,23.4,77,11.5,1.7
2016-05-26,19.5,12.5,22.4,75,11.5,2.6
2016-05-27,8,11.4,25.5,88,14.2,3.8
2016-05-28,7.8,14.8,27.6,85,12,2.9
2016-05-29,8.1,12.8,29.8,82,12,0.8
2016-05-30,0,11.9,24.8,90,12.2,3.7
2016-05-31,1.5,14,25.9,79,13.2,1.6
2016-06-01,15.6,13.8,26.1,90,11.9,0.9
2016-06-02,4.1,12.2,20.5,90,12.8,2.6
2016-06-03,1.5,13.1,23.2,91,16.1,2.8
2016-06-04,11.6,13.7,21.4,84,13.7,1.7
2016-06-05,19,13.5,23.9,76,11.9,2.6
2016-06-06,10.8,13.2,25.2,78,14.9,2.4
2016-06-07,10.6,12,21.9,74,13.2,2.6
2016-06-08,3.8,13.6,22.9,84,12.7,2.3
2016-06-09,5.6,14.1,27,80,15.2,2.1
2016-06-10,0,15.3,24,84,14.3,2.6
2016-06-11,0.8,15.2,22.7,86,16.1,2
2016-06-12,8.4,10.7,22.8,93,15.4,2.3
2016-06-13,0,12.3,24.2,90,14.8,1
2016-06-14,14.1,14.3,23.7,93,15.4,1.6
2016-06-15,5.7,16.1,26.8,88,10.6,2.4
2016-06-16,6,13.4,24.7,85,12.6,0.7
2016-06-17,7.7,12.4,24.1,87,15,1.8
2016-06-18,16.1,13.5,26.3,68,13.6,2.2
2016-06-19,2.7,15,28.1,78,16,3.2
2016-06-20,8,13.6,24.8,86,15.6,1.8
2016-06-21,1.9,16.1,22.7,71,16.3,1
2016-06-22,5.4,12.8,26.5,76,15.7,2
2016-06-23,6.2,13.5,28.2,80,16.9,2.3
2016-06-24,5.8,13.3,26.3,76,15.5,2.2
2016-06-25,3.8,14.1,25.7,74,15.5,3.1
2016-06-26,0,12.4,25.2,83,14.4,2.5
2016-06-27,3.5,12.8,26.8,74,13.2,1.5
2016-06-28,2.1,13,29,73,18.2,1.1
2016-06-29,1.9,14.8,27.3,73,15.1,2.1
2016-06-30,6.8,14.9,26.7,78,15.8,2.1
2016-07-01,4.9,16.6,25.9,83,15.3,1.8
2016-07-02,12.4,14.7,24.3,77,15.3,1.9
2016-07-03,17.8,14.3,23.7,93,16,3.1
2016-07-04,10.9,19.5,25.4,85,17.4,2.1
2016-07-05,5.5,14.2,28.7,76,17.8,2.7
2016-07-06,6.3,17.6,25.2,74,16.3,0.9
2016-07-07,0,14.5,26.5,67,15.2,2.5
2016-07-08,9.4,15.5,28.6,74,16.4,2.4
2016-07-09,0,14.8,26.9,81,15.3,2.1
2016-07-10,11.7,14.8,27.5,77,16.4,2.5
2016-07-11,0.2,14.9,28.6,78,15.5,3.2
2016-07-12,6.8,12.2,26.8,90,17.5,3.4
2016-07-13,13.3,15,28.5,79,17.4,1.6
2016-07-14,4.9,14.3,29.8,75,17.8,2
2016-07-15,0.5,16.1,27.8,64,17.8,2.9
2016-07-16,7.7,15.5,25.3,78,17,1.7
2016-07-17,4.7,16.5,27.6,68,18.2,2.3
2016-07-18,0,16.7,26.8,79,18.3,1.9
2016-07-19,16.4,16,29.3,71,16.2,2.2
2016-07-20,0,18.3,25.8,73,16,1.3
2016-07-21,0,18.8,25.7,70,14.3,1.1
2016-07-22,10,15.5,31.7,67,20.5,2.3
2016-07-23,10.4,16,28.3,74,18.1,2.3
2016-07-24,8.7,17.5,25.9,79,15.9,0.9
2016-07-25,9.4,18.6,30.3,77,19.3,1.2
2016-07-26,3.2,16.9,27,75,17.4,2.2
2016-07-27,11,15.1,25.7,76,21.6,1
2016-07-28,2.5,17.5,30.8,74,17.2,1.2
2016-07-29,2.9,14.5,31,67,19.6,2.3
2016-07-30,10.1,15.7,26.8,84,16.2,2.2
2016-07-31,0,18.1,30.7,76,17.8,1.4
2016-08-01,2.9,16.4,27.8,65,18.5,0.1
2016-08-02,0,16.8,28,59,21.7,1.2
2016-08-03,0,14.6,30,75,18.9,1.6
2016-08-04,0,17.1,29.8,68,17,1.7
2016-08-05,0,14.4,28.6,67,18.4,0.9
2016-08-06,3.4,17,27.9,77,20.1,2.1
2016-08-07,0,15.8,29.6,62,19.1,2.1
2016-08-08,0,16.2,28.8,69,21.4,1.1
2016-08-09,9,19.2,30.7,67,21,0.8
2016-08-10,11,15.8,33.1,73,17.9,1.3
2016-08-11,6.3,16.6,29.9,76,19.5,1.7
2016-08-12,0,17.9,26.6,81,18.5,2.5
2016-08-13,0,16,29.5,64,19.8,3
2016-08-14,0,15.6,29.2,66,16.5,1.5
2016-08-15,6.1,18.2,31,65,22,3.3
2016-08-16,1.4,14.4,29.2,73,18.4,1.3
2016-08-17,0,18.2,32.3,66,17.6,3.7
2016-08-18,9.5,15.1,30.2,67,19.8,3.4
2016-08-19,10.3,14.1,30.6,72,16.4,1.5
2016-08-20,6,15.5,30.6,64,17.6,2.2
2016-08-21,5.2,15.2,27.9,84,18.8,1.8
2016-08-22,0.2,16.1,30.8,73,16.7,1.2
2016-08-23,10.2,15.2,28.7,69,19.4,4.2
2016-08-24,3.8,16.1,29.5,62,21.6,1.1
2016-08-25,9.9,14.7,31.4,59,18.3,2.6
2016-08-26,6.9,16.5,31.8,76,19.8,1.1
2016-08-27,4,13.6,29.3,68,19.8,1.5
2016-08-28,0,16.7,28.3,66,20.3,1.4
2016-08-29,6.6,16.2,31.7,65,22.6,2.6
2016-08-30,0,16.8,33.3,75,20.6,2.8
2016-08-31,12.7,19.4,31.9,56,20.2,2.4
2016-09-01,0,17.3,28,79,21.2,3.1
2016-09-02,3.2,15.3,31.3,74,22.1,0.9
2016-09-03,2,18.9,34.6,72,18.5,2.4
2016-09-04,0,16.1,31.6,64,22.9,1.5
2016-09-05,0,16.8,30.8,64,22.7,3.7
2016-09-06,0,19.4,31.1,66,22.5,3.2
2016-09-07,0,17.5,30,71,18.7,3.2
2016-09-08,0,16.6,31.6,65,19.5,2.7
2016-09-09,0,17.4,31.2,62,20.7,3.3
2016-09-10,4.2,15.6,30,64,19.6,3.1
2016-09-11,0,17.9,33.1,65,19.9,3
2016-09-12,0,18.8,31.7,69,21.3,1.7
2016-09-13,0,18.8,34.2,65,21.6,1.8
2016-09-14,0,18.2,32.7,69,20.1,1.2
2016-09-15,0,19.5,31.8,58,21.3,3.2
2016-09-16,0,17.9,31.7,56,22.2,3
2016-09-17,0,19.7,32.7,76,18.3,1.3
2016-09-18,0,17.5,29.8,70,22.4,1.1
2016-09-19,2.4,18.2,33.7,80,20.9,2.2
2016-09-20,0.1,18.8,32,67,20,2.1
2016-09-21,6.7,18.2,30.3,67,20.6,1.3
2016-09-22,3,17.6,33.3,65,21.3,2.4
2016-09-23,7.9,18.2,33.7,71,20.8,0.1
2016-09-24,0,18.4,29.6,68,21,3.1
2016-09-25,2.8,16.5,32.9,59,22.1,1.4
2016-09-26,0,16.2,29.7,66,22.5,0.7
2016-09-27,1.7,18.5,28.3,72,19.4,2.1
2016-09-28,0,17.9,33.7,56,20.3,2.8
2016-09-29,4.2,20.3,30.9,63,19.4,1.4
2016-09-30,9.4,15.8,30.3,66,23.2,2
2016-10-01,0,18.5,33,62,22.5,1.2
2016-10-02,0,17.4,34.6,66,20.6,3
2016-10-03,0,19.6,35,73,20.1,3.8
2016-10-04,0,19.8,29.1,63,21.7,1.4
2016-10-05,0,19.7,33.2,68,20.6,1.2
2016-10-06,0,17.5,31.2,52,22.6,2.9
2016-10-07,0,15.8,32.2,70,21.7,3.1
2016-10-08,0,18.9,35.3,71,20.6,4.7
2016-10-09,10.8,17,32.4,59,22.3,2.9
2016-10-10,0,17.1,30.6,60,21.7,2.2
2016-10-11,0,19.3,33.8,59,19.4,3
2016-10-12,5.3,19.4,33.5,84,23.8,0.7
2016-10-13,0,19.6,33.5,58,21.6,2.2
2016-10-14,1.5,17.8,33.6,65,20.3,2.2
2016-10-15,0,17.7,32.4,56,20.1,1.1
2016-10-16,0,15.8,32.2,72,21,2.7
2016-10-17,0.9,17.9,33,69,21.5,0.5
2016-10-18,0,16.1,29,70,21.9,1.5
2016-10-19,0,19.2,32.9,59,22.2,3.2
2016-10-20,0,18.4,33.4,69,20,1.5
2016-10-21,0,17.3,31.9,60,22.2,1.1
2016-10-22,0,17.6,33.2,65,23.1,0.9
2016-10-23,0,16.8,29.6,53,23.9,2.5
2016-10-24,11.8,19.1,33.7,72,18.2,2.2
2016-10-25,0,16.4,30,70,21.6,2
2016-10-26,1.1,19.6,31,64,19.1,0.1
2016-10-27,10.7,17.9,31,60,17.9,2.6
2016-10-28,0,17.1,32.1,67,18.3,2.6
2016-10-29,0,14.4,32.4,68,21.8,1.1
2016-10-30,6.7,17.8,32.7,62,22.8,3
2016-10-31,0.2,17.5,30.3,55,19.4,2.4
2016-11-01,0,16.6,31.6,69,23,2.2
2016-11-02,0,16.5,35.8,64,20.4,0.6
2016-11-03,0.5,19.1,31.8,57,17.4,2.9
2016-11-04,0.3,16.2,29.8,68,18.1,2.6
2016-11-05,0,19.9,31.7,64,19.3,2.6
2016-11-06,0,17.4,32.2,59,20.5,1.7
2016-11-07,0,18.4,32.1,71,19.9,2.7
2016-11-08,0,17.5,27.5,69,20.2,0.6
2016-11-09,0,19.3,29.5,64,20.9,1.6
2016-11-10,5.1,17.8,29.8,69,17.6,2.9
2016-11-11,6.5,16.1,31.5,74,19,1
2016-11-12,5,16.9,31.6,67,22.3,1.8
2016-11-13,3.1,16.3,31.9,62,20,1.6
2016-11-14,0,18.8,30.3,72,19.5,1.9
2016-11-15,0,17.5,30.6,60,19.6,1.5
2016-11-16,0,18.1,29,69,18.1,3
2016-11-17,0,16.7,28.1,59,17.3,1.3
2016-11-18,1.2,17.1,32.4,69,19.1,0.2
2016-11-19,0,16.2,30.2,61,17.9,2.8
2016-11-20,0,19.3,32.4,58,21.7,2.5
2016-11-21,0,16.6,30.7,65,19.9,2.3
2016-11-22,0,17.6,26,51,22.3,1.1
2016-11-23,9.5,16.4,34.4,55,20.5,2.9
2016-11-24,3.1,17.8,27.9,65,19.4,1.8
2016-11-25,0,15,32.6,59,18.6,2.4
2016-11-26,0,17.2,28.8,66,20,2.9
2016-11-27,2.5,17.2,29.7,63,20.2,1.2
2016-11-28,0,19.1,28.9,65,17.9,2.4
2016-11-29,0,16,28.2,62,19.7,0.8
2016-11-30,0,16.4,28.4,57,19,2.3
2016-12-01,0,16.3,29.2,58,16.1,2.2
2016-12-02,0,14.6,32.4,61,20.7,2.1
2016-12-03,9.6,16.1,31.5,78,18.6,0.1
2016-12-04,0,15.2,28.6,62,18.2,1.8
2016-12-05,0,19.1,27,84,17.2,2.1
2016-12-06,0,13.3,27.6,65,17.1,2
2016-12-07,0,15.4,31.2,70,19.4,1.7
2016-12-08,0,16.6,30.7,66,17.6,2.7
2016-12-09,0.3,17.8,28.1,71,16.8,1.6
2016-12-10,8.6,16,26.8,60,14.5,0.8
2016-12-11,1.4,14.6,29,79,16.8,2.4
2016-12-12,0,17,27.7,73,18.3,1.5
2016-12-13,0,15.8,28.3,65,19.6,3.5
2016-12-14,3.7,18.4,30.8,73,21,2.6
2016-12-15,0,16.8,28,70,18.5,2.8
2016-12-16,0,16.2,28.6,75,16.8,2.5
2016-12-17,4.3,15.6,30.2,63,18.2,2.8
2016-12-18,0,17.6,30.6,67,18.3,1.3
2016-12-19,6.4,16.8,27.4,64,16.8,3.3
2016-12-20,4,18.1,28.9,71,13.4,1.4
2016-12-21,0,14.6,28.3,73,17,1.9
2016-12-22,1.4,14,28.5,70,17.3,3.3
2016-12-23,0,16.5,26.8,68,15.1,1.5
2016-12-24,0,18.2,28.5,69,16.3,1.8
2016-12-25,6.2,14,30.8,72,16.6,1.3
2016-12-26,0.9,13.3,31.3,74,13.3,1.9
2016-12-27,3.4,15.3,26.3,66,18.2,0.3
2016-12-28,0,16.1,31.8,68,15.3,1.9
2016-12-29,4.1,16.3,26.6,70,15.8,2.6
2016-12-30,0,17.1,29.3,71,17.9,1.3
2016-12-31,5.1,15.3,26,70,16.5,2.7
2017-01-01,1.7,13.4,30.7,75,17.7,0.9
2017-01-02,0,13.7,26.7,74,15,1.1
2017-01-03,2.4,16.8,26.9,71,17.9,2.3
2017-01-04,5.3,17.9,28.9,73,17.4,2
2017-01-05,4.9,15.9,28.3,70,13.7,0.5
2017-01-06,0,20.1,27.6,74,15.2,1.2
2017-01-07,8.4,15.6,27.7,77,13.4,1.3
2017-01-08,0,14,25.9,69,17,0.7
2017-01-09,0,15.8,29.1,67,14,2.6
2017-01-10,6.2,16.3,26.3,76,16.7,2.3
2017-01-11,0,16,26.9,67,13.1,1.8
2017-01-12,0,15.3,27.5,77,14.3,2.1
2017-01-13,0,15.1,25.8,65,13.2,1.2
2017-01-14,0,14.9,30.5,90,12.8,1.9
2017-01-15,0,13.9,30.5,71,14.2,1.5
2017-01-16,14.1,15.9,25.1,90,14.3,2.4
2017-01-17,3,17.7,24.3,79,15.3,1.9
2017-01-18,0,12.4,24.4,81,16.8,2.2
2017-01-19,4.6,12.4,29,82,15,2.6
2017-01-20,0,14.4,27.3,71,15.7,3.6
2017-01-21,13.3,12.9,25,82,13.7,2.7
2017-01-22,0,13.7,25.8,85,13.3,1.1
2017-01-23,2.4,13.2,24.3,83,12.7,2.6
2017-01-24,2,13.3,25.9,79,12,2.2
2017-01-25,0,13.1,24.5,77,14.2,1.6
2017-01-26,2.2,14.5,22.9,68,13.5,1.8
2017-01-27,8.8,15.9,26.7,79,12.9,1.7
2017-01-28,13.5,13.5,24.5,63,11.6,1.2
2017-01-29,6.2,14,26,77,13.5,3.2
2017-01-30,2.6,12.9,24.9,66,13.1,2.5
2017-01-31,0,14.9,26.1,80,16.4,1.2
2017-02-01,1.6,14.4,28.1,90,13.6,2.2
2017-02-02,13.2,15.3,24.2,71,14.6,2.8
2017-02-03,0,12.4,23.6,83,13.8,1.2
2017-02-04,6.2,13.8,23.3,71,13.8,1.3
2017-02-05,4.2,12.4,27.8,77,12.2,2.9
2017-02-06,6.4,14,24.2,75,10.3,1.8
2017-02-07,13.4,13.8,25.9,88,14.2,1.1
2017-02-08,2.5,14.8,24.1,77,10.8,2.4
2017-02-09,4.4,12.5,25.1,76,14.3,1.6
2017-02-10,5.5,15.3,26.6,71,13.2,1.2
2017-02-11,3,13.2,24.8,84,11.8,2.9
2017-02-12,6.6,12.8,24.8,74,13.9,2.6
2017-02-13,0,14.7,23.8,85,11.8,1.3
2017-02-14,6.2,12.7,24,90,14,3
2017-02-15,3.9,13,23.7,87,10.7,1.3
2017-02-16,6,12.7,21.9,78,15.1,0.5
2017-02-17,1.9,12.5,22,73,12.4,0.4
2017-02-18,0,12.7,24.2,79,13.5,3
2017-02-19,1.3,13.1,25.2,83,14.3,1.4
2017-02-20,9.6,11.8,25.8,72,11.4,1.3
2017-02-21,0,12.5,22.5,82,12.4,1.5
2017-02-22,7.4,12.3,21.5,86,13.3,3.8
2017-02-23,2.4,14,22.1,76,12.1,0.8
2017-02-24,6.7,12.2,22.5,73,11.9,0.1
2017-02-25,9.1,13.5,22.6,76,9.1,2.1
2017-02-26,10.1,10.9,22.8,79,10.6,2.8
2017-02-27,2.7,12.4,25.5,81,12.5,2
2017-02-28,4.8,14,21.4,72,12.8,1.7
2017-03-01,0,13.9,24.5,71,11.9,2.4
2017-03-02,18.8,8.3,22,81,10.1,3
2017-03-03,5.4,13.8,24.8,88,10.9,1.4
2017-03-04,1.4,15.2,27.3,85,9.2,2.8
2017-03-05,4,13.1,25.9,79,11,2.5
2017-03-06,15.3,13.9,21,88,10.8,1.5
2017-03-07,0,11.1,20.3,95,10.9,0.8
2017-03-08,12.1,12.5,21.2,82,11.1,2.9
2017-03-09,12.7,11.6,20.7,82,12.4,1.6
2017-03-10,7.9,10.8,23.7,80,13.7,2.1
2017-03-11,12.1,12.4,23.8,93,10.1,0.9
2017-03-12,15.4,12.9,24.7,85,10.9,2
2017-03-13,0.2,13,25.8,79,12.4,3.2
2017-03-14,4.7,10.7,21.6,92,10.1,2.5
2017-03-15,1.7,12.5,25.2,83,10.9,2.7
2017-03-16,6.5,14.3,22.9,89,11.7,1.3
2017-03-17,7.4,10.5,25.2,88,8.9,3.4
2017-03-18,5.4,13.4,21.7,93,10.1,2.4
2017-03-19,6.6,13.4,25.2,84,10.4,0.8
2017-03-20,14.7,12.3,19.1,74,10.5,2.9
2017-03-21,13,10.4,24.5,74,10.4,2.2
2017-03-22,3.4,10.6,20.5,82,10.1,3
2017-03-23,14.8,10.8,23.3,89,10.3,1.5
2017-03-24,2.4,11.7,20.7,70,11.1,2.6
2017-03-25,8.6,11.1,21.4,87,9.3,1.1
2017-03-26,3.2,12.1,22.1,92,10.4,1.9
2017-03-27,11.6,11.3,22.7,89,10.2,0.9
2017-03-28,6.6,11.8,22.5,78,9.9,1.8
2017-03-29,13.2,14.4,22.4,83,12.3,2.4
2017-03-30,5.2,9.8,22.5,76,11.3,2.6
2017-03-31,15.5,13.4,23.7,82,10.4,2.2
2017-04-01,0,9.4,27.2,71,12.2,2.2
2017-04-02,9.9,12.7,26.7,95,10.8,1.9
2017-04-03,18.5,10.4,22.3,91,12.4,1.7
2017-04-04,8.3,12.7,19.5,75,7.7,2.1
2017-04-05,0,11,25.1,83,12,2
2017-04-06,2.7,10.1,20.5,78,9.4,2.4
2017-04-07,0,12.6,23.4,87,10.6,2.3
2017-04-08,2.9,13,22,92,10.6,2.3
2017-04-09,8.1,9.7,21.9,81,13.4,1.8
2017-04-10,10.5,12.9,21.9,73,14.2,2.1
2017-04-11,15,13.3,25,80,12.6,2.5
2017-04-12,8.2,10.6,23,100,9.5,2.8
2017-04-13,1.8,11.1,23.7,92,11.7,3
2017-04-14,13.1,13,19.8,82,10.7,2.6
2017-04-15,8.6,12.2,25.5,78,10,1
2017-04-16,17.9,9.2,20.7,76,11.4,2.4
2017-04-17,5.5,13,22.6,82,11.1,1.4
2017-04-18,3.7,10.8,23,74,10.8,2.2
2017-04-19,11.8,12.5,19.9,89,8.3,2.7
2017-04-20,6.7,14.4,23.7,76,10.2,1.7
2017-04-21,11.2,12.3,21.9,82,8.8,3.8
2017-04-22,12.1,14.3,24,88,10.6,2.5
2017-04-23,16.8,8.2,21.7,86,12,1.9
2017-04-24,3.9,12.5,23.1,89,12.1,3.6
2017-04-25,2.6,12.4,19.9,88,12.9,2
2017-04-26,14,14.3,22.7,86,10.8,1.8
2017-04-27,17.1,12.8,19.4,92,11,1.5
2017-04-28,21,11.9,25.2,91,12.4,2.2
2017-04-29,15.5,10.1,21.5,97,11.9,2.1
2017-04-30,13.6,10.5,25.6,76,14,2.7
2017-05-01,9.4,11.8,19.5,85,8.7,2.3
2017-05-02,14.3,12.4,21.8,85,12.7,3.2
2017-05-03,10,10.5,22.5,83,10.6,0.5
2017-05-04,11.1,9.9,24.8,87,10.1,3
2017-05-05,5.9,14.5,22.4,76,11.6,3
2017-05-06,18.3,11.9,19.6,93,13.5,0.7
2017-05-07,12.6,12.9,21.8,92,12.3,3.5
2017-05-08,12.8,13.7,23,86,13.7,1.5
2017-05-09,18.6,12.5,25.4,86,14,1.9
2017-05-10,0,13.8,23.3,87,11.4,3.1
2017-05-11,7.6,11.2,22.4,79,13,2.3
2017-05-12,2.9,14.3,23.9,84,10.8,1.9
2017-05-13,3.6,9.4,21.5,80,14.3,0.7
2017-05-14,0,14.8,19.2,76,12.2,1.5
2017-05-15,22.8,15.1,22.4,75,14.4,2.8
2017-05-16,7.9,13.8,20.8,79,11.3,0.9
2017-05-17,7.6,15.7,24.8,82,10.1,2.4
2017-05-18,0,11.2,22.5,89,10.2,1.9
2017-05-19,20.9,12.4,26.8,82,13.5,1
2017-05-20,2.5,12,21.9,85,10.7,2.1
2017-05-21,15.1,14.6,22.7,83,11.7,1.9
2017-05-22,5.6,13.7,22.2,81,14.1,2.3
2017-05-23,1.4,15.8,22.4,71,14.4,1
2017-05-24,13.5,11,23.2,86,13.7,1.9
2017-05-25,0,15.1,23.3,85,11.7,2.2
2017-05-26,2.7,10.5,27.8,79,11,1.6
2017-05-27,7.8,14.9,22.7,81,10.9,1.9
2017-05-28,8.5,15.5,20.7,99,12.6,0.6
2017-05-29,11.6,16.3,22.6,80,12.1,1.8
2017-05-30,17.2,13.1,26.6,91,13,1.4
2017-05-31,17,12.4,25.5,77,14.3,2.5
2017-06-01,10.6,15.8,21.3,82,14.5,2.1
2017-06-02,12.7,14,23.5,80,13,2.3
2017-06-03,4.7,12.6,28,80,13.6,3.3
2017-06-04,6.8,12.2,27.5,76,14.3,2
2017-06-05,2.7,10.8,24.5,77,14.1,1.4
2017-06-06,7.2,13.4,25.1,78,14.1,1.5
2017-06-07,23.4,13.2,23.9,67,12.4,1.7
2017-06-08,4.3,13.2,26.6,84,14.1,1.2
2017-06-09,6,13.4,22.9,79,13.3,2
2017-06-10,15.4,13.7,23.6,83,15.8,2
2017-06-11,15.4,12.6,25.6,82,15,1.9
2017-06-12,17.2,10.9,28.3,90,16,1.8
2017-06-13,4,15.2,25.1,66,14.8,3.2
2017-06-14,5.1,14.3,22.4,85,13.6,2.8
2017-06-15,0,13.2,24.3,76,13,1.2
2017-06-16,7.5,11.9,24.9,87,14.3,0.9
2017-06-17,7,13.7,26.6,81,12.1,2.5
2017-06-18,15.3,12.1,27,82,11.8,2.3
2017-06-19,0.8,13.6,25.3,80,15.2,1.7
2017-06-20,16.1,14.3,31,71,15.8,2.2
2017-06-21,4,13.7,23.6,69,13.2,1.8
2017-06-22,9.2,13.9,24.9,68,16.6,2.1
2017-06-23,2.5,14.2,28.4,83,11,1.7
2017-06-24,10.4,13.5,26.4,83,14.2,1.1
2017-06-25,0,17.1,26.7,81,15.6,3.2
2017-06-26,0,14.6,23.3,71,13.2,1
2017-06-27,0,12.9,22.8,73,13,1.3
2017-06-28,2,12,25.1,79,15.1,2
2017-06-29,15,15.4,25.8,73,15.4,2.4
2017-06-30,13.5,16.4,27,73,16.7,2.5
2017-07-01,13.6,14.2,22,75,14.5,0.1
2017-07-02,8.7,14.6,26,85,16.3,2.4
2017-07-03,11.9,16.2,26.5,68,14.7,2.6
2017-07-04,3.8,16.2,26.6,73,16.1,1.9
2017-07-05,7.1,14.8,27,71,16.6,2.4
2017-07-06,2.2,13.2,27.6,73,17,4.5
2017-07-07,9.6,13,26.5,87,15.4,1.3
2017-07-08,11.1,16.6,25.8,73,12.6,2.4
2017-07-09,0,15.1,28.7,56,17,1.9
2017-07-10,7.3,12.6,27.3,68,17,1.7
2017-07-11,6.4,13.3,25.4,76,16.6,2
2017-07-12,2,14.6,27.3,67,14.3,1.5
2017-07-13,11.4,15,23.9,89,17.7,1.9
2017-07-14,6.6,15.6,25,72,16,0.9
2017-07-15,0,16.4,27.7,77,17.2,2.1
2017-07-16,1.1,13.3,27.5,66,14.3,2.4
2017-07-17,13.2,16.5,27.9,71,15.6,2.3
2017-07-18,5.1,17,28.1,72,16.7,2.1
2017-07-19,0,16.6,24.8,84,15.7,1.9
2017-07-20,2.9,15.5,28.6,64,13.9,1.5
2017-07-21,12.8,16,29.8,70,18.9,3.2
2017-07-22,0.2,18.2,27.9,78,16.5,2.8
2017-07-23,19.9,15.3,24.3,68,16.7,3.9
2017-07-24,1.3,17.7,29.5,72,16.2,2.4
2017-07-25,0.3,15.9,30.2,72,20.5,3
2017-07-26,1.4,15.4,27.4,64,19.6,2.2
2017-07-27,3.9,17.4,28,71,18.7,2.5
2017-07-28,15.5,17.8,31.7,58,17.1,1.9
2017-07-29,0,15.4,29.8,65,18.4,2.3
2017-07-30,8.6,18,28.8,75,21.6,2.1
2017-07-31,3.5,15,28.6,66,20.1,2.8
2017-08-01,13.9,15.1,29.7,85,15.4,2.6
2017-08-02,0,15.4,26.7,71,18.5,1.9
2017-08-03,9.3,15.6,30.2,69,19.3,1.1
2017-08-04,2.7,17,27.5,79,17.8,2.1
2017-08-05,3.7,16.5,28.8,82,17.1,1.1
2017-08-06,0.7,15,31,69,19.3,2.4
2017-08-07,0,17.4,32.6,70,20.2,2.4
2017-08-08,0,16.5,31.1,64,17,2.1
2017-08-09,0,17.8,29.5,66,17.6,0.9
2017-08-10,0,17.6,29.7,67,18.2,3
2017-08-11,0,16.5,28.9,74,19.4,2.1
2017-08-12,13.4,14.5,31.8,82,19.8,1.7
2017-08-13,0,17.9,30.2,69,19.8,1.7
2017-08-14,7.6,17.6,29.4,70,17.2,3.8
2017-08-15,5.1,15.1,27.9,61,19.1,2.2
2017-08-16,1.5,19,32.8,69,20.9,3.3
2017-08-17,0,16,30.5,68,17.9,2.8
2017-08-18,2.4,16.5,27.4,68,20.8,2
2017-08-19,0,15.7,27.3,72,20.9,2.2
2017-08-20,0,17.3,29.5,80,18.5,2.8
2017-08-21,1.6,16.3,28,66,19,1.1
2017-08-22,3.1,18.8,31.4,71,20.8,2.1
2017-08-23,0,17.4,32.9,78,19.1,3.4
2017-08-24,2.8,16.5,28.5,85,19.9,2.9
2017-08-25,0,17.7,29.6,63,19.4,2.4
2017-08-26,6.1,20,31.4,72,21.2,3.7
2017-08-27,0,17.8,30,71,21,1.5
2017-08-28,0,18.1,30.2,76,18.4,0.9
2017-08-29,4.3,18.4,31,73,19.5,1.8
2017-08-30,0,16.8,34,67,19.6,2.6
2017-08-31,6.2,15.9,29.2,72,19.5,2
2017-09-01,0,16.7,30.2,61,19.2,2.3
2017-09-02,0,19.1,28.2,63,17.1,0.7
2017-09-03,5.5,17.6,30.6,68,20.8,3.4
2017-09-04,6.1,15.5,28.9,64,20.9,2.8
2017-09-05,3,18.4,30.2,72,19,2.4
2017-09-06,0,17.2,31,64,19.8,2.9
2017-09-07,1,15.9,28.6,58,22.5,1.8
2017-09-08,0,17.1,32.5,68,22.2,1.8
2017-09-09,3.5,16.6,30.2,62,18.8,1.9
2017-09-10,0,19,28,64,20.2,3.1
2017-09-11,4,18.4,31.9,53,21.5,2.2
2017-09-12,0,17.3,34.2,70,20.8,2.6
2017-09-13,12.2,19.1,31.4,76,18.6,1.7
2017-09-14,11,19.1,32.4,67,20.1,2.7
2017-09-15,2.6,14.5,31.3,78,20.3,2.7
2017-09-16,6,17.3,30.5,76,21.1,1.1
2017-09-17,0,17.2,30.2,64,20.3,3
2017-09-18,4.1,19.2,30.9,61,20.5,1.8
2017-09-19,0.5,16.6,29.3,67,21.8,2
2017-09-20,0,17.1,32.4,60,21.9,0.1
2017-09-21,4,16.5,35.7,67,23.8,1.9
2017-09-22,0,17.8,30.7,72,21.7,1.1
2017-09-23,5.4,19.8,30.8,60,19.2,1
2017-09-24,5.9,19.2,31.4,60,22.2,0.8
2017-09-25,0,17.9,34.6,57,18.8,2.1
2017-09-26,0,18.8,28,65,22,1.1
2017-09-27,0,18.1,29.3,68,21.6,1.2
2017-09-28,0,19.3,33.9,56,21.1,1.9
2017-09-29,0,19.9,28,67,21.2,2.9
2017-09-30,9.7,16.7,30,75,21.1,1.1
2017-10-01,0,17,30.7,55,19.1,1.6
2017-10-02,0,17.7,30.9,72,19.8,3
2017-10-03,1,18.8,34.3,63,18.6,2.8
2017-10-04,0,18.5,35,66,19.4,2.5
2017-10-05,2.6,18,32.8,71,19.9,1.1
2017-10-06,0.4,16.5,31.5,70,20.7,2.2
2017-10-07,10.9,18,30.4,61,21.7,1.5
2017-10-08,0,18.6,30.1,61,22.7,1.6
2017-10-09,0,19.3,27.7,71,20.8,3.3
2017-10-10,4,16.6,33.7,65,23.2,4.1
2017-10-11,0,18,32.2,65,21.2,1.6
2017-10-12,0,17.1,31.6,73,22,1.7
2017-10-13,0,19.5,30.3,58,20.5,1.2
2017-10-14,0,18.4,27.6,68,22.7,2
2017-10-15,0,18.5,30.2,61,19.4,2.1
2017-10-16,1.1,17.8,31,62,22.6,1.7
2017-10-17,0,20.1,31.5,59,19.3,2.2
2017-10-18,3.5,19.2,35.2,64,20.6,1.3
2017-10-19,0,20.2,30.8,62,18.2,1.7
2017-10-20,6.7,15.3,33.6,69,19.7,2.7
2017-10-21,1.1,16.2,35.1,63,19.6,3
2017-10-22,0,17.3,35.1,70,20.8,2.5
2017-10-23,0,18.4,31.9,69,22,2.1
2017-10-24,0,17.5,32.8,68,19.1,3.1
2017-10-25,7.9,20.1,30.9,67,20,2
2017-10-26,0,17,33.2,72,21.1,1.4
2017-10-27,0,16.7,31.5,67,17.8,1.8
2017-10-28,0,17.3,32,60,20.8,1.5
2017-10-29,0,19.4,31.8,65,17.8,3
2017-10-30,0,17.1,34.5,74,18.7,0.9
2017-10-31,0.8,21.3,33.4,67,23.1,1.6
2017-11-01,0,17.9,30.8,69,22.2,2.9
2017-11-02,1.8,18.6,31.5,66,21.1,1.6
2017-11-03,0,18.5,30.7,66,22.1,2.5
2017-11-04,5.9,18.8,31.8,61,20.8,2.2
2017-11-05,1.6,17.9,34,62,20.1,3.6
2017-11-06,0,21,28.2,57,20.4,2.3
2017-11-07,6.1,17.2,29.4,70,21.7,2.1
2017-11-08,0,17.2,34.7,66,19.3,2.7
2017-11-09,4,17.2,31.2,58,18.2,2
2017-11-10,0,17.2,31.3,53,18,1.6
2017-11-11,0.5,18.3,35.1,63,21.8,1.2
2017-11-12,3.3,18.2,34.9,64,21,0.1
2017-11-13,2,14.9,32.7,58,21.6,2.3
2017-11-14,0,16.3,29.5,61,20,1.6
2017-11-15,1.9,19.9,31,74,19.4,2.1
2017-11-16,0,17.5,27.2,53,20.9,3.2
2017-11-17,0,17.4,29,52,20.5,1.4
2017-11-18,0,17.3,31.8,53,17,3.2
2017-11-19,1.9,18.5,26.7,63,19.5,2.8
2017-11-20,0,17.4,32.3,63,20.1,2.4
2017-11-21,0,17.9,31.4,69,18.3,1.5
2017-11-22,0,17.5,31.2,68,19.1,1.9
2017-11-23,0,18.9,30.6,64,21.4,2.7
2017-11-24,0,17.3,31.1,75,18.8,2.6
2017-11-25,0,17.5,25.8,65,19.3,2.3
2017-11-26,0,16.3,29.4,67,19,1.6
2017-11-27,7.7,18.3,32.8,58,17.4,3.2
2017-11-28,0,16.5,30.8,70,17.2,3.1
2017-11-29,3,18,31.9,57,18.2,3.3
2017-11-30,0.1,16,33.8,68,18.4,2.7
2017-12-01,0,17,28,62,20.6,1.9
2017-12-02,1.9,16.3,28.1,66,20.3,2.2
2017-12-03,0.1,17.5,27.7,67,16.6,2.9
2017-12-04,0,19.4,32.2,70,18.3,2.9
2017-12-05,0,16.8,31,62,19.2,3.1
2017-12-06,2.1,14,28.3,74,18.3,3.5
2017-12-07,2.5,16.8,29.1,66,18.4,2.6
2017-12-08,0,16.6,29.3,67,17,3.2
2017-12-09,2.6,18.6,29.5,61,19.2,2.4
2017-12-10,0,16.1,32.4,65,17.9,1.4
2017-12-11,1.7,15.5,28.5,71,18.8,2.1
2017-12-12,13.3,17.5,29.1,63,16.2,0.9
2017-12-13,0,15.6,28.7,65,16.4,3.3
2017-12-14,0,17.4,29.4,69,17.8,0.9
2017-12-15,7.1,16.4,31.2,78,19,1.4
2017-12-16,0,15.9,25.8,78,16.9,1.2
2017-12-17,3.3,14.2,32.5,68,17.7,3.4
2017-12-18,7,16.7,28.9,73,17.8,2.7
2017-12-19,3.9,13.8,30.3,78,18.8,2.2
2017-12-20,0,14.1,31.9,62,18.1,1.2
2017-12-21,2.7,14.8,27.6,66,16.6,1.3
2017-12-22,6.9,16.5,28.9,69,18.2,2.3
2017-12-23,9.1,15.7,27.5,75,14.7,1.7
2017-12-24,3.5,17.5,25.4,64,17.4,2.1
2017-12-25,0,15.1,28.5,61,17,2.1
2017-12-26,6.3,16,26,67,14.5,3.2
2017-12-27,8.4,14.9,28.4,60,16.8,1.8
2017-12-28,1,14.9,29.2,67,15.8,0.4
2017-12-29,0,14.6,30.2,73,15.6,2.1
2017-12-30,0,13.8,27.1,77,13.5,0.8
2017-12-31,0.9,14,25.6,61,15.5,3.4
2018-01-01,0.6,14.7,25.6,79,15.7,2.7
2018-01-02,0,15,26.6,82,14.1,1.2
2018-01-03,3.5,16.3,26.8,70,17.1,3.3
2018-01-04,0,16.5,25.1,62,17.9,2.2
2018-01-05,0.6,13.9,28.7,71,18.2,0.1
2018-01-06,7,15.8,25.1,69,15.3,2.2
2018-01-07,0.3,14.4,26.9,65,13.6,1.8
2018-01-08,0,16.2,27,73,16.5,2.2
2018-01-09,0,16.8,27.5,69,14.8,0.4
2018-01-10,0,15.3,28.8,67,17.8,2
2018-01-11,0,13.9,26,75,13.3,2.8
2018-01-12,7.3,11.7,27.3,77,16.2,2.2
2018-01-13,0,17,25.9,65,13.4,2
2018-01-14,13,15.5,27.3,72,17.1,2.2
2018-01-15,4.3,14.6,27.5,66,13.5,2.2
2018-01-16,8.2,15.7,27.1,65,13.2,1.9
2018-01-17,0,13.2,25.7,77,16.6,3.1
2018-01-18,0,13.9,28.8,76,15,2.2
2018-01-19,3.6,14.4,25,66,13.6,1.8
2018-01-20,0.2,11.7,23.1,87,15.8,3.6
2018-01-21,10,14.8,28.1,73,11.3,1.6
2018-01-22,10.3,15.2,22.5,74,13.1,1.9
2018-01-23,2.7,13.7,27.1,78,12.9,1.1
2018-01-24,8.6,14.7,24.8,81,11.8,1.8
2018-01-25,12.2,15.4,28.1,79,15.4,2.1
2018-01-26,4.8,13.7,26.8,71,11.1,1.7
2018-01-27,5.9,13.6,24.3,68,15.3,1.6
2018-01-28,10.6,13.1,27.8,74,13.8,1.1
2018-01-29,0,13,26.4,78,14.8,3.4
2018-01-30,0,12.2,24,78,13.3,2.2
2018-01-31,0,14.1,25.8,83,15,2.6
2018-02-01,0,13.6,21.9,70,11.3,2.7
2018-02-02,3,13.9,25.2,72,13.9,4.1
2018-02-03,2.8,13.4,18.1,74,13.3,2.4
2018-02-04,6.3,12,27.5,76,12.8,3
2018-02-05,6.1,14.2,24.6,81,12.2,1.5
2018-02-06,0,13.4,23.8,76,12.9,1.8
2018-02-07,14.7,11.9,26,74,14.2,1.8
2018-02-08,9.8,13,23.5,81,15.1,2.1
2018-02-09,1.6,11.6,22.6,85,12,3.1
2018-02-10,5.7,13.7,25.3,74,10.8,1.8
2018-02-11,12.6,13.3,26,86,12.6,2.7
2018-02-12,21.6,14.2,27.1,74,11.7,2.6
2018-02-13,10,12,25.9,72,12.6,1.6
2018-02-14,0,12.2,23.7,74,10.9,1.5
2018-02-15,12.3,14.3,25.5,71,11.7,2.3
2018-02-16,5.2,13.9,23.6,86,12.1,2.2
2018-02-17,2.5,11.9,21.7,73,13.5,2.2
2018-02-18,10.9,14.1,24.6,82,11.5,2.7
2018-02-19,0,13.5,22.1,77,13.7,3.2
2018-02-20,7,13.8,24.6,67,13.1,1.8
2018-02-21,1.8,16.6,24.8,82,10.1,1.1
2018-02-22,0,11,23.4,74,9.5,2.2
2018-02-23,1.9,13.3,22,84,13.1,1.8
2018-02-24,7.9,13.6,22.7,87,12.3,0.1
2018-02-25,16.1,13.7,22.6,79,11.1,2.3
2018-02-26,3.5,12.7,24.7,79,13,1.5
2018-02-27,4.5,12,24.6,84,12,0.9
2018-02-28,16.6,13.2,24.7,95,11.9,1.2
2018-03-01,12.9,12.6,21.6,83,8.7,1.4
2018-03-02,11.7,13.2,26.3,82,10.5,2.1
2018-03-03,18.4,13.3,25.6,79,12.5,2.5
2018-03-04,5.6,11.9,23.7,78,8.8,1.7
2018-03-05,6,9.7,20.2,84,12.1,3.2
2018-03-06,14.1,14.7,23,83,10.9,2.5
2018-03-07,8,12.1,20.9,81,12.2,3.5
2018-03-08,11.4,11.4,21.2,84,9.5,1.1
2018-03-09,9.6,13.3,21.9,81,11.3,3.8
2018-03-10,6.6,12.8,24.2,84,15.1,2
2018-03-11,13,12,24.8,76,13.1,1.4
2018-03-12,10.6,12.6,23.4,87,11.5,2.6
2018-03-13,4.8,12.3,21.9,78,11.1,1
2018-03-14,5.1,14,21.5,82,10,1.9
2018-03-15,1,15.9,23.2,92,12.4,2.4
2018-03-16,11.1,11.3,21.7,73,9.7,3.4
2018-03-17,3.5,12.5,20.2,80,12.9,1.9
2018-03-18,20.4,10.2,22.2,90,9.9,1.2
2018-03-19,12,14.9,22,81,10,2.4
2018-03-20,9.1,13.2,22.4,83,14.2,2
2018-03-21,3.6,12.2,24.7,92,10.1,2.1
2018-03-22,17.5,11.4,19.8,84,10,2.5
2018-03-23,10.9,12,22.3,77,12.3,1.1
2018-03-24,2.3,13.3,22.1,88,12.2,2.8
2018-03-25,7.2,10,23.7,78,10.7,1.4
2018-03-26,5.7,12.9,22.4,79,13.3,2.4
2018-03-27,15.2,11.2,23.8,79,13.2,0.5
2018-03-28,14.9,11.2,25.1,86,12.2,2.5
2018-03-29,13.2,10.8,22.9,80,10.4,1.3
2018-03-30,11.5,11.8,22.9,90,11.6,2.2
2018-03-31,16.8,9.4,22.9,98,9.9,1
2018-04-01,12.3,10.9,19.9,78,13.1,1.9
2018-04-02,6.9,11.7,24.1,87,10.9,1.6
2018-04-03,18.9,11.7,21.1,87,13.7,2.7
2018-04-04,12.1,11.7,18.6,95,12.1,1.3
2018-04-05,20.3,11.9,22.2,79,9.2,2.6
2018-04-06,7.5,14.3,23,76,11.7,1.5
2018-04-07,9,12.8,19.4,93,9.5,3.2
2018-04-08,3.5,12.5,19.5,84,9.6,0.1
2018-04-09,10.1,13.6,24.5,85,7.7,2.4
2018-04-10,11.5,13.5,23.4,83,10.6,2.2
2018-04-11,10.6,10,18.5,83,10.3,1.6
2018-04-12,3.1,11.7,25.4,91,16.9,0.9
2018-04-13,14.2,12.9,20.8,80,12.9,3.4
2018-04-14,7.7,9.6,20.8,86,11.7,1.5
2018-04-15,6,12,22.2,80,10.5,1.4
2018-04-16,3.7,12.6,21.1,91,10.3,1.5
2018-04-17,19.1,8.5,21.4,82,7.3,1.1
2018-04-18,8.1,12.2,24.6,83,9.7,1.4
2018-04-19,9.2,10.5,24.5,88,11.4,2.8
2018-04-20,7.5,10.8,21.7,87,9.3,2.3
2018-04-21,16.2,12.6,20.7,85,11.7,3.1
2018-04-22,10.7,13.1,20.6,78,11.4,3.6
2018-04-23,5.2,13.1,18.8,74,11.4,2.2
2018-04-24,11.3,10.8,23,82,11,2.9
2018-04-25,0,9.3,22.1,86,10.9,3.7
2018-04-26,9,10.8,21.2,88,9.3,2
2018-04-27,15.5,13.7,23.9,72,13.1,2
2018-04-28,3.8,12.9,23.4,81,13.8,2
2018-04-29,14.1,10.7,21.6,84,12.1,1.9
2018-04-30,13.6,11.4,22.5,68,11,3.9
2018-05-01,0,14.5,22.4,92,11,3
2018-05-02,13.6,11.9,21.4,77,9.2,2.1
2018-05-03,9.7,14.1,25.1,83,11.9,1.8
2018-05-04,12.7,11.1,25.9,90,10.4,3.6
2018-05-05,11.8,12.1,21.2,82,10.1,0.9
2018-05-06,6.4,11.1,24.3,84,11.9,3.1
2018-05-07,9.6,14.5,22.8,85,10.1,1.3
2018-05-08,6.5,11.4,22.5,88,11.6,1.7
2018-05-09,12.6,11.2,19,80,12,3.1
2018-05-10,2.7,12.3,20.4,88,11.2,0.9
2018-05-11,16.6,12.8,18.8,78,9.5,2.9
2018-05-12,17,13.6,21.6,91,12.1,2.7
2018-05-13,15.1,11.5,28.1,76,11.4,3.6
2018-05-14,8.7,12.3,23.2,82,13,1
2018-05-15,14.2,13.8,25.1,81,12.1,1.3
2018-05-16,13.5,13,24.9,88,11.2,1.7
2018-05-17,23,14.9,23.2,85,12.8,2.6
2018-05-18,0,11.7,24.8,83,12.9,1.8
2018-05-19,8.6,12.7,22.9,82,13.6,0.4
2018-05-20,8.9,10.6,21.1,83,9.4,2.1
2018-05-21,14,11.9,22.9,83,11.3,1.4
2018-05-22,16.1,15.9,21.9,77,11.3,2.6
2018-05-23,12.4,14.3,20.7,84,12.9,1.4
2018-05-24,10.8,10.5,22,84,12.3,2.2
2018-05-25,12.3,15.7,26,76,12.3,1.7
2018-05-26,10.4,10.8,23.9,79,12.1,1.9
2018-05-27,10.8,11,25.1,84,16.3,1.3
2018-05-28,9.9,12.8,23.5,85,12.8,1.9
2018-05-29,18.5,12.7,23.5,74,10.4,2.7
2018-05-30,5.3,10.6,23.4,86,14.1,3.5
2018-05-31,9.9,11.6,25.7,68,12.5,2
2018-06-01,3.2,12.6,25.2,82,13.7,1.1
2018-06-02,2.2,12.2,26.8,67,12.7,2.6
2018-06-03,5.7,14.5,24.8,82,14.2,2.2
2018-06-04,0,12,21.9,76,11.3,1.1
2018-06-05,9.2,15,25.9,81,13.8,2.2
2018-06-06,5.9,13.8,25.1,86,13.2,1.5
2018-06-07,0,14.3,22.4,90,12,0.1
2018-06-08,12.4,11.1,23.8,76,14.3,2.4
2018-06-09,9.4,14,22.5,69,13.6,1.9
2018-06-10,10.2,13.6,22.2,82,15.7,1.2
2018-06-11,6.9,13.6,24.2,77,15.8,2.3
2018-06-12,4.6,11.6,28.1,80,13.9,2.7
2018-06-13,19.5,13.7,24.2,91,16,0.9
2018-06-14,4.3,10.7,23.9,85,14,1.1
2018-06-15,0.6,12.9,25.1,76,13.9,1.5
2018-06-16,3.1,14.7,24.1,85,15.6,3.1
2018-06-17,6.9,13.2,27.1,79,17.3,3
2018-06-18,10.9,17.3,23.3,84,13.8,3.1
2018-06-19,18.4,13.1,24.8,74,16.4,1
2018-06-20,9.4,13.5,25.1,81,14.3,2.5
2018-06-21,4.5,14.5,24.3,82,14.6,2.4
2018-06-22,9.6,14.7,25.9,83,15.4,1.6
2018-06-23,13.1,10.5,27.8,80,14.4,1.6
2018-06-24,8,17.7,23,79,14,2.3
2018-06-25,2.4,13.9,26.4,87,16.9,3
2018-06-26,0,14.7,26.3,78,14.8,2.5
2018-06-27,10.9,13.9,25.3,76,15.8,0.6
2018-06-28,12.9,15,27.9,69,11.8,2.1
2018-06-29,3.8,14.1,31.6,70,15.5,1.9
2018-06-30,13.3,15,26.9,84,12.3,2.8
2018-07-01,4.5,16.8,24.7,84,18.2,2
2018-07-02,8,12,26.6,84,15.2,2.2
2018-07-03,3,17.6,26.6,73,16.1,1.1
2018-07-04,6.7,16.8,22.4,82,15.7,2.5
2018-07-05,7.9,15.6,25.6,71,14.6,1.1
2018-07-06,0,13.3,25.9,74,14.8,2.3
2018-07-07,2.1,12.2,29.5,70,16,2.2
2018-07-08,6.2,14.9,26.5,73,19.2,0.9
2018-07-09,0,15.2,24.9,84,15.4,1.8
2018-07-10,2.2,15.7,25.8,78,18.3,3.2
2018-07-11,4.4,13.8,27.6,70,17.3,2.4
2018-07-12,3.6,14.3,28.7,73,12.6,2.5
2018-07-13,0.9,14.2,29.5,82,15.4,0.9
2018-07-14,10.5,12.8,24.5,76,15,2.3
2018-07-15,7,13.2,25.6,75,18.9,1.3
2018-07-16,4.2,16.5,26.4,79,18.2,1.7
2018-07-17,11,16.3,28.8,78,18.3,1.9
2018-07-18,0,13.1,26.2,77,16.7,2.5
2018-07-19,0,13.3,28.2,61,19.5,3.1
2018-07-20,1.2,14.9,27.1,79,15.9,1.6
2018-07-21,10.6,15.7,29,73,16.1,3
2018-07-22,1.5,16.4,25.6,66,16,2.4
2018-07-23,7.1,14.5,25.8,74,19.2,2.1
2018-07-24,0,12.6,33.2,72,19,2.3
2018-07-25,10.5,13.6,27.4,75,19,2.1
2018-07-26,7.5,15.7,25.7,71,18.5,1.1
2018-07-27,0,15.1,30.2,71,20.5,0.9
2018-07-28,9.6,17.2,27.8,73,16.6,1.7
2018-07-29,0.4,12.6,28.2,71,17.2,1.6
2018-07-30,2.1,14.6,28.2,72,16.5,2.6
2018-07-31,0,15.1,28.6,83,18.6,3.1
2018-08-01,14.3,16,27,69,20.6,2.3
2018-08-02,0,17.1,33,81,19.4,1.2
2018-08-03,7.4,16.2,33.2,64,15.4,2.2
2018-08-04,2.2,16.1,33.3,66,18.5,3
2018-08-05,0,15.8,30.1,72,19.4,2.4
2018-08-06,0,15,28,73,17.3,2.2
2018-08-07,7.4,15.1,30.6,68,21,3.1
2018-08-08,0,15.7,31.7,58,15.2,2.8
2018-08-09,0,15.1,27.4,71,19.7,1.8
2018-08-10,2.4,16,31.7,64,20.7,1.8
2018-08-11,0,18.1,29.5,69,18.8,2.2
2018-08-12,8.9,15.6,30.8,75,18.5,2.4
2018-08-13,0.8,16.6,27.9,76,20,3
2018-08-14,2.9,15.2,29.5,79,20,1.3
2018-08-15,0,16.5,27.3,72,18.2,1.7
2018-08-16,1.5,14.8,31.6,66,17.6,1.7
2018-08-17,0,16.7,25.4,67,20.9,2.6
2018-08-18,6.1,17.4,30.5,67,19.1,3.8
2018-08-19,2.3,17.6,32.1,75,18.6,0.7
2018-08-20,1.8,17.9,29.7,66,19.8,1.6
2018-08-21,10.2,17.2,30.8,79,19.6,1.8
2018-08-22,0,16.7,33.9,66,15.1,1.4
2018-08-23,0,19.3,29.8,71,19.7,0.2
2018-08-24,0,17.1,30.6,70,24.3,1.5
2018-08-25,5.3,15.9,29.3,64,19.9,3.7
2018-08-26,10.6,18.6,26.8,72,19,3.2
2018-08-27,6,16.9,31.2,68,19.9,1
2018-08-28,0.2,19,28.4,79,20,3.8
2018-08-29,9,17.5,28.6,64,23,0.5
2018-08-30,0,17.2,33.4,69,22.1,3.1
2018-08-31,12,15.6,31.6,71,19.4,2.6
2018-09-01,0,17.8,30.2,66,20.7,1.6
2018-09-02,0,18.6,33.3,66,20,2.8
2018-09-03,4.9,18.6,31.6,61,21.2,2.9
2018-09-04,4.6,17.3,29.3,63,20,2.3
2018-09-05,0,17.7,29.8,56,20,1.4
2018-09-06,1.9,18.6,29.9,64,21.7,3.4
2018-09-07,5.9,16.1,28.5,63,21.2,2.8
2018-09-08,1.2,17.9,32.3,67,22.4,2.9
2018-09-09,2.4,17.4,32,66,23.3,3.2
2018-09-10,0,17.3,29.6,65,23.5,1.4
2018-09-11,0,18.8,32.8,68,20.6,1.4
2018-09-12,0,18.2,33.7,59,19.7,1.8
2018-09-13,7.6,17.4,35.4,78,21.2,3
2018-09-14,2.5,14.6,31.1,69,20.4,1.5
2018-09-15,0,16.5,32.5,66,20.7,2.9
2018-09-16,0,18.8,27.8,68,19.1,2.4
2018-09-17,0,17.9,33.8,62,16.7,1.7
2018-09-18,0,17.5,32.2,60,20.6,3.2
2018-09-19,0,19.6,31.4,63,19.4,2.2
2018-09-20,0,18.7,33.2,53,24.1,2.3
2018-09-21,3.3,18.7,29.6,66,21.4,3.2
2018-09-22,1,16.9,31.5,66,20,3.4
2018-09-23,7.5,16.8,29.7,61,18.3,0.5
2018-09-24,3.1,20.5,32.7,67,18.3,0.6
2018-09-25,0,16.3,31,66,22.7,2.8
2018-09-26,0.7,20.1,30.8,68,20,3.2
2018-09-27,8.8,15,33.1,70,21.7,2.3
2018-09-28,0,16.9,29.8,59,20.3,2.4
2018-09-29,0,17.1,34.6,63,22.2,1.8
2018-09-30,0,21.4,32.6,72,21.7,1.3
2018-10-01,6.6,19.6,34.6,70,20.4,0.2
2018-10-02,3.1,18.7,30.8,62,19.2,1.3
2018-10-03,0,17.3,31.8,56,23.1,2.5
2018-10-04,0,17.4,30.4,67,20.5,2.2
2018-10-05,0,16.7,32.5,73,20.8,2.3
2018-10-06,6.7,18.1,29.8,60,21.1,1.6
2018-10-07,0,16,30.8,68,22.7,1.5
2018-10-08,3.4,14.7,29.5,69,19.5,2
2018-10-09,0,19.8,31.8,70,21.7,2.3
2018-10-10,5.4,16.4,33.2,57,17.7,1
2018-10-11,8.5,17,32.5,70,22.3,1.9
2018-10-12,0,18.4,33.1,70,21,0.1
2018-10-13,0,19.7,31.7,57,20.7,2.6
2018-10-14,4.6,17.9,33,69,21.3,1.9
2018-10-15,2.6,20.4,30.1,62,21.9,1.4
2018-10-16,0,16.4,32.3,68,16.9,2.3
2018-10-17,1.6,18.5,30.5,64,21.2,3.3
2018-10-18,0,18.3,30.3,75,17.6,2.2
2018-10-19,0,17.4,32.9,58,19.8,2.7
2018-10-20,0,18.1,31.7,58,21.4,2.3
2018-10-21,2.3,17.5,30.3,70,19.6,2.9
2018-10-22,0,17.9,27.6,74,23.4,3
2018-10-23,1,19.7,32.1,66,18.8,3
2018-10-24,0,16.4,32.8,58,22.9,1.9
2018-10-25,0,17.5,31.7,71,19.7,1.8
2018-10-26,0,21.9,31.3,62,21.3,1.8
2018-10-27,0,18.1,29.7,64,19,2.6
2018-10-28,0,19.1,30.8,62,24,3.6
2018-10-29,0,16.4,30.1,68,21.9,0.9
2018-10-30,0,18.2,27.8,65,21,3.6
2018-10-31,0,18.6,32.4,55,21.3,1.8
2018-11-01,0,17.8,28.3,72,19.3,1.9
2018-11-02,0,16.7,32.4,63,18,1.9
2018-11-03,7.4,19.2,28,74,20.7,2.4
2018-11-04,3.9,18.5,33,64,19,2
2018-11-05,0,17.4,34.3,71,19.7,1.4
2018-11-06,2.6,18.2,32.7,75,16.9,2.9
2018-11-07,0,17.4,31.5,68,21.4,1.7
2018-11-08,4.9,16.7,31.1,57,20.5,2.1
2018-11-09,6.5,20.1,30.3,68,17.8,1.3
2018-11-10,0,18.2,32.2,67,19,3
2018-11-11,0,16.5,29.9,72,19.1,2.3
2018-11-12,2.5,18,30.9,75,21.2,1.1
2018-11-13,4.2,17.5,30.9,71,19.7,0.7
2018-11-14,0,16.4,30.7,70,20,2.7
2018-11-15,1.5,19.3,32.6,67,21.2,3.4
2018-11-16,0,16.7,29.5,63,15.8,1.9
2018-11-17,0,16.6,28.4,60,20.8,2.9
2018-11-18,3.4,18,28.9,70,19.9,1.2
2018-11-19,0,13.5,30.7,67,19.5,3.7
2018-11-20,2.8,18.4,28.6,55,20.7,1.2
2018-11-21,0,18.2,29.9,68,21.1,2
2018-11-22,0,15,29.8,72,19.5,1.5
2018-11-23,0,17,28.8,60,21,1.9
2018-11-24,0,17.5,29.9,67,20.8,3.3
2018-11-25,2.1,16.5,26.7,77,20,2
2018-11-26,0.9,18.4,28.7,69,19.9,2.1
2018-11-27,0,19.3,30.5,66,21.1,2.3
2018-11-28,2.2,17.9,29.5,64,19.6,1
2018-11-29,0,18.2,25.7,52,16.4,3.1
2018-11-30,7.5,15.9,30.3,67,17.7,1.8
2018-12-01,4.2,17.5,33.7,71,16.5,2.6
2018-12-02,0,17.4,34.8,69,18.4,2.6
2018-12-03,2.5,17.8,31.6,65,18.7,2.4
2018-12-04,0,17.1,29.4,75,17.9,1.2
2018-12-05,0,15.3,31.5,77,16.3,2
2018-12-06,0,17.2,25.7,70,19.8,1
2018-12-07,0,17.5,28.8,66,17,2.6
2018-12-08,0,17.6,29.3,59,19.4,1.4
2018-12-09,3.5,15.1,30.3,73,13.7,2
2018-12-10,0,17.3,27.4,62,20,2.8
2018-12-11,0,16.7,27.6,72,17.3,1.9
2018-12-12,0,17.3,30.6,64,16.1,2.3
2018-12-13,0.5,17.8,29.5,72,18.8,2
2018-12-14,9.5,13.9,28.8,75,17.9,2.3
2018-12-15,3.4,16.8,29.7,66,16.8,2.1
2018-12-16,3.3,16,26.8,66,18.6,3.2
2018-12-17,5.1,16,27.6,67,15.9,2.9
2018-12-18,5.2,15.4,30.4,68,17.1,2.6
2018-12-19,4.8,18.6,28.6,63,18.2,1.1
2018-12-20,1.9,13.6,29.9,72,17.4,2
2018-12-21,13.2,16.3,30.8,66,17.3,0.5
2018-12-22,0,15.5,22.6,64,17.2,1.7
2018-12-23,1.4,14.8,28.3,66,18.5,2
2018-12-24,3,17.6,28.6,80,15.4,3
2018-12-25,1.1,16.1,30.4,69,15.5,1.5
2018-12-26,9.1,15.3,28.1,74,19.9,2.4
2018-12-27,1.9,15.9,28.7,66,16.1,3.7
2018-12-28,0,15.4,28.9,75,15.5,2
2018-12-29,3.5,14.3,27,68,17.3,1.7
2018-12-30,0,16.9,30.3,72,13.6,1.5
2018-12-31,0.2,13.1,28.4,70,15.9,2
2019-01-01,0,17.3,29,61,16,0.7
2019-01-02,3,15.2,28.3,68,18.3,2
2019-01-03,13.1,16.7,27.3,76,17.9,1.8
2019-01-04,0,15.1,27.1,71,13.6,1.9
2019-01-05,3.6,17.2,23.6,66,14.9,2
2019-01-06,0,16.1,27.6,74,14.1,1.9
2019-01-07,0.4,18,25,68,17.7,2.7
2019-01-08,1.1,16,28.2,66,17.1,1.3
2019-01-09,0,14.7,27.8,65,16.6,3.1
2019-01-10,1.9,14.5,26.2,73,18.5,1.5
2019-01-11,0,14.7,25.5,73,15.5,2.8
2019-01-12,4.4,14.3,23.4,70,14.2,1.1
2019-01-13,7.7,13.2,23.5,75,18.4,1.5
2019-01-14,1.7,13.1,28.7,78,15.4,2.9
2019-01-15,8.2,15.4,25.8,64,13.4,1.9
2019-01-16,1.1,15.3,26.9,69,14.3,2
2019-01-17,9.2,16.6,29.3,76,15.6,2.2
2019-01-18,0,12.3,29.1,78,13.7,2.2
2019-01-19,0,15.2,24.6,67,14.1,1.6
2019-01-20,10.6,15.5,23.3,70,13.5,1.7
2019-01-21,0,16.1,25.8,82,16,2.6
2019-01-22,16.9,14.1,30.1,74,14,1.9
2019-01-23,5.9,14.6,26.2,78,12.9,1.8
2019-01-24,16.4,16.9,26.6,73,15,2.3
2019-01-25,11.8,14.7,25.6,68,14.1,2.1
2019-01-26,6.4,13.7,25.5,70,18,1.3
2019-01-27,9.3,11.6,25.3,72,12.1,1.3
2019-01-28,0,14,24,73,14.1,2.9
2019-01-29,4.1,12.1,27.4,73,11.6,2.3
2019-01-30,1.9,11.9,24.9,62,13.9,2.7
2019-01-31,1.6,10.6,26.2,85,13.6,1.8
2019-02-01,2.4,13.9,25.6,72,12.2,3.1
2019-02-02,0,14.3,26.8,66,15,1.7
2019-02-03,0,12.1,24.2,83,13.2,2.5
2019-02-04,6.7,13.8,23.7,72,13.7,2.2
2019-02-05,3,11,27.1,82,13.4,3.2
2019-02-06,11.6,10.7,23,83,15.1,1.7
2019-02-07,5.5,13.9,22.7,73,14,1
2019-02-08,2.2,12.8,23.5,71,14.4,1.2
2019-02-09,10.1,13.1,26.8,77,11.3,1.2
2019-02-10,5.8,12.6,23.7,88,12.6,1.9
2019-02-11,0,10.5,24.6,75,13.9,0.1
2019-02-12,10.9,15.3,25,83,13.9,1.2
2019-02-13,9.9,12.3,25.4,89,10.4,3.4
2019-02-14,0,15.6,21.8,76,15,1.3
2019-02-15,0,12.1,25.5,79,11.6,1
2019-02-16,9.6,12.7,24.8,81,11.2,2.8
2019-02-17,0,15.8,24.3,76,13.9,1.8
2019-02-18,1.9,9.6,25.6,74,12.9,2.6
2019-02-19,3,11.6,25.9,80,12.8,2.2
2019-02-20,5.8,12.8,24.2,85,11.3,0.9
2019-02-21,6.2,14.1,24.9,69,12,1.6
2019-02-22,0.3,14.2,22.8,76,13.6,2.4
2019-02-23,1.6,12.9,20.3,72,11.7,2.2
2019-02-24,2,14.1,21,78,16.1,2
2019-02-25,0,10.9,22.1,87,8.8,0.9
2019-02-26,4.9,13.6,24.5,73,11.7,0.6
2019-02-27,12.5,14.9,25.9,86,10.2,2.9
2019-02-28,19.5,12.9,21.7,86,12.1,1.6
2019-03-01,16.7,11.9,24.2,71,13.9,3.5
2019-03-02,6.5,12.7,24.8,88,11.4,3.2
2019-03-03,0,11.5,21.2,82,13.9,2.4
2019-03-04,10.9,13.3,23.2,78,11.4,2.3
2019-03-05,0,12.3,25,84,11.2,1.6
2019-03-06,5.4,11.5,19.4,85,11.7,1.2
2019-03-07,17.1,11.1,19.5,82,12.5,2
2019-03-08,3.1,11.5,22.3,81,10.7,2.6
2019-03-09,9.6,12.3,23.3,88,12.1,2.4
2019-03-10,1.2,12.9,25,75,9.5,1.7
2019-03-11,9.5,10.9,24,86,13,1.8
2019-03-12,10.9,9.9,24.2,80,10.3,2.6
2019-03-13,9.8,11,19.8,93,10.3,2
2019-03-14,9.6,13.1,23.4,82,11.9,1.7
2019-03-15,9.7,11.1,20.1,85,10.2,3.7
2019-03-16,11.5,13.5,22.3,82,12.3,2.8
2019-03-17,9.5,14.2,22.1,97,10,0.7
2019-03-18,8.4,11.9,22.6,83,10.9,2.5
2019-03-19,16.3,12.4,22.8,75,9,4.1
2019-03-20,8,13.6,21.7,69,12.8,0.9
2019-03-21,18.1,12,23.1,85,12.2,1.9
2019-03-22,4.2,12.3,19.4,76,9.7,2.6
2019-03-23,8.4,15,24.6,77,8.4,1.9
2019-03-24,12.3,9.8,20.5,75,11,2
2019-03-25,13.4,13,22.8,79,11.8,1.7
2019-03-26,12.3,12.3,21.8,86,12.6,2.9
2019-03-27,18.4,13.8,22,100,11,2.3
2019-03-28,12.1,14.1,24.4,86,8.4,2
2019-03-29,15,14.5,19.5,82,9.8,2.9
2019-03-30,0,11.1,21.7,68,12.4,1.8
2019-03-31,9.1,11.9,24.6,92,11.9,0.7
2019-04-01,17.8,10.6,19.7,87,10.5,2
2019-04-02,3.7,9.7,21.3,87,8.8,1
2019-04-03,18.1,13.2,21.8,81,12.6,2.9
2019-04-04,3.1,10.8,22.1,95,11.3,3
2019-04-05,11.3,11.6,23.3,86,9.4,2.1
2019-04-06,0,12.3,21,72,10.3,1.3
2019-04-07,9.6,11.8,21.7,88,12.3,4
2019-04-08,3.7,13.5,24.4,86,13,0.8
2019-04-09,9.3,14.7,18.9,88,12.1,2.3
2019-04-10,14.5,11.7,22.9,72,10.8,1.9
2019-04-11,15,13,23.5,86,11.6,3.6
2019-04-12,0,12.8,22.4,86,10.7,1.7
2019-04-13,2.7,13.5,23.1,81,10,2.1
2019-04-14,12.2,14.5,24.5,79,8.7,1.4
2019-04-15,2.6,12,23.8,85,10.6,1.1
2019-04-16,4.1,12.2,21.5,74,15,2.9
2019-04-17,14.4,14.1,24.7,84,7.7,2.1
2019-04-18,11.2,8.3,20.3,77,11.4,2.1
2019-04-19,20.3,11.4,20.4,85,11,2.1
2019-04-20,15.1,9.6,21.3,89,10.9,1.8
2019-04-21,6.7,11.5,22.1,86,12.3,3.5
2019-04-22,11.1,12.2,23.4,81,13.8,2.1
2019-04-23,3.7,11.8,22.1,69,9.7,2.4
2019-04-24,15.3,13.4,25.4,79,8.6,2.2
2019-04-25,5.4,11.4,24.9,93,9.7,2.9
2019-04-26,15.3,10.7,20.7,91,12.3,1.4
2019-04-27,5.3,12.3,20.6,92,10.5,2.2
2019-04-28,11.3,13.2,23.6,82,11.6,2.2
2019-04-29,0.5,13.6,23,91,14,2.5
2019-04-30,0,13.7,20.9,91,12.5,3.5
2019-05-01,10.2,11.3,23.2,79,13.9,1.3
2019-05-02,3.6,9.3,25.8,87,12.7,2.9
2019-05-03,13.8,12.7,22.8,83,9.8,1.3
2019-05-04,5.1,10.6,22.4,88,12,2.3
2019-05-05,13.2,11.5,21.1,73,10.1,3.6
2019-05-06,19.1,13.9,24.3,87,13.2,2.2
2019-05-07,10.2,13.5,23.8,83,13.2,2.9
2019-05-08,14.6,11.4,22.6,88,13.6,0.1
2019-05-09,8.9,13.3,26.9,75,9.5,2.8
2019-05-10,17.3,11.4,24.3,88,12.5,2.4
2019-05-11,14.5,11.9,24.9,94,11,1.8
2019-05-12,16.8,12.6,21.4,91,13,1.8
2019-05-13,11.7,13.1,22.2,74,11,0.1
2019-05-14,8.8,12.1,22.5,72,11.5,1.5
2019-05-15,14.7,13.2,24.4,82,12.8,1.3
2019-05-16,5.1,12.3,23.1,85,13.5,1.1
2019-05-17,13.6,14.6,23.5,83,14.9,2.5
2019-05-18,15.3,12.6,21.7,84,11.4,3.6
2019-05-19,2,11.7,25.3,85,11.2,1.6
2019-05-20,8.1,15.5,20.3,82,13,1.1
2019-05-21,11.9,14,23.4,83,11.9,1.2
2019-05-22,4.9,13.5,23.9,86,12.5,1.5
2019-05-23,11.3,12.6,23.9,75,10.2,1.2
2019-05-24,0,12.3,23.9,77,13.8,2.3
2019-05-25,5.6,12.8,25.3,69,12.4,3.7
2019-05-26,7.5,12.5,21.1,85,12.3,2.4
2019-05-27,0,14.4,22.9,76,12,1.3
2019-05-28,9.1,13.7,23.3,86,15.5,2.7
2019-05-29,14.5,14.7,23.8,80,11.7,1.7
2019-05-30,10.6,12.2,22.6,81,7.9,1.7
2019-05-31,12.8,12,22.1,88,14.5,2.9
2019-06-01,13.1,13.5,23,79,12.8,1.6
2019-06-02,10.5,13,25.4,87,13,0.9
2019-06-03,8.4,15.8,22.1,94,12.7,2.1
2019-06-04,10.3,13.1,24.4,92,12.7,2.5
2019-06-05,11.2,14.8,24.6,81,11.9,1
2019-06-06,11.6,14.1,22.7,80,16,3.1
2019-06-07,0,13.8,26.8,97,12.3,3.3
2019-06-08,5.8,13,22.7,86,13.7,1.6
2019-06-09,4.1,11.9,24.2,68,14.4,1.6
2019-06-10,9.8,17.3,24.4,88,15.5,3
2019-06-11,9.3,13.4,29.1,85,12.6,2.8
2019-06-12,14,15,26.7,74,13.1,3.7
2019-06-13,14,14.6,24.6,68,13.8,3.3
2019-06-14,17.2,11.9,26.1,89,16.1,2.5
2019-06-15,12.2,13.7,26.3,84,14,1.5
2019-06-16,14.1,12.1,24.1,83,14.4,1.2
2019-06-17,3.2,14.7,29.1,72,11.4,1.9
2019-06-18,17.4,12.8,27.9,89,13.8,2.6
2019-06-19,6.9,14.1,26.1,85,14.3,1.3
2019-06-20,0,13.6,27.2,80,17.1,4.1
2019-06-21,8.8,15,26.1,80,14.9,1.2
2019-06-22,8.1,15.1,25.2,84,13,3.2
2019-06-23,1.8,12.6,24.2,84,15.4,1.6
2019-06-24,10.5,15.2,23.3,90,15.9,1.3
2019-06-25,3.6,14.4,25.1,93,15.6,2.7
2019-06-26,8.3,14.4,25.7,81,14.9,1.8
2019-06-27,9.4,13,26.2,77,15.5,3.3
2019-06-28,10.5,15.4,27,84,13.5,1.6
2019-06-29,12.4,14.6,27.2,73,16.4,1.2
2019-06-30,1.8,16.1,24,73,15.5,2.7
2019-07-01,15.9,14.7,25.4,73,14.5,1.7
2019-07-02,6.6,15.8,24.8,84,17.1,0.1
2019-07-03,1,15.5,26.7,81,15.4,2.3
2019-07-04,12.2,13.6,25.8,88,17.8,2.9
2019-07-05,11.6,12.9,26.3,67,15.8,2.5
2019-07-06,6,15.1,23.8,74,17.4,2.8
2019-07-07,0,15.2,28.5,64,15.7,1.7
2019-07-08,12.6,15.3,24,77,17.8,2
2019-07-09,11.2,15.5,27.1,75,16.7,2.7
2019-07-10,1.1,16,27.5,75,13.1,1.9
2019-07-11,9.6,14.2,27.6,83,17.1,1.4
2019-07-12,6.6,13.6,27.7,74,18.7,1.3
2019-07-13,6.6,16.4,28.2,80,15.6,2.8
2019-07-14,12,13.9,27.8,80,15.1,1.9
2019-07-15,1.9,16.2,26.8,73,16,2.5
2019-07-16,8.6,15.5,28.3,73,15.2,2
2019-07-17,4.7,17.7,28.7,76,17.6,2.5
2019-07-18,8,16.1,29,65,15.4,3.5
2019-07-19,11.1,14.8,29.8,73,17.5,2.4
2019-07-20,6,15.2,28.7,68,15.2,1.4
2019-07-21,5.6,14,28.9,70,17.3,2.7
2019-07-22,0.1,13.9,28.4,70,18.6,2.6
2019-07-23,13.8,17.2,27.8,66,20,1.5
2019-07-24,10.9,15.1,26.7,71,16.7,2.3
2019-07-25,5.1,14.4,28.8,72,16.8,2.1
2019-07-26,7.5,14.4,27.3,78,17.2,2.4
2019-07-27,0,15.1,28.2,72,14.9,2.5
2019-07-28,0,15.8,27.4,72,17.7,2.4
2019-07-29,3.4,19.2,28.3,61,19.4,0.2
2019-07-30,3.6,14.6,28.9,69,16.6,3
2019-07-31,0,16,29.1,74,18.8,2.5
2019-08-01,1.1,13.6,31.9,81,21.6,2
2019-08-02,0,14.2,29.9,59,19.5,0.9
2019-08-03,14.8,17.3,32,60,19.5,2.6
2019-08-04,0,15.3,24.4,69,17.1,2.7
2019-08-05,1.5,17.2,23.4,74,16,2.7
2019-08-06,6,15.2,28.8,73,19.1,2.3
2019-08-07,7.5,16.6,29.9,74,18.8,1.3
2019-08-08,13.6,16.1,29.5,75,20.2,1.3
2019-08-09,0,13.4,26.4,83,19.1,1.6
2019-08-10,0.9,18,29.6,60,20.8,1.7
2019-08-11,0,16.6,29.6,73,18,3.8
2019-08-12,0,18.4,27.3,57,19.7,2.5
2019-08-13,0,16,29.5,75,19.1,2.4
2019-08-14,3.4,16.4,29.8,67,19.6,0.4
2019-08-15,7,17.5,28.8,68,18.9,2
2019-08-16,0,15.3,28.1,73,18.7,1.2
2019-08-17,5.3,18.9,29,80,17.8,2
2019-08-18,0,16,32.3,69,19.3,3.5
2019-08-19,0,16.9,30.7,66,18.7,3.5
2019-08-20,0.9,14.4,30.5,66,19.8,2.4
2019-08-21,0,19.1,26.3,71,20.9,1.8
2019-08-22,0,16.2,29.9,72,21.9,3.5
2019-08-23,1.4,16.6,30.5,77,18.5,0.6
2019-08-24,0.2,14.4,31.4,75,18,3.1
2019-08-25,0,15.9,31.9,72,20.3,2.3
2019-08-26,3.8,15.5,29.7,67,21.4,3.3
2019-08-27,0,16.2,29.1,64,17.9,0.5
2019-08-28,0,17.2,30.4,70,18.8,2.4
2019-08-29,5.6,17.4,30.5,70,21.7,1.6
2019-08-30,9.1,15.8,32.2,70,20.1,3.3
2019-08-31,0,17.7,31.4,72,20.4,2.3
2019-09-01,8.1,17.8,31.7,55,19,3.1
2019-09-02,5.7,16.7,31,68,21.5,2.6
2019-09-03,0,17.7,30.8,65,19.6,3
2019-09-04,6.3,17.1,35.8,59,21.5,1.5
2019-09-05,0.1,16.4,33.6,54,21.7,0.3
2019-09-06,3,17.4,30,67,20.4,2.3
2019-09-07,5.8,15.4,29.4,56,20.8,2.6
2019-09-08,0,16.9,29.2,70,20.4,2.4
2019-09-09,0,16.2,30.7,69,21.5,1.4
2019-09-10,0.8,18,32.3,64,19.5,2.3
2019-09-11,3.2,16.8,30.2,74,21.7,2.4
2019-09-12,5.2,17.5,30.4,67,20.9,1.5
2019-09-13,1.1,18.6,30.3,52,20.8,1.7
2019-09-14,6.3,16.7,33.5,63,19.4,1.2
2019-09-15,0,18.3,29.5,66,20.6,3.1
2019-09-16,0,16.9,30.2,72,18.1,2.6
2019-09-17,0,17.2,30.2,73,22.5,2.9
2019-09-18,0,18,31,69,23.5,3.7
2019-09-19,2.8,17.6,29.9,66,23.1,1.3
2019-09-20,1.3,20.4,32,65,18.8,2
2019-09-21,4.7,17.7,29.2,64,21.4,0.8
2019-09-22,4.2,19.3,32,83,23.5,3.3
2019-09-23,1.9,18.1,33.4,68,22.1,2.6
2019-09-24,0,17.8,32.4,77,23,1.8
2019-09-25,0,17.1,31.5,62,20.1,4.9
2019-09-26,5.9,17.4,32.7,50,22.7,1.4
2019-09-27,6.7,17,31.4,73,21.6,2.2
2019-09-28,5.9,17.1,29.8,62,20.2,2.9
2019-09-29,0,17.1,32.7,74,20.6,0.7
2019-09-30,0,15.6,29.7,66,21,2.1
2019-10-01,0,18.3,30.9,64,22.6,2.5
2019-10-02,0,18.4,33.2,62,22.3,2.9
2019-10-03,7.9,18.6,32,65,19.7,2.6
2019-10-04,0,18.8,29.3,60,19.6,3.5
2019-10-05,0,19.8,31.1,67,22.1,1.5
2019-10-06,4.3,17,31.4,68,22.1,1.8
2019-10-07,0,16.4,32.1,54,22,2
2019-10-08,0,18.8,31.1,61,21.5,2.2
2019-10-09,6.8,18.1,29.8,73,23,1
2019-10-10,5.2,19.4,33.3,67,18.7,2.1
2019-10-11,0.3,17.3,27.9,54,19.7,2.3
2019-10-12,0,17.2,33.3,60,20.7,2.3
2019-10-13,0,18,30.8,59,20.2,1
2019-10-14,2.4,18.4,32.1,48,23.3,1.7
2019-10-15,0,19,30.3,63,20,1.7
2019-10-16,0,19.4,31.2,73,21.9,4.1
2019-10-17,0,18.1,30.3,67,22.3,1.9
2019-10-18,0.7,19.6,33.1,61,19.3,2.9
2019-10-19,0,16.3,33.3,67,18.4,2.3
2019-10-20,0,16.2,30.7,60,19.4,3.6
2019-10-21,0,17.5,35.8,66,23,3.1
2019-10-22,0.1,16.9,30.4,68,20.2,2.8
2019-10-23,0,18.8,32.3,77,20.7,1.6
2019-10-24,0,16.8,33.1,73,18.1,2
2019-10-25,1.6,18.4,34.8,61,22,2.6
2019-10-26,2.8,17.4,34.7,59,21,2.2
2019-10-27,0,16.3,31.6,54,19.9,0.9
2019-10-28,0,16.5,31.9,70,19.2,2.7
2019-10-29,13.1,20.9,33.2,54,19.9,1.3
2019-10-30,0,18,33.9,64,20.5,2.8
2019-10-31,7.9,17,29.9,63,23.3,3.2
2019-11-01,0,17.9,31,70,20,1.6
2019-11-02,3.9,18.8,30.1,62,20,1
2019-11-03,0,18.4,32.6,71,22.1,3
2019-11-04,7.1,17,34.2,69,18.6,0.9
2019-11-05,0,16.8,33,72,22.1,2
2019-11-06,2,18.8,31.5,70,18.8,2.7
2019-11-07,0,18,31.5,67,20.3,1.8
2019-11-08,0,15.2,30.6,56,16.9,1.7
2019-11-09,5.5,17.9,29.2,62,20.4,3.5
2019-11-10,0,19.2,30.9,71,19,3.6
2019-11-11,0,16,28,62,18.1,1.5
2019-11-12,0,18.1,32.3,66,20.5,3.4
2019-11-13,0,15.3,33.7,63,17.6,3.2
2019-11-14,4.1,17.2,29.8,64,18.5,2.5
2019-11-15,0,15,33.3,66,18.9,3.2
2019-11-16,3.7,17,32.4,63,22.8,3.1
2019-11-17,0,17.7,34.1,67,18.5,1.8
2019-11-18,5,16.5,33.8,56,22,3.3
2019-11-19,0,17,29.8,66,21.3,2.7
2019-11-20,0,17.3,29.4,75,20.8,1.6
2019-11-21,4.4,18.2,28.9,54,19.1,1.4
2019-11-22,0,14.9,32.7,73,21.2,1.5
2019-11-23,2.7,14,31.6,66,19.8,2.1
2019-11-24,0,16.3,30.9,65,14,3.2
2019-11-25,0,17.7,32.7,71,21.9,1.4
2019-11-26,0,17.7,31.4,72,17.4,3.3
2019-11-27,0,16,28.6,70,18.8,0.2
2019-11-28,0,18.6,32.1,56,17.4,1.8
2019-11-29,0,17.9,30.9,59,18.8,1.7
2019-11-30,8.8,18.7,31.3,70,17,2.5
2019-12-01,3.8,15.8,30.6,61,17.7,2.2
2019-12-02,0,17.1,27.3,67,18,2.5
2019-12-03,3,16,31.9,67,17,1.2
2019-12-04,0,14.2,29.8,67,19.1,1.9
2019-12-05,6.2,18.8,30.4,64,17.4,3.1
2019-12-06,0,14,30.2,59,16.5,1.9
2019-12-07,6.1,18.6,28.3,65,18,2.1
2019-12-08,0,19.5,30.2,76,19,0.9
2019-12-09,0.3,18.3,28.7,75,18,2.1
2019-12-10,0,19.7,29.6,70,18.1,0.1
2019-12-11,0,17,30.1,70,15.8,1.9
2019-12-12,0.1,14.3,30.5,70,19.4,1.8
2019-12-13,0,16.3,31.9,87,17.1,1.9
2019-12-14,12.4,17.7,27.5,62,16.9,3.3
2019-12-15,0,14.2,29.5,76,14.7,1.8
2019-12-16,0,15.3,27.8,69,17.7,2.5
2019-12-17,5.8,13.7,31.2,68,16.4,1
2019-12-18,0,16.1,26.1,63,17.1,3
2019-12-19,1.4,16,29.9,73,19.6,1.7
2019-12-20,0,15.3,28.3,78,17.1,1.6
2019-12-21,0.7,14.9,28.9,73,15.9,2.3
2019-12-22,0.5,15.1,32.5,69,17.7,1.9
2019-12-23,0,13.5,30.2,68,16.5,2.7
2019-12-24,0,16,26.4,64,16.4,2.6
2019-12-25,1.4,17.4,26.7,59,17.8,3.4
2019-12-26,0,15.2,26,66,18.5,1.3
2019-12-27,9.3,15,27.7,66,15,2.2
2019-12-28,6.4,13.9,24.9,70,14.7,3
2019-12-29,9,13.5,25.2,66,18.7,1.7
2019-12-30,12.3,18.1,29.2,74,15.1,1.1
2019-12-31,3.7,14.1,27,74,16.9,3.1
2020-01-01,0,14.7,27.6,59,16.4,2.6
2020-01-02,2.8,11.8,27.9,65,18.8,1.6
2020-01-03,0,17,24.8,77,16.2,3.1
2020-01-04,0,14.3,28,74,15.2,1
2020-01-05,3.2,14.5,26.4,67,15.5,1.6
2020-01-06,0,14.5,26.7,79,17.7,1.2
2020-01-07,17.4,16.4,26.5,80,15.2,2.1
2020-01-08,2.2,15.7,26.7,64,18.3,0.1
2020-01-09,0,14.9,26.1,74,14.8,1
2020-01-10,0,13.8,26,71,17.9,1.7
2020-01-11,4.3,15.4,29.6,84,12.8,3.9
2020-01-12,0,15.6,27.5,67,15.9,3.6
2020-01-13,2.4,14.4,26.1,66,14.5,2.9
2020-01-14,0,16.4,26.2,74,14.7,3.4
2020-01-15,6.3,12.7,28.2,84,13.3,2.1
2020-01-16,0,11.7,25.4,82,14.6,3.4
2020-01-17,12,13.6,28.2,75,12.6,2.2
2020-01-18,5.9,16.8,24.4,86,15.4,2.6
2020-01-19,0.5,13.1,25.4,78,18.9,2.4
2020-01-20,17.3,13.4,25,76,14.2,2.9
2020-01-21,0,15.2,27.3,83,12.7,2.4
2020-01-22,3.7,14.4,25,80,12.9,1.4
2020-01-23,0,12.7,26.4,62,12.7,3.5
2020-01-24,11.1,16.1,26.7,71,13,3.4
2020-01-25,11.9,16.8,26.3,83,15,1.2
2020-01-26,0,12.8,26.4,79,13.2,4.1
2020-01-27,1.3,15.2,24.1,79,17.3,0.6
2020-01-28,11.7,14.3,22.7,74,14.8,2.7
2020-01-29,0,14.3,25.9,76,13.1,2.6
2020-01-30,6.2,12.2,22.5,67,15,1.5
2020-01-31,10.4,16.3,24.4,80,13.9,1.6
2020-02-01,0,12.5,25,74,11.3,4.7
2020-02-02,7.7,14.4,22.6,76,11.6,2.8
2020-02-03,6.6,8.6,22.7,70,15.2,1.4
2020-02-04,14,13.2,24.6,80,13.9,2.5
2020-02-05,0,16.5,26.2,78,9.8,1.4
2020-02-06,13.3,15,22.8,83,14.5,0.9
2020-02-07,5.1,10,23.9,86,12.9,0.6
2020-02-08,9.5,12.1,25.8,76,12.3,3.2
2020-02-09,14.3,14.9,22.9,75,13.4,1.9
2020-02-10,5,13.4,23.4,75,12.6,1.6
2020-02-11,7.1,12.1,22,80,11.8,4.6
2020-02-12,5.5,12.2,22.8,81,10.8,2.7
2020-02-13,9.4,13.2,28,75,14.9,1.8
2020-02-14,5.4,11.9,21.7,92,11.6,2.3
2020-02-15,10.9,10.6,24.2,71,13.9,2
2020-02-16,11.3,13.2,23,88,12.6,2.1
2020-02-17,4.9,13.1,24.9,84,11.7,3.2
2020-02-18,0,13.3,24.2,76,10.4,2.3
2020-02-19,7.6,12.2,24.2,80,12.8,2.6
2020-02-20,16,12.5,23.8,86,11,1.3
2020-02-21,11.6,15,22.9,70,13.1,2.6
2020-02-22,9.1,12.1,24.5,85,11.7,1.7
2020-02-23,0,11,20.6,92,12.9,2.2
2020-02-24,10.3,13.6,26,69,11,1
2020-02-25,10.1,10.4,25.6,69,12.8,1.7
2020-02-26,11,14.5,25.4,77,10.1,1.8
2020-02-27,13.8,13.4,20.5,83,12.2,1.4
2020-02-28,10.5,10.8,25,86,13.3,3.2
2020-02-29,0,11.8,20.1,77,10.5,1.8
2020-03-01,2.1,11.3,22.3,84,11.5,1.7
2020-03-02,2.9,14.8,21.7,95,12.2,1.8
2020-03-03,10.3,10.6,22.6,78,12,1.3
2020-03-04,12.3,14.5,22.1,78,10.9,2.9
2020-03-05,0,12.5,23.7,86,10,2
2020-03-06,14.4,12.2,25.8,84,11.3,3.2
2020-03-07,2.2,13.6,19,84,11.3,2
2020-03-08,13.2,13.6,24.8,82,9.7,1.9
2020-03-09,5.6,13.2,23.8,75,10.5,1.9
2020-03-10,0,13.6,24,89,12.3,2.5
2020-03-11,8.5,12.5,25.1,75,9.2,2.8
2020-03-12,7,11.8,22.8,90,11.2,1.3
2020-03-13,6.5,14.1,22.8,87,9.8,2.5
2020-03-14,10.6,10.3,23,80,11.4,1.3
2020-03-15,14,13.4,23.7,80,8.8,3.4
2020-03-16,14.7,15.3,21.1,80,12.1,2.3
2020-03-17,11.4,10.8,22.9,86,10.9,2.3
2020-03-18,0,11.2,22.8,80,11.2,3.4
2020-03-19,10.4,12.2,23.1,92,12.4,2.4
2020-03-20,20.9,14.3,19.4,78,14.2,2
2020-03-21,11,10.7,23.1,73,12.1,2.4
2020-03-22,15.5,11.8,20.9,78,11.5,0.2
2020-03-23,13.6,12.1,20.7,77,13.2,2.3
2020-03-24,7.1,13.4,26.9,71,11.7,1.4
2020-03-25,12.7,14.2,22.1,75,13.3,3.4
2020-03-26,8.6,13.2,19.7,76,9.9,2.1
2020-03-27,10.3,11,22.4,83,11.3,2.3
2020-03-28,0,14,22.6,80,11.4,2
2020-03-29,9.4,14.7,22.7,88,8.3,1.1
2020-03-30,6.6,12.4,20.5,89,10.8,3.4
2020-03-31,8,8.8,21,79,12,2
2020-04-01,14,9,20.3,83,9.6,0.9
2020-04-02,13.6,12.5,27,79,8.8,0.9
2020-04-03,12.8,15.6,20.8,88,9.5,1.1
2020-04-04,15.4,11.1,22.3,81,11.8,1.8
2020-04-05,13.6,11.2,20.6,74,12.1,2.6
2020-04-06,11.5,10.4,22.6,91,11,2
2020-04-07,4.8,14.9,22.8,73,13,1.6
2020-04-08,12.2,11.2,21.1,86,12.2,1.9
2020-04-09,16.5,10.7,22.2,81,10.3,2.7
2020-04-10,9.3,14.1,21.9,79,12.1,2.3
2020-04-11,5,12.7,23.5,93,13.7,2.4
2020-04-12,11.6,15.4,24.3,80,9.8,2.4
2020-04-13,1.6,11.3,22.8,86,12.3,2.2
2020-04-14,11.5,11.5,20.7,80,11.6,2.2
2020-04-15,1.7,11.7,21.8,86,11.4,1
2020-04-16,10.7,13.8,20,88,11.6,2.6
2020-04-17,18.3,11.7,23.9,78,12,3.7
2020-04-18,16.6,13.4,20.4,80,10.4,1.5
2020-04-19,17,11.9,21.7,77,10.5,3.3
2020-04-20,13.4,13.7,23,80,11.7,0.7
2020-04-21,20.6,12,24,94,11.3,1.9
2020-04-22,21,13.9,21.2,68,12,2.4
2020-04-23,19.6,13.1,20.1,79,9.1,2.2
2020-04-24,12.2,11.3,26.2,82,12.2,2.2
2020-04-25,15,8.9,21.4,87,10.6,2.3
2020-04-26,21.2,12.9,22.3,73,9.6,1.3
2020-04-27,3.9,10.7,24.1,84,9.5,2.1
2020-04-28,6.6,12.2,22.7,86,10.8,2.2
2020-04-29,9.3,11.7,23.5,90,12,2.9
2020-04-30,7.9,12.4,21.1,88,8.8,3.5
2020-05-01,8.4,11.5,26.2,80,11,2.4
2020-05-02,9.6,11.9,22.3,88,10.9,1.2
2020-05-03,16,11.2,24.6,94,10.5,2.9
2020-05-04,11.5,13.9,20.3,89,11.8,0.5
2020-05-05,6.2,12.9,24.8,80,11.2,2.4
2020-05-06,16,12.5,22,92,8.9,2.4
2020-05-07,8.2,13.6,22.5,91,8.7,2.1
2020-05-08,7.5,12.3,24.9,77,13.6,3.2
2020-05-09,11.7,12.4,21.2,89,10.4,0.9
2020-05-10,14.3,14,21.1,83,10.5,1.6
2020-05-11,13,12.7,22.6,77,12.9,2.9
2020-05-12,14.4,12.4,23.1,84,13.1,2.1
2020-05-13,14.1,10.7,23.8,84,12.5,2.7
2020-05-14,0,12.4,22.6,84,12.3,3.2
2020-05-15,9.8,10.8,21.1,77,9.3,1.4
2020-05-16,17.8,13.8,19.6,82,10.7,1.8
2020-05-17,20.5,12.6,20.8,77,10.2,3.5
2020-05-18,12.2,12.7,21.9,86,14.7,2.5
2020-05-19,1.1,14.1,22.4,89,12.3,1.8
2020-05-20,9.5,14.7,24.7,77,13.1,2.6
2020-05-21,5.8,13.2,26.7,83,13.8,2.4
2020-05-22,6,15.1,23.4,96,12.5,3.2
2020-05-23,0,12.6,23.4,74,14,2.3
2020-05-24,16.9,12.8,20.9,86,11.9,3.1
2020-05-25,0.4,12.5,23.7,90,13.2,3
2020-05-26,7.7,13.7,24.6,74,12.4,1.6
2020-05-27,1.6,12.9,23.7,77,10.3,2.6
2020-05-28,10.9,13.5,24.9,82,12.2,1.4
2020-05-29,6.8,14.4,26.1,78,14.7,0.2
2020-05-30,12,13.4,22.9,73,13.5,2.3
2020-05-31,0,12.5,24.7,85,14.8,1.2
2020-06-01,0,14.3,22.4,83,12.6,2.2
2020-06-02,10.6,14.1,24.2,85,13.7,2.8
2020-06-03,4.2,12.7,24,88,12,3.6
2020-06-04,16.3,11.9,21.4,79,14.2,3.2
2020-06-05,9.5,12,24.2,73,15.8,3.3
2020-06-06,14.4,12.8,26.9,78,13.7,1.8
2020-06-07,13,14.3,24.5,85,13.5,2.2
2020-06-08,7.7,12.9,24.3,81,15.9,1
2020-06-09,9.2,14.7,23.6,77,15.6,2.2
2020-06-10,11.8,13,26.1,82,15.5,2.3
2020-06-11,3.4,14.1,22.5,89,11.9,2.6
2020-06-12,10.8,11.6,27.4,72,14,1.8
2020-06-13,6.6,13,25.1,82,14.4,2
2020-06-14,11.4,16.4,25.8,79,13.3,1.2
2020-06-15,12.2,15,27.3,76,16.6,3.4
2020-06-16,7,13.4,26.6,75,16.5,2.7
2020-06-17,9.9,13.4,26,90,14.3,1.6
2020-06-18,12.5,12.7,21.6,73,13.8,3.2
2020-06-19,6.7,14.7,26.9,81,18.6,2.4
2020-06-20,10.2,11.8,25.9,79,16.8,2.4
2020-06-21,1.7,14.1,25.7,77,14.2,2
2020-06-22,7.7,13.8,27.2,91,16.6,2.6
2020-06-23,0,13.7,27.3,78,12.8,3.1
2020-06-24,3.5,15.4,22.2,73,14.1,1.6
2020-06-25,10,16.7,26.2,78,16.1,2.1
2020-06-26,9.6,14.3,26.2,81,14.8,3.4
2020-06-27,5.2,13.4,27.5,74,12.1,2.9
2020-06-28,8.2,15.5,24.8,82,14.2,1.7
2020-06-29,3.4,13.9,27.1,78,17.8,1.4
2020-06-30,0,14.6,23.9,88,18.3,0.4
2020-07-01,16,14.4,27,79,13.5,2.1
2020-07-02,5.1,16.4,27.8,89,13.6,2.4
2020-07-03,21.9,13.2,26.1,82,16.8,2.6
2020-07-04,10.9,13.9,24.6,82,16.8,2.6
2020-07-05,8.6,16.3,25.1,73,18,2.2
2020-07-06,6.1,15.4,24.7,67,16.7,0.6
2020-07-07,0,14.5,24.5,73,17.8,2
2020-07-08,0,16.1,27.4,69,15.6,1.1
2020-07-09,0,15.7,24.4,75,15.1,2
2020-07-10,10.8,14.2,25.9,76,16.5,2.1
2020-07-11,1.7,15.7,26.1,74,21.1,1.8
2020-07-12,8.3,13.5,23.9,80,16.5,3.4
2020-07-13,5,14.7,28.2,75,16.6,1.4
2020-07-14,16,13.6,29.7,77,17.4,2
2020-07-15,0.5,14.7,25.9,66,18.7,2.7
2020-07-16,11.9,15.1,25.4,70,19.5,1.8
2020-07-17,5.2,14.5,26.5,85,17.4,2.6
2020-07-18,6.3,14,25.7,66,16,2.1
2020-07-19,0,13.9,28.1,70,18,2.4
2020-07-20,4.3,13.8,27.5,73,19.8,2.6
2020-07-21,0,16.6,27.2,70,17.3,2.6
2020-07-22,0,18.2,29.4,70,19.3,1.9
2020-07-23,9.2,17.2,29.5,78,17.5,2.1
2020-07-24,0.2,14.3,26.4,76,20.2,4.7
2020-07-25,6.5,14.8,28.6,68,18.7,1.7
2020-07-26,13.4,16.6,24.6,59,17.5,1.1
2020-07-27,3.4,14.2,27.4,73,16.5,1.6
2020-07-28,7.1,15.3,27,71,21,3.1
2020-07-29,16.1,19.4,27.3,75,16.6,1.1
2020-07-30,7.7,16.5,30.4,70,20.3,2.8
2020-07-31,16.9,18.5,28.8,72,20.2,2.3
2020-08-01,0.7,17,31.1,69,19.4,1.9
2020-08-02,11.8,13.7,31.3,73,17.6,0.8
2020-08-03,0,17.3,28.2,69,18.7,1.9
2020-08-04,0,17.3,30.4,71,17.8,1
2020-08-05,4.4,15.5,31.4,70,18.1,1.8
2020-08-06,7,17.7,33.4,74,19.9,2.8
2020-08-07,4.5,17.3,29.6,72,20.3,1.3
2020-08-08,0,13.8,29.4,75,20.1,3.7
2020-08-09,1.3,15.8,26.3,68,19,2.6
2020-08-10,3.5,15.4,34.3,80,19.7,1.8
2020-08-11,9.8,17.9,31.8,63,20.5,2
2020-08-12,7.4,17.7,27.7,74,19.5,1.6
2020-08-13,5.5,17.8,31.3,73,16.1,1.6
2020-08-14,3,16.4,27.4,65,19.1,2.6
2020-08-15,0.4,16.8,30.9,70,19.6,2.5
2020-08-16,13.8,17.3,32.4,71,18.7,2.1
2020-08-17,8.8,15.4,30.1,73,21.4,3.4
2020-08-18,5.3,19,29.1,68,21.5,2.3
2020-08-19,0,19.2,30.5,70,18.4,2.5
2020-08-20,0,16.4,29.1,70,18.2,1.4
2020-08-21,0,17.4,30.5,70,19.8,2.2
2020-08-22,7.4,17.2,31.1,58,20.6,1.2
2020-08-23,1.9,17.3,30,74,19.6,2.7
2020-08-24,0,16.4,29.6,67,20.7,2.4
2020-08-25,0,18.5,31,65,17,0.9
2020-08-26,6.1,17,29.4,62,20.8,2.1
2020-08-27,0,16.7,32,68,18.8,1.9
2020-08-28,10,16.9,32.5,66,17.4,2.2
2020-08-29,0,13.8,31.2,69,17.4,2.5
2020-08-30,0,17.4,30.4,55,19.2,2.3
2020-08-31,0,18.1,30.5,76,18.7,2.7
2020-09-01,0,14.9,30.4,65,21.8,2.2
2020-09-02,0,17.5,27.3,71,22.4,3.2
2020-09-03,0,18.4,32.8,65,19.2,1.5
2020-09-04,0.6,18,29.6,66,19.5,1.6
2020-09-05,0.5,19.5,31.3,63,19,2.8
2020-09-06,0,16.8,30,63,21.7,3.6
2020-09-07,0,18.7,31,74,23.4,1.2
2020-09-08,8.9,14.7,30.9,71,21.7,1.5
2020-09-09,0,17.4,31.2,55,19.5,1.4
2020-09-10,6.1,16.2,30.4,63,24,2.2
2020-09-11,0,18.1,31.1,72,19.9,2.3
2020-09-12,0,16.6,32.9,67,21.9,1.7
2020-09-13,8.6,18.7,32.1,73,20.1,1.3
2020-09-14,4.5,14.1,30.6,65,22,2
2020-09-15,0,17.2,33.3,66,20.2,1.5
2020-09-16,0.9,16,30.5,66,20.1,2.3
2020-09-17,7.6,18.2,30.5,62,21.4,1.8
2020-09-18,9.2,15.3,30.6,61,22.9,2.6
2020-09-19,0,16.2,32.9,66,18.4,2.4
2020-09-20,0,15.7,32,62,22.1,1.4
2020-09-21,0,19.5,31.2,65,21.3,2.3
2020-09-22,6.4,19.9,29,67,18.8,2
2020-09-23,3.1,16,34,80,21.7,2.9
2020-09-24,4.9,19.1,31.2,56,20.3,4.1
2020-09-25,12,19.9,29.4,66,20.1,1.4
2020-09-26,8.5,19.2,31.3,68,22.2,2.3
2020-09-27,1.3,18.9,31.8,65,21.8,1.4
2020-09-28,0,18.2,32.9,71,20.3,3
2020-09-29,0.9,20.6,32.9,64,18.6,1.3
2020-09-30,0,18.2,30.6,63,20.7,1.6
2020-10-01,0,19.4,29.8,71,19,1.5
2020-10-02,0,18.1,33.9,55,20.8,1.4
2020-10-03,3.4,16.9,35.9,64,19.6,1.7
2020-10-04,0,17.4,31.1,67,21.4,1.2
2020-10-05,2.1,17.9,32.1,68,20.8,2.1
2020-10-06,4.2,14.6,36.1,60,23.2,0.9
2020-10-07,0,15.8,31.1,71,19.8,3.4
2020-10-08,3.7,17.6,31.6,74,18.4,2.5
2020-10-09,7.5,15.5,32.2,69,19.9,1.2
2020-10-10,10.6,16.9,31.9,61,22.7,2.8
2020-10-11,4.9,15.6,29.6,68,19.8,1.4
2020-10-12,0,18.4,33.1,63,21.8,2
2020-10-13,2.4,17.8,31.6,68,20.9,2.2
2020-10-14,1.8,17.5,34,66,20.7,2.9
2020-10-15,2.8,16.2,32.6,67,22.1,2.7
2020-10-16,10.2,18.2,28.9,63,21,2.5
2020-10-17,0,18.5,29.7,60,19.8,2.2
2020-10-18,0,20.4,30.6,73,21.4,1.5
2020-10-19,1.7,17.9,29.9,62,21.1,1.4
2020-10-20,0,18.2,30.2,65,21.5,3.5
2020-10-21,10,19.7,30.7,71,23.3,1.7
2020-10-22,1.1,15.8,35.6,63,20.8,1.6
2020-10-23,0,16,31.7,65,22.4,1.6
2020-10-24,0,18,31.5,71,21,1.8
2020-10-25,0,19.8,29.1,58,20.7,1.7
2020-10-26,0,15.7,30.4,73,20.7,2.1
2020-10-27,0,17.7,31.2,60,22,2.7
2020-10-28,0,17,33.6,61,18.2,2.9
2020-10-29,0,19.3,33.1,69,19.1,1.4
2020-10-30,0,16.9,32.6,66,21,2.9
2020-10-31,3.4,18.5,29.6,59,21.9,2.4
2020-11-01,0.7,16.9,31.1,69,19.8,2.6
2020-11-02,0,17.6,30.6,62,22.3,2.5
2020-11-03,0,18.9,27.8,69,18.8,1.9
2020-11-04,0,17.9,31.5,58,20.7,3.1
2020-11-05,6.1,17,33.2,68,20,2.3
2020-11-06,0,15.8,31.3,60,20.2,2.1
2020-11-07,3.8,18.2,32,75,16.7,1.4
2020-11-08,7.7,17.1,30.3,59,20.2,1.7
2020-11-09,0,14.8,32.4,71,20.8,2.8
2020-11-10,0,18.2,30.9,66,21.2,2.1
2020-11-11,0,16.6,33.3,70,21.3,3.1
2020-11-12,0,18,29.2,67,18.5,1
2020-11-13,0.2,16.7,30.2,60,20.6,2.9
2020-11-14,0,17.5,32.4,55,18.4,2.2
2020-11-15,5.6,20,32.6,63,19.7,1
2020-11-16,0,19.7,29.7,67,21.2,1.7
2020-11-17,0,14.8,30.2,64,20.1,1.5
2020-11-18,0,17.3,30.3,63,20.6,2.4
2020-11-19,0,19.6,28.8,77,20.7,2.6
2020-11-20,0,15.1,28.7,63,20.1,2.3
2020-11-21,3.5,16.3,31.1,62,19.7,2.3
2020-11-22,10.3,18.4,29.6,64,22.1,1.7
2020-11-23,0,16.3,32.6,54,19.7,2.1
2020-11-24,1,17.2,31.8,68,17,2
2020-11-25,0,16.5,32.7,53,19.6,1.5
2020-11-26,3.1,14.9,32.1,60,22,2.1
2020-11-27,0,16,30.8,72,20.8,2.4
2020-11-28,0,16.1,29.4,68,18.4,2.3
2020-11-29,0,18.9,30.6,64,19.3,1.9
2020-11-30,0,15.5,30.6,78,17.1,2.9
2020-12-01,0,17.7,30.9,60,18.3,1.9
2020-12-02,4.3,16,28.6,63,16.4,3.1
2020-12-03,0,16.4,29.1,65,18.8,1.4
2020-12-04,4.7,17.4,28.3,59,19.4,2.5
2020-12-05,0,15.2,31.5,66,18.8,1.4
2020-12-06,7.7,16.1,28.7,65,17.8,3.1
2020-12-07,0,17.9,31.5,78,17.4,2.1
2020-12-08,3.2,17.2,30.8,69,19.1,2.2
2020-12-09,0,15.1,28.3,70,18.3,4
2020-12-10,7.4,18.5,30.8,67,16,2.7
2020-12-11,8.2,15.5,31.7,65,17.1,2.8
2020-12-12,5.2,14.6,28.6,78,17.7,2.7
2020-12-13,0.1,16.7,30.4,74,16.8,3.1
2020-12-14,0,16.4,32,67,19.3,1.8
2020-12-15,6.1,16.2,29.1,74,18,2.4
2020-12-16,0,18,28.9,72,16.6,1.5
2020-12-17,0,15.4,27.2,67,17.1,1.5
2020-12-18,0.2,16.7,28.8,75,18.8,2.3
2020-12-19,0,17.5,28,73,18.6,1.8
2020-12-20,1,15,27.6,58,17.5,3.2
2020-12-21,0,17.4,28.9,69,19.5,1.4
2020-12-22,0,16.3,28.7,62,13.2,1.4
2020-12-23,0,13.3,27.6,53,20.3,1
2020-12-24,9,14.6,26.7,69,16,3
2020-12-25,0,14.7,31.4,70,15.8,1.6
2020-12-26,0.6,13.3,27,71,19.1,2.1
2020-12-27,5.4,12.9,26.8,74,14.7,3
2020-12-28,0,13.7,27.5,65,15.2,3.5
2020-12-29,6.2,13.4,26.4,68,15.1,1.7
2020-12-30,0,14,24.9,63,17.4,2.3
2020-12-31,0,13.2,28.6,62,15.2,0.7
2021-01-01,3.7,17.6,24.4,63,15.4,1.2
2021-01-02,10.6,13.1,24.9,69,13.5,3.6
2021-01-03,0,14.5,27.1,78,15.6,2.3
2021-01-04,0,14.5,23.5,70,16.9,2.9
2021-01-05,0,16.3,26.9,71,13.8,1.6
2021-01-06,7.2,16.7,25,67,16.5,2.1
2021-01-07,6.6,15.9,29.5,63,14.1,2.9
2021-01-08,9.2,14.7,25.3,64,13.7,2.3
2021-01-09,11.5,14.1,27.1,80,12.8,1.9
2021-01-10,12.6,14.2,28.6,63,14.9,3
2021-01-11,2.9,14.5,28.8,82,13.1,0.9
2021-01-12,0,16.5,24.7,81,14.2,2.4
2021-01-13,0,14,25.5,78,15.5,2.8
2021-01-14,2.7,14.9,25.3,72,15.4,2.1
2021-01-15,1.3,14.5,24,62,12.5,1.9
2021-01-16,0.2,14.4,28.2,80,12.2,2.3
2021-01-17,7.6,14.4,23,66,14,0.7
2021-01-18,1.2,13,30.8,74,15.4,2.7
2021-01-19,3.3,13.4,24.2,70,16.7,1.4
2021-01-20,4,15.2,23.5,78,14.3,2.9
2021-01-21,2.6,10.6,26.6,65,16.3,3.2
2021-01-22,1.4,13.2,23,76,14.8,1.4
2021-01-23,0.4,14.9,26,72,15.1,0.6
2021-01-24,4.3,12.7,28.2,81,15.9,2.4
2021-01-25,0,14.6,26,77,16.9,1.6
2021-01-26,7.1,13.2,23.1,78,14.4,2.3
2021-01-27,1.5,15.9,24.3,57,14.7,1.6
2021-01-28,6.8,14.7,25.9,82,14.9,1.7
2021-01-29,0,12.3,21.4,81,13.1,3.1
2021-01-30,3.5,14.6,28.2,72,15.9,2.9
2021-01-31,4.9,13.9,26.1,81,13.3,1.3
2021-02-01,12.5,13.8,27.5,71,11.7,2.2
2021-02-02,11,10.8,21.6,73,14.1,1.5
2021-02-03,0,13.6,20.8,76,13.3,2
2021-02-04,4.5,11.7,26,86,13.7,1
2021-02-05,0,12.6,26.1,81,18.8,2
2021-02-06,15.2,14.5,22.5,66,12,3
2021-02-07,13.2,12.2,24.3,70,11.4,0.8
2021-02-08,3.9,15.8,25.1,78,15.4,2
2021-02-09,12.8,11.1,24.3,79,11.2,1.7
2021-02-10,8.9,13.1,25.6,76,14.1,1.4
2021-02-11,11.4,13.2,21.3,70,12,2.8
2021-02-12,11,12.1,26.9,81,13.8,2.5
2021-02-13,0,13.5,22.5,86,13.1,2.9
2021-02-14,12.2,12.7,23.8,79,13.5,0.6
2021-02-15,0,15.3,22.7,78,12.8,2.1
2021-02-16,2.8,11.5,23.5,86,12.2,2.8
2021-02-17,0,10.8,24.6,76,8.2,1.2
2021-02-18,2.3,10.9,20.7,80,11.2,2.4
2021-02-19,0,12.9,24.9,78,11.5,3.2
2021-02-20,3.3,14.3,26.4,77,12.4,0.8
2021-02-21,5.9,12.1,22.6,78,13.1,2.6
2021-02-22,11,11.5,23.1,87,16,2.2
2021-02-23,12.3,11.8,24.2,80,10.7,2.5
2021-02-24,4.3,9.6,25,95,13,1.6
2021-02-25,4.1,13.2,27.2,77,13.7,1.9
2021-02-26,4.2,12.3,21.3,84,9.8,1.8
2021-02-27,0,11.8,22,79,12.1,1.2
2021-02-28,9.5,14.4,25.6,77,10.7,4.3
2021-03-01,11.7,12.8,19.3,79,8.7,2.6
2021-03-02,17.9,13,24.5,78,11,2.5
2021-03-03,20.6,15.3,21.8,86,12.4,2.8
2021-03-04,11.5,11.1,22.7,83,12.4,2.2
2021-03-05,1.7,11.6,24.2,87,10.8,1.9
2021-03-06,9.4,11.6,22.1,84,9.1,2
2021-03-07,8.7,10.5,24.3,81,10.3,1.5
2021-03-08,13,10.7,24.6,77,11.8,2.1
2021-03-09,9.4,13.1,25.9,86,12.2,1.1
2021-03-10,8.4,13.4,21.8,74,13.3,1.5
2021-03-11,14.7,13.3,22.8,82,13.1,3
2021-03-12,7.9,12.9,22.8,83,13,1.6
2021-03-13,3.9,13.2,24.7,83,13.2,2
2021-03-14,0.9,13.3,20.8,72,9.1,1
2021-03-15,4.2,11,23.3,85,10.4,3.8
2021-03-16,9.6,13.1,25.1,84,12.9,1.4
2021-03-17,13.1,11.1,22.9,78,8.5,1.7
2021-03-18,3.2,11.9,23.1,94,13.3,2.7
2021-03-19,0,12.7,26.1,99,11.4,2.1
2021-03-20,0,12.1,24.7,94,10.8,2
2021-03-21,0,12,22.7,86,12.9,1.6
2021-03-22,11.2,13.3,22.9,79,8,1.5
2021-03-23,11.5,12.1,23.1,82,10.6,1.2
2021-03-24,5.4,13,23.1,74,11.6,2.3
2021-03-25,10.7,10.7,22.6,91,8.2,1.8
2021-03-26,15.9,12.9,22.8,77,8.2,2.6
2021-03-27,17,11.4,23.5,83,9.2,2.7
2021-03-28,9.6,12.3,24.7,83,10.6,2.3
2021-03-29,9.4,10.5,22.3,84,11.3,2.3
2021-03-30,16.3,11.8,19.2,94,12,3.4
2021-03-31,8.7,12.2,21.9,85,11.3,1.3
2021-04-01,12.5,11.3,23.1,81,10.5,1.2
2021-04-02,3.6,12.2,22.7,82,10.7,2.4
2021-04-03,6.9,10,20.2,88,12.9,2.9
2021-04-04,14.9,10.5,25.5,92,12.8,1.9
2021-04-05,1.8,11.2,20.5,82,11.7,1.9
2021-04-06,10.6,12.2,21.4,77,11.6,1.8
2021-04-07,10.1,9,20.8,86,7.6,1.3
2021-04-08,0.4,12.2,20.2,86,10.5,2.6
2021-04-09,3.5,10.2,22.4,81,9.9,3
2021-04-10,4.8,10.9,21.9,92,12.3,1.8
2021-04-11,12.7,12.1,24,80,8.8,2.4
2021-04-12,8.9,15.2,23.1,76,10,1.4
2021-04-13,7.9,10.8,21.9,75,10.5,1.8
2021-04-14,7.9,13.6,21.8,80,12.2,2.7
2021-04-15,14.2,9.7,23.1,86,12.1,2.3
2021-04-16,6.7,9.8,19.5,89,11.3,1.3
2021-04-17,21.3,12.3,23.4,83,10.3,1.8
2021-04-18,16.4,13.8,21.9,83,12,2.7
2021-04-19,4.3,10.2,25.2,83,12.9,1.9
2021-04-20,12.2,11.9,20.3,74,9.8,2.6
2021-04-21,17.9,12.7,24,83,10,2.9
2021-04-22,0,11,22.8,80,9.3,1.2
2021-04-23,4.2,14,20.8,86,8.2,2.2
2021-04-24,0,11.3,24.2,86,10.4,3
2021-04-25,4,11.8,21.2,79,13.7,0.1
2021-04-26,6.8,11,23.3,75,10.8,3
2021-04-27,14.9,13.2,22.2,78,9.4,1.2
2021-04-28,13.5,11.5,20.9,98,13.8,1.7
2021-04-29,17.4,13,24.8,92,12.8,1.4
2021-04-30,13.6,15.5,20.9,78,10.8,2
2021-05-01,6,13.1,24.8,70,10.5,1.8
2021-05-02,3.7,14.5,21.6,73,10.4,1.2
2021-05-03,3.5,12.2,23.1,81,11.1,2.4
2021-05-04,6.8,11.6,23.8,79,12.3,1.3
2021-05-05,0,12,21.4,87,8.8,2.3
2021-05-06,6,10.7,22.5,70,8.8,2
2021-05-07,12.4,11.9,21,80,9.3,2.6
2021-05-08,8,9.9,23.7,73,12.8,3
2021-05-09,5.5,10.6,25.8,74,13.7,1.8
2021-05-10,14,10.8,22.3,75,17.2,1.2
2021-05-11,19.6,11.9,26.3,82,10.8,0.4
2021-05-12,15,11.7,24.6,82,11.6,1.2
2021-05-13,0.1,13.9,25.7,78,12.1,2
2021-05-14,1.1,11.1,24.5,70,14.8,0.9
2021-05-15,6.8,8.6,27.9,86,13.3,3.3
2021-05-16,10.9,12.2,25.1,77,12,1.9
2021-05-17,4.2,11.2,24.3,72,11.5,1.8
2021-05-18,12.9,13.2,23.7,83,8.3,3.4
2021-05-19,14.7,12.9,25.7,84,10.8,1.3
2021-05-20,23.3,12.7,23,72,15.6,1.7
2021-05-21,14.6,13.4,23.8,73,10.8,2
2021-05-22,3.8,9.8,26.3,85,12.1,2.2
2021-05-23,13.6,12.6,23.1,85,10.7,1.7
2021-05-24,11.4,9.4,25.8,65,12.9,3.4
2021-05-25,2.4,11.8,23.5,85,11.4,2.6
2021-05-26,14.3,13.9,24.9,72,12.2,2.1
2021-05-27,9,12.4,25.6,73,12.6,2.4
2021-05-28,5.4,13.1,23.3,71,13.5,2.9
2021-05-29,13.8,13.6,24.3,84,14.2,3
2021-05-30,15.5,11.8,24.7,72,15.7,2.8
2021-05-31,11.2,11.4,26.2,68,13.1,2.8
2021-06-01,5.8,12.6,26.9,82,11.9,1.3
2021-06-02,6.4,15.8,24.1,72,13.1,3.1
2021-06-03,0,15.4,29.7,73,13.7,3.7
2021-06-04,8.2,12.9,25.5,79,13.1,3.6
2021-06-05,2.4,14.8,23.7,70,12.9,3
2021-06-06,3.5,13.4,26.2,73,13.3,0.8
2021-06-07,11.2,15.2,26,74,12.8,1.9
2021-06-08,10.9,15.8,26.1,66,13.4,1.6
2021-06-09,1.9,12.3,24,77,10,1.4
2021-06-10,2.7,13.9,27.9,83,14.5,2
2021-06-11,5.5,12.1,28.2,68,12.6,1.2
2021-06-12,8.2,14.3,26.9,72,14.2,1.8
2021-06-13,8.7,14.9,27.8,73,14.5,2.1
2021-06-14,10.1,14,28.2,65,14.2,2.2
2021-06-15,0,13.5,28.9,72,14.5,3.1
2021-06-16,4.8,14.5,28.9,78,14.7,1.9
2021-06-17,4.7,14.8,25.1,76,17.1,1.3
2021-06-18,3.2,18.3,27.7,75,14.1,1.3
2021-06-19,3.7,12.9,26.3,62,12.7,2
2021-06-20,0,15.8,26.2,77,16.8,1.5
2021-06-21,11.6,13.9,25.4,63,14,2
2021-06-22,1.7,12.9,23.6,65,15.4,1.5
2021-06-23,10.9,14.2,26.2,74,16,1.3
2021-06-24,0,17.3,25.5,69,18.2,2.1
2021-06-25,0,13.4,26.2,69,17.2,3.2
2021-06-26,6,12.9,24.5,70,12.8,2.1
2021-06-27,7.1,12.2,26.7,67,16.4,2.1
2021-06-28,3.7,13.7,30.5,75,14.5,1.7
2021-06-29,1.8,13.8,28.7,62,14.4,2.5
2021-06-30,1.4,14.6,26.7,72,15.7,1.2
2021-07-01,2.2,15.8,27.2,70,19.2,2.2
2021-07-02,1.4,13.3,29.5,66,16,3
2021-07-03,8.1,14.8,30.2,72,17.4,0.1
2021-07-04,9.2,16.4,26.7,86,17.7,2.7
2021-07-05,0,16.2,27.2,71,16,2.3
2021-07-06,5.1,15.8,28.2,73,16.5,1.9
2021-07-07,3.9,15,30.5,67,15.9,2.9
2021-07-08,0,14.9,26.5,72,16.6,1.7
2021-07-09,3,14.5,30.8,78,18.1,2.2
2021-07-10,6.7,14.6,29.5,62,17.8,1.6
2021-07-11,0.8,15,27.4,85,16.5,1.2
2021-07-12,0,15.2,27.3,67,16.6,2.2
2021-07-13,0,15,28.2,65,18.1,1.6
2021-07-14,0,14.1,28.2,74,18.6,1.5
2021-07-15,10.2,15,31,64,19.4,2.7
2021-07-16,0,14.1,29.2,63,15.9,0.2
2021-07-17,4.5,16.3,29.5,63,17.3,1.2
2021-07-18,0,14.9,31.2,63,18.3,1
2021-07-19,0.4,14.1,28.4,80,18.4,0.3
2021-07-20,3.8,15.7,28.9,60,15.7,2.6
2021-07-21,0.4,15.2,31.1,62,18.2,2.4
2021-07-22,0.4,14.7,28.2,79,19.8,2.5
2021-07-23,0,15.7,28.1,69,17.2,1.5
2021-07-24,9.1,16.6,29.2,58,17.7,2.9
2021-07-25,1.1,19.1,29.5,74,16.4,0.9
2021-07-26,1.1,17.8,29.4,76,17.5,1.2
2021-07-27,1.1,17.4,33.1,66,18.9,0.5
2021-07-28,11.3,14.5,30.9,63,18.3,2.7
2021-07-29,0,14.4,28.5,64,15.7,1.4
2021-07-30,0,15.4,31.4,67,16.8,1.9
2021-07-31,3.4,17.3,28.9,64,17.7,2.9
2021-08-01,0,18.3,30.3,58,18,3.4
2021-08-02,6.6,16.3,30.1,75,19.2,1.9
2021-08-03,0,19.2,31.2,59,17.6,2.1
2021-08-04,12.5,14.2,27,70,19.7,1.8
2021-08-05,6.5,14.9,31.1,62,17,2.6
2021-08-06,10.5,16.2,31.9,58,19.4,2.7
2021-08-07,5.3,15.9,30.1,63,17.9,1.6
2021-08-08,12.1,15.3,28.8,57,17.6,1.5
2021-08-09,0,16.1,29.8,58,18.1,1.7
2021-08-10,1.3,13.8,29.7,53,17,3.6
2021-08-11,0,16.2,31.7,68,18.2,2.3
2021-08-12,4.1,18.1,33,76,19.6,3.5
2021-08-13,0.6,17.8,32.1,56,20.2,1
2021-08-14,4.2,14.8,33.1,64,19.2,0.7
2021-08-15,0,17.9,27.4,54,19.6,0.9
2021-08-16,0,16.3,31,70,17,2.7
2021-08-17,2.5,17.2,33.8,72,17.3,2
2021-08-18,0,14.5,30.8,66,18.2,2.1
2021-08-19,1.8,20.3,31.1,65,18.7,3.6
2021-08-20,0,17.4,30.1,63,19.5,1.9
2021-08-21,0,17.7,31,64,20.6,2.5
2021-08-22,2.1,16.2,34,62,21,3.5
2021-08-23,0,16.3,29,59,21.3,2.2
2021-08-24,0,17.5,31.9,65,19.2,1.2
2021-08-25,0,17.3,30.1,72,19.3,1.3
2021-08-26,0,15.9,33.7,65,19.5,1.1
2021-08-27,0.9,18.1,30.7,56,19.1,1.8
2021-08-28,6.7,17.9,30,61,20.7,3.2
2021-08-29,0,15.4,32.3,65,21.9,2.7
2021-08-30,0,15.3,32.7,71,21.1,2.4
2021-08-31,0,18.1,32.3,72,19.7,3.2
2021-09-01,0,18.6,30.6,58,22.9,0.4
2021-09-02,0,18.9,33.1,66,19.3,1.8
2021-09-03,0,16.2,33.8,61,20.4,3.2
2021-09-04,4.9,17.7,30.9,50,17.8,1.6
2021-09-05,7.7,18.2,31.4,75,19.1,3
2021-09-06,0,16.7,26.9,60,19.3,2.3
2021-09-07,0,16.8,35.7,65,20,2.2
2021-09-08,5.9,19.3,30.3,58,19.3,1.9
2021-09-09,0,17.3,32.6,63,20.4,2.8
2021-09-10,0,18.6,32.8,67,18.8,1.5
2021-09-11,1,13.9,32.6,73,20.3,2.2
2021-09-12,0,18.7,32.8,50,20,3.4
2021-09-13,0,16.8,34,57,19.1,2.4
2021-09-14,0,16.9,31.9,66,22.1,0.3
2021-09-15,5.2,16.6,29.4,64,22,1.1
2021-09-16,0,14.8,31.6,75,20,2.1
2021-09-17,0,17.3,32.4,60,20.2,1.6
2021-09-18,0,17,32.3,72,21.1,2.6
2021-09-19,0,16.9,32.3,57,20.5,2.2
2021-09-20,0,18.4,30.7,64,20.2,2.6
2021-09-21,3.3,16.6,32.9,64,18.9,3.1
2021-09-22,0,16.7,31.7,53,21.2,2.5
2021-09-23,1.7,17.3,33,54,21.3,2
2021-09-24,0,20.3,32.7,67,23,2.4
2021-09-25,2.2,18.7,35.8,50,20.1,2.8
2021-09-26,0,17.6,30.6,59,21.4,2.8
2021-09-27,0,18.9,34.8,60,20.9,2.2
2021-09-28,0,19.8,33.9,72,22.1,1.3
2021-09-29,3.8,16.7,33.2,64,22.8,1.6
2021-09-30,0,14.9,33.4,54,22.3,3.9
2021-10-01,0,15.7,28.7,66,20.4,1.8
2021-10-02,0,16.7,30.6,71,22.2,1.3
2021-10-03,0,17.8,29.9,53,22.8,3.8
2021-10-04,0,17.2,31.7,68,21.9,2.5
2021-10-05,5,19.8,30.7,66,22.7,1.6
2021-10-06,0.6,15.5,32.7,67,20,1.7
2021-10-07,7.5,19,31.4,53,22,2.5
2021-10-08,21.8,16,29.2,60,20.2,4.3
2021-10-09,4.4,18,28.7,68,22.3,2
2021-10-10,0,18.1,31.9,72,22,2.9
2021-10-11,0,16.9,31.8,64,22.2,3
2021-10-12,6.5,20,29.1,72,24.2,1.6
2021-10-13,0,16.4,31.8,79,19.7,1.5
2021-10-14,0,19.1,33.4,62,24.9,1
2021-10-15,0,19.2,34.2,63,18.4,1
2021-10-16,0,18.9,32.6,60,18.2,2.4
2021-10-17,7.6,15.3,30.9,66,18.4,2.4
2021-10-18,1.9,17.4,36,64,23.4,2.7
2021-10-19,4,18,32,65,21.1,2.6
2021-10-20,0,18.1,31.3,55,21.7,2.4
2021-10-21,0.3,17.4,31.6,59,20,2.8
2021-10-22,0,17.5,33.3,56,23.5,1
2021-10-23,0,15.8,32.2,74,21.8,1.1
2021-10-24,0,16.7,33.8,67,21.9,2.6
2021-10-25,4,16.6,30.6,64,19.6,1.5
2021-10-26,0,16.5,32.4,63,18.5,3
2021-10-27,4.9,17.5,31.5,66,19.9,1.9
2021-10-28,0,16.8,30.1,63,21.5,1.6
2021-10-29,0,17.4,30.9,69,20.3,3.2
2021-10-30,5.1,17.3,30.9,70,18.3,2.9
2021-10-31,0,17.5,30.3,70,17.1,3
2021-11-01,2.7,18.3,32.9,67,21.5,2.9
2021-11-02,0,18.8,30.6,57,19.3,2.8
2021-11-03,0,18.9,34.6,64,18.2,1.4
2021-11-04,0,16.7,31.5,67,19.8,1.9
2021-11-05,0,19.5,32.5,60,21.1,0.1
2021-11-06,0,16.4,32.4,63,20.2,1.7
2021-11-07,0,18.1,33.3,51,21.6,1.6
2021-11-08,0,19,28.7,66,19.8,3.2
2021-11-09,0,17,33.1,71,18.8,3.3
2021-11-10,2.1,15.9,29,61,21.8,3.3
2021-11-11,0,16.5,29.9,70,20.8,2.1
2021-11-12,0,17.1,32.6,77,19.5,1.7
2021-11-13,10.8,17.8,28.9,62,20,0.9
2021-11-14,2.6,17.6,29.7,64,19.3,3.1
2021-11-15,0.7,19.2,32.3,62,18.2,2.3
2021-11-16,0,16.4,31.2,72,17.3,2.4
2021-11-17,0,16.5,33,55,20.3,2.8
2021-11-18,0.6,14.6,30.8,58,17.5,2.7
2021-11-19,0,17.1,32.2,62,15.6,2.3
2021-11-20,3.6,18.9,30.5,58,20.5,2
2021-11-21,0,17.3,31.5,62,19.2,1.5
2021-11-22,0,13.4,33.9,65,19.6,0.9
2021-11-23,4,17.5,30.6,55,19.9,2.3
2021-11-24,4.5,18.2,31,57,16.6,1.8
2021-11-25,0,17.2,32.8,69,19.6,1
2021-11-26,0,17.8,32,60,17.2,2.8
2021-11-27,2.4,17.3,28.2,65,17.6,2.1
2021-11-28,0,16.8,32.7,65,17.4,2.4
2021-11-29,0,15.6,27.7,73,17.9,1.7
2021-11-30,0.6,17.9,30.5,60,17.5,2.7
2021-12-01,0,18.1,34.7,64,14.6,3.3
2021-12-02,7.5,17.1,30.3,64,18,2.1
2021-12-03,0,16.3,31,67,19.3,1.3
2021-12-04,2.8,16.1,27.9,68,15.6,3
2021-12-05,3.8,16.8,26.5,71,15.8,2.8
2021-12-06,0,16.3,27.6,62,18.4,2.4
2021-12-07,0,15.4,31.4,58,17.9,1.7
2021-12-08,6.8,16.2,28.2,62,18.2,1.9
2021-12-09,0,16.8,28.9,68,16.8,0.7
2021-12-10,0,16.3,28.7,63,18,3.2
2021-12-11,0.8,15.7,31.7,74,18.1,2.1
2021-12-12,0,13.9,29.5,76,17.3,2
2021-12-13,0,17.4,30.1,76,17.4,2
2021-12-14,8.3,17.3,29,63,19.4,2.7
2021-12-15,8.1,17.2,26.7,61,18.5,1.4
2021-12-16,0,18,27.2,78,19,2.7
2021-12-17,0,17,27.9,67,16.5,2.9
2021-12-18,0,14.6,29.7,56,16.2,2.2
2021-12-19,0,17.6,29.6,72,17.9,2.6
2021-12-20,0,15.8,28,69,16.6,1.4
2021-12-21,0,15.3,29.1,63,14.1,0.4
2021-12-22,0,12.3,29,67,13.3,1.8
2021-12-23,2.2,15.3,31,68,19,3.3
2021-12-24,0,17,27.8,63,15.4,1.9
2021-12-25,1.2,15.9,30.3,74,19.1,3.2
2021-12-26,0,16.1,26.9,77,18.6,3
2021-12-27,11,17.8,26.2,69,15.9,1.8
2021-12-28,12.1,15.4,29.2,76,14.8,2.7
2021-12-29,1.6,16.6,25.4,70,18.4,1.9
2021-12-30,0,14.8,25.8,75,15.7,1.6
2021-12-31,12.2,14.8,26.9,77,15,2.4
2022-01-01,2,14.5,27.5,81,15.3,1.8
2022-01-02,4,16.6,27.4,70,16.3,2.3
2022-01-03,0,11.1,23.4,72,16.5,1.8
2022-01-04,6.9,15.8,27.7,72,15.1,2.5
2022-01-05,4.3,17.1,29.3,65,15.5,2.3
2022-01-06,4.9,14.9,28.5,71,17.8,2.2
2022-01-07,9.3,14,26.4,74,15.4,2.2
2022-01-08,2.2,16.1,29.2,74,16.1,3.4
2022-01-09,0,16,28.7,71,13.7,2.4
2022-01-10,1.8,13.4,26.3,67,15.8,2.6
2022-01-11,0,15.5,26.3,79,15,1.8
2022-01-12,4.8,13,31.7,78,16.1,2
2022-01-13,8.7,11.8,27.5,76,15.9,2.4
2022-01-14,4.3,15.1,28.8,71,16.7,2.1
2022-01-15,6.4,11.8,25.5,77,12.5,3.2
2022-01-16,8.9,15.6,28,84,13,2.2
2022-01-17,4.1,16.1,24.3,71,17.2,1.8
2022-01-18,13.4,13.2,25.4,82,17.6,1.4
2022-01-19,0,16.4,27.3,66,13,3.7
2022-01-20,0,13.7,25.6,79,14.7,1.3
2022-01-21,13,13.8,27.2,80,12.8,3
2022-01-22,0,16.9,28.4,79,13.4,0.6
2022-01-23,0,17.6,22.8,72,14.7,2.8
2022-01-24,1.9,12.2,26.7,70,17.1,0.7
2022-01-25,3.2,15.1,27.1,77,14,2.2
2022-01-26,0,14.1,29.1,88,13.1,2.7
2022-01-27,3.3,12.7,22.1,60,11.9,1.7
2022-01-28,12.4,13.3,23.5,75,13.3,1.7
2022-01-29,0,11.6,27.3,84,13,1.5
2022-01-30,14,14.8,26.3,73,13.6,2.1
2022-01-31,1.2,13.1,25.1,82,11.1,2.3
2022-02-01,0,11.8,24.7,77,13.2,2.2
2022-02-02,0,11.5,27.3,82,12.5,1.1
2022-02-03,8.3,14.5,28.6,80,12.9,1.6
2022-02-04,0,14,24.9,79,12,2.1
2022-02-05,15.8,13.5,26.8,71,12.9,1.5
2022-02-06,0.2,11.5,27.5,78,12.8,2.3
2022-02-07,3.5,12.5,26.7,68,12.9,2.5
2022-02-08,0,13.4,25.9,87,13.3,1.9
2022-02-09,7.7,12.9,25.1,68,14.3,3.4
2022-02-10,9.8,13.1,23.8,79,12.5,2.5
2022-02-11,18.5,14.5,25.5,91,14.3,1.7
2022-02-12,6.2,9.4,23.1,75,12.4,2.1
2022-02-13,9.4,14,26.2,82,14.1,1.8
2022-02-14,15.3,14.6,23.3,64,13.8,1.3
2022-02-15,6,13.3,23.1,72,12.2,2
2022-02-16,6.1,11.2,21.8,89,12.8,3.2
2022-02-17,0,14.2,25.6,79,16,2.7
2022-02-18,0,12.6,23.8,71,10.9,1.4
2022-02-19,10.5,12.3,23.2,81,10.1,1.7
2022-02-20,9.1,11.3,24.4,73,10.5,1.5
2022-02-21,10.4,14.9,26.3,70,12.4,2
2022-02-22,6,11.1,25.1,83,13.3,1.5
2022-02-23,3.1,11.4,27,82,10.8,2.7
2022-02-24,0.3,12.7,24.7,85,11.9,2.3
2022-02-25,0,11.1,18.6,78,12.7,1.3
2022-02-26,30.2,13.3,22.5,73,13.3,3
2022-02-27,4.8,12.7,23.9,79,11.9,1.3
2022-02-28,6.3,11.2,20.4,80,12.5,2
2022-03-01,12.2,12,22.9,79,10.3,0.9
2022-03-02,3.2,13.6,23.1,82,9.6,2.8
2022-03-03,7.4,11.6,20.8,76,13.9,1.6
2022-03-04,0,12.5,22.2,79,9.6,1.8
2022-03-05,5.8,13.3,28.1,87,11.6,1.6
2022-03-06,7.6,11.9,27.6,97,8.7,1.8
2022-03-07,18.1,12.1,23.7,71,9,3.3
2022-03-08,0.3,12.5,22.5,76,11.4,2.7
2022-03-09,15,11.6,20.3,71,8.2,2.9
2022-03-10,17.9,13.6,24.9,68,9.3,1.4
2022-03-11,8.7,14.3,22.7,82,10.1,2.4
2022-03-12,10.6,12.9,20.3,88,9.8,1
2022-03-13,14.1,11.8,27.2,82,12,1.8
2022-03-14,6.4,11.7,26.3,76,14.4,2.5
2022-03-15,1.3,12.2,21.5,78,11,3.3
2022-03-16,0.6,12.1,22,76,11.3,3.1
2022-03-17,11.5,12.4,21.2,87,11.9,2.2
2022-03-18,0.2,10.4,22.6,77,8.7,2.5
2022-03-19,0,10.7,22.6,83,14.1,2.4
2022-03-20,18.9,10.5,18.1,75,10.9,1.4
2022-03-21,3.7,11.5,22.3,76,14.4,1.8
2022-03-22,13,11.6,23.4,77,12.2,2.6
2022-03-23,0,11.4,22.2,77,10.3,2.6
2022-03-24,1.5,9.1,22.6,85,9.3,0.6
2022-03-25,5.5,13.8,24.9,79,10.1,1.9
2022-03-26,16.4,11.7,20.3,83,11.7,2.7
2022-03-27,10.1,11.7,24.2,76,9.3,3.3
2022-03-28,13.1,12.5,23.3,89,10,1.8
2022-03-29,12.7,11.1,19.7,94,11.2,1.5
2022-03-30,20.9,13.4,19.4,81,11.4,1.9
2022-03-31,8.7,13,18.4,67,11,2.2
2022-04-01,4.2,10,21.2,83,11.2,2.1
2022-04-02,1,11.3,23.2,82,9.5,2.7
2022-04-03,9.2,11.7,20.6,80,14.1,3
2022-04-04,9.9,13.6,23.7,84,13.8,2.3
2022-04-05,6.7,10.6,23.6,81,8.5,2.5
2022-04-06,0,12.5,23.5,81,9.7,1.4
2022-04-07,0.1,10.7,19.9,82,9.9,3
2022-04-08,18.3,9.9,20,88,13.6,1.8
2022-04-09,21.4,10.3,20,91,10.3,1.9
2022-04-10,15.1,12.1,20.6,88,11.7,2
2022-04-11,7.5,12.6,21.7,78,11.6,2.8
2022-04-12,16.4,13.1,21.8,82,9.6,2.4
2022-04-13,2.2,12.1,18.8,89,9.1,2.5
2022-04-14,0,11.6,21.8,83,9.7,0.6
2022-04-15,0,10.7,24.2,77,9.7,2.2
2022-04-16,8.7,12.6,20.2,84,11.4,2.3
2022-04-17,11.6,12.5,21,86,13.6,2.7
2022-04-18,7.1,14.4,24.3,82,13,0.9
2022-04-19,12.3,12.4,22,92,11.2,2.3
2022-04-20,21.3,9.6,24.5,89,10.9,1.6
2022-04-21,9.7,11.9,19.4,81,12,2.1
2022-04-22,7.1,13.3,23.9,86,10.5,1.2
2022-04-23,11.6,11.7,24.8,84,10.1,2.8
2022-04-24,6.7,11.4,22.4,75,9.2,2.5
2022-04-25,9.7,11.8,22.7,85,11.4,2.6
2022-04-26,17.1,11.4,24.2,70,11.8,2.5
2022-04-27,5.4,10.6,22.6,73,13.5,3.6
2022-04-28,0,11.4,24.1,89,11.7,2.1
2022-04-29,1.4,12.4,22,87,10.8,0.7
2022-04-30,5.8,11.4,20.8,82,10.1,2
2022-05-01,24.3,13.5,23.1,78,11.2,0.4
2022-05-02,8.3,12.7,24.9,80,11.3,0.9
2022-05-03,16.4,12.5,22.5,88,11.5,0.5
2022-05-04,7.6,12.5,20,77,13,2.4
2022-05-05,6,13.9,23.4,85,10.6,1.5
2022-05-06,12.7,9.6,22.6,82,14.9,2
2022-05-07,0.5,11.6,23.3,85,13.3,2.5
2022-05-08,2.2,11.1,22.2,80,11.6,2
2022-05-09,1.1,12.8,24,91,13.3,2.8
2022-05-10,1.9,14.2,21.2,98,12.5,1.6
2022-05-11,12.1,12.4,22.3,72,11.4,1.6
2022-05-12,14.6,12.2,22.5,84,12.2,1.6
2022-05-13,7.2,10.5,21.5,81,12.9,1
2022-05-14,5.1,14.4,25.7,84,9.9,2.1
2022-05-15,4.2,14.3,24.6,90,9.9,2.4
2022-05-16,4.1,15.3,23.9,86,14.3,1
2022-05-17,5.7,12.6,25.4,85,11.4,2.3
2022-05-18,5.1,12.8,24.3,80,11.8,3.2
2022-05-19,1,11.6,20.8,89,11.8,1.6
2022-05-20,4,11,24.3,82,14.3,2.3
2022-05-21,7.4,12.4,24.1,90,12.1,0.8
2022-05-22,7.6,13.6,23.6,79,12.8,1.2
2022-05-23,0,15.4,22.4,75,9.6,2.3
2022-05-24,6.5,12.1,24.7,90,13.2,2.1
2022-05-25,9.1,12.7,22.6,77,13.4,3
2022-05-26,13.1,15,24.3,81,15.7,2
2022-05-27,10.7,12.3,24.2,84,13.4,4.8
2022-05-28,10.6,14.3,24.4,72,12.4,3.8
2022-05-29,8.1,13.8,25.5,79,14.6,1
2022-05-30,4.5,13.7,25.5,88,11.8,2.3
2022-05-31,4.8,10.9,25.5,85,13,1
2022-06-01,14.6,14.5,21.8,83,12.4,2.6
2022-06-02,10.8,10.4,24.6,68,13.6,2.1
2022-06-03,3.5,13.8,24.5,80,15.9,2
2022-06-04,4.7,15,23,70,14,1.8
2022-06-05,5.2,15.5,26,80,15,2.7
2022-06-06,11.3,12.5,22.6,79,14.8,3.3
2022-06-07,5.7,14.6,26,74,12.4,0.9
2022-06-08,0,14.6,25.4,91,15.2,1.6
2022-06-09,2.9,13.7,22.5,85,13.7,3.4
2022-06-10,5.1,14.7,24,79,12.7,0.2
2022-06-11,4.8,14.4,25.2,65,12.9,1.9
2022-06-12,6.1,13,24.7,91,12.3,3
2022-06-13,13.8,14.3,21.8,85,13.9,1.6
2022-06-14,8,15,25.7,77,14.5,1.2
2022-06-15,0.4,13.8,27.6,80,13.3,1.9
2022-06-16,18.2,12.4,25.9,80,14.7,1.5
2022-06-17,6.1,15.4,25.1,82,13.4,2.2
2022-06-18,4.8,14.7,25,88,13.1,0.5
2022-06-19,3.7,14.2,25.3,76,12.2,1.1
2022-06-20,5.2,14.2,27.4,81,13,2.1
2022-06-21,0,16.8,24.6,91,15.3,1.9
2022-06-22,13.9,13.4,24.2,63,14,1.8
2022-06-23,6.5,13.6,26.2,74,15.4,2.9
2022-06-24,6.8,15.4,22.6,71,14.2,1.5
2022-06-25,8.5,14.1,24,73,14.4,0.4
2022-06-26,12.2,13.4,26.7,78,14.2,2.9
2022-06-27,5.4,16.8,26.5,76,13.8,1
2022-06-28,0,14,24.4,86,16.9,3.1
2022-06-29,15.9,16.5,26.4,85,15.5,1.2
2022-06-30,1.8,13,28,86,16.6,2.2
2022-07-01,5.6,13,25.2,67,18,1.5
2022-07-02,2.8,13.5,23.8,65,14.2,2.9
2022-07-03,18.5,14.9,25.4,77,14.9,1.9
2022-07-04,6.1,13.7,27.2,67,16.9,0.3
2022-07-05,2,16.1,28.5,71,19.1,2.5
2022-07-06,14.5,16.1,27,71,15.4,1.1
2022-07-07,6.5,13.3,23.7,76,16.6,2.2
2022-07-08,3.6,18,27.8,79,16.2,1.2
2022-07-09,9.7,15.4,25.3,68,16.7,2.5
2022-07-10,5.8,14.4,30,83,16.9,0.9
2022-07-11,1.3,17.1,26.4,73,16.2,2.8
2022-07-12,7.3,15.6,26.5,83,16,0.8
2022-07-13,0,17.7,28.4,67,19.1,1.5
2022-07-14,6.5,16,28.8,87,16.6,1.4
2022-07-15,0.7,15.7,26.4,69,15.7,1.7
2022-07-16,2.8,13.4,25.8,57,18.4,2.9
2022-07-17,0,18.1,27.1,76,19.5,2.9
2022-07-18,7.6,14.1,27.4,78,18.5,2.6
2022-07-19,0,14.3,30.2,72,18.6,3
2022-07-20,2.9,14.3,24.8,78,16.9,2.6
2022-07-21,0.2,15,28.7,67,16.1,0.6
2022-07-22,2.3,17.3,28.3,76,15.8,1.9
2022-07-23,0.1,15.1,27.9,77,17.9,1.5
2022-07-24,9,15.3,31.4,78,16.8,1.7
2022-07-25,0,14.6,25.1,70,17.9,2.1
2022-07-26,1.2,16.6,27,75,18.2,2.5
2022-07-27,0,13.4,29,69,18,1.8
2022-07-28,8.2,16.5,29.3,74,15.9,1.9
2022-07-29,12.5,16.5,28.1,77,20.6,3
2022-07-30,12.3,15.8,30.4,61,16.1,1.1
2022-07-31,1.6,15.8,25.1,74,18.6,0.7
2022-08-01,9.9,15.9,27.5,69,18,3.2
2022-08-02,0,17.3,28.4,65,18.4,1.4
2022-08-03,3.3,16.7,29.2,72,20.7,2.6
2022-08-04,0,17.3,26.5,63,17.7,2.9
2022-08-05,18.2,16.3,27.4,67,18.4,3.1
2022-08-06,7.6,18.1,29,75,19.7,3.4
2022-08-07,5.3,16.8,31.2,68,20,2.4
2022-08-08,10.1,16.6,30.4,68,20.5,1.7
2022-08-09,5.5,17,28.7,66,18.2,1.3
2022-08-10,0,16.8,27.9,67,19.3,1.6
2022-08-11,0,15.9,27.3,81,20.8,2.6
2022-08-12,9.1,17.1,29.7,74,19.1,2.2
2022-08-13,13.1,15.1,26.6,69,21,2.2
2022-08-14,0,16.9,30.1,70,19.5,2.2
2022-08-15,1.4,15.5,27,75,18.1,1.1
2022-08-16,0,15.5,28.9,75,18.7,2.8
2022-08-17,2.1,17.5,31.3,74,21,0.6
2022-08-18,13,17.2,30.8,71,18.7,4.1
2022-08-19,0,17.5,30.7,74,19.1,1.9
2022-08-20,0,17.5,31,56,19.4,3.7
2022-08-21,0.4,16.4,30,69,20.7,2.3
2022-08-22,0,15.9,29.9,62,20.4,2.7
2022-08-23,11.5,16.6,29.1,65,19.7,1.4
2022-08-24,1.2,17.8,30.7,75,19.6,2.8
2022-08-25,0.4,16.7,30.9,73,21.1,2.2
2022-08-26,0.1,16.1,30.3,72,20.5,2
2022-08-27,13.9,19.8,32.4,67,20.6,1.4
2022-08-28,7.7,16,29.4,63,20.9,1.4
2022-08-29,0,16.9,27.5,64,20.8,3.7
2022-08-30,0,15.7,30.7,66,19.6,3
2022-08-31,1.1,16.7,32.7,66,20.5,3
2022-09-01,9.1,16.6,31.8,79,20.8,3.8
2022-09-02,0,14.6,31.9,71,23.1,1.7
2022-09-03,0,18.6,32.2,63,18.5,3.2
2022-09-04,0.3,15.6,31.5,67,19.3,1.9
2022-09-05,0,17.9,30.4,72,21.7,2.9
2022-09-06,0,18.2,28.9,69,21.4,1.2
2022-09-07,0,15.5,28.3,76,20.2,2.7
2022-09-08,0,17.7,29.1,74,21.7,2.6
2022-09-09,1.1,18.6,29.7,67,20.3,2.8
2022-09-10,0,18.2,31.3,69,20.3,1
2022-09-11,0.8,17.5,31.9,66,19.9,1.2
2022-09-12,0,19.5,35.2,69,19.6,1.1
2022-09-13,0,16.4,32.2,68,19.7,2.2
2022-09-14,0,20.3,30.9,66,19,1.5
2022-09-15,0,17.6,30.8,66,19,0.3
2022-09-16,0.1,15.8,33.7,71,21.1,1
2022-09-17,3,16,30.5,76,20.6,3.2
2022-09-18,2.2,15.9,33.7,67,21.9,0.6
2022-09-19,4.1,19.8,31.7,68,19.2,0.8
2022-09-20,0,18.6,31.9,68,19.7,1.8
2022-09-21,7.3,17.9,31.7,56,21.7,1.7
2022-09-22,7.8,17.9,32.5,60,21.6,2.2
2022-09-23,9.5,18.7,28.9,69,20,3.1
2022-09-24,11.7,18.7,33.5,60,20.9,2
2022-09-25,2.3,18.4,32.5,63,23.3,0.9
2022-09-26,4.5,18.4,29,61,20.4,3.2
2022-09-27,0,16.3,32,60,21.2,2.1
2022-09-28,0,18.8,33.8,76,20.3,2.1
2022-09-29,0,18.3,33.8,63,22.1,2.7
2022-09-30,0.5,18.5,34,65,21.7,1.9
2022-10-01,0,18.9,33.3,69,18.4,1.2
2022-10-02,8.8,17,32.1,71,20.5,2.3
2022-10-03,0,17.1,31.5,74,21.5,2.5
2022-10-04,0,18.4,30.9,59,19.4,2.5
2022-10-05,0.7,16.7,33,56,18.9,2.4
2022-10-06,0,18,31.3,68,17.3,1.9
2022-10-07,0,21.6,32.3,65,23.8,2.5
2022-10-08,0,18.9,33.7,62,18,2.4
2022-10-09,0,18.6,29.9,54,20.9,4.3
2022-10-10,0,17.4,31.5,67,19.5,3.4
2022-10-11,0,17.1,32.5,63,19.7,2.6
2022-10-12,0,20,28,64,19.1,1.8
2022-10-13,0,18.5,31,63,21.3,1.9
2022-10-14,2.8,17,27.7,67,22.6,2.7
2022-10-15,0,18.8,32.8,73,22.6,1.2
2022-10-16,3.4,20.3,34.1,63,21.4,1.5
2022-10-17,0,16.3,32.8,59,20.5,3.2
2022-10-18,0,17.8,30.8,58,22.1,2.4
2022-10-19,2.4,17.6,32.3,60,23.1,1.6
2022-10-20,0,16.7,32.1,66,21.5,2.8
2022-10-21,0,16.9,29.9,68,19.7,2
2022-10-22,7.5,21.6,30.8,68,22.8,1.2
2022-10-23,4.2,18.6,28.7,71,21.3,1.7
2022-10-24,1.3,16.2,32.9,68,21.9,2.8
2022-10-25,0,16.7,32.5,64,19,1.7
2022-10-26,7.6,14.7,33.2,66,19.4,0.6
2022-10-27,0,18.1,34.8,66,20.8,2.9
2022-10-28,0,18.7,31.2,61,22.5,2.1
2022-10-29,5.8,17.9,32.2,71,19,0.3
2022-10-30,0,17.2,29.9,56,19.1,2.3
2022-10-31,2,20.2,31.6,56,20.3,2.6
2022-11-01,0,18.9,33.1,56,21.8,1.3
2022-11-02,0,16.7,31.9,63,19.8,1.7
2022-11-03,0.4,19.3,29.4,68,21.5,2.3
2022-11-04,0,16.1,28.6,67,20,2.7
2022-11-05,0,18,32.6,62,19.3,2
2022-11-06,0,14.7,33.1,58,19,1.1
2022-11-07,7,18.1,32.8,52,19.1,3.2
2022-11-08,0,17.9,28.6,75,19,3.3
2022-11-09,0,16.7,29.1,58,21.9,1.7
2022-11-10,0,19.3,30.1,69,17.4,2.6
2022-11-11,0,18.2,31.6,66,18.3,2.4
2022-11-12,0,16.2,29.9,62,19,2.1
2022-11-13,0,18.8,32.7,72,17.8,2.9
2022-11-14,0,19.4,30.3,50,20.3,2.6
2022-11-15,13,18.9,31,61,20,2.1
2022-11-16,1.9,18.7,30.7,64,17.9,1.9
2022-11-17,10.4,17.1,33.3,70,16.8,1.5
2022-11-18,0,17.9,29.4,64,21.9,3.3
2022-11-19,0,17.2,28.1,69,20.9,1.4
2022-11-20,0,18.2,28.9,69,20.2,3.8
2022-11-21,0,15.9,31.4,66,20.7,2.8
2022-11-22,3.3,18.5,29.1,59,17.4,1.4
2022-11-23,0,15.9,30.3,63,19.8,2.8
2022-11-24,2.1,17.3,30.3,70,20.1,1.6
2022-11-25,0,16,34.1,65,15.2,3.6
2022-11-26,1.5,17.5,26.7,66,17.7,1.2
2022-11-27,0,17.7,31.7,66,19.6,1.5
2022-11-28,0,15.9,30.4,71,20.1,0.9
2022-11-29,11.9,15.8,30.3,66,18.8,3.6
2022-11-30,0,18.9,32,67,20.1,2.2
2022-12-01,0,17,29.9,68,20.7,2.3
2022-12-02,0,16.5,31.6,68,18.7,1.3
2022-12-03,0,14.7,30.2,66,19.3,1.7
2022-12-04,0,16.3,28.5,62,17.7,2.4
2022-12-05,1.4,14.8,27.7,72,17.5,1.9
2022-12-06,0,16.1,26.9,70,17,1.5
2022-12-07,1.1,16.2,28.5,73,17.8,2.1
2022-12-08,0,17.3,29.9,72,16.6,2.5
2022-12-09,3.2,15.5,32,66,17.2,2.2
2022-12-10,0,16.9,27.7,67,19.2,1.4
2022-12-11,6.2,17.6,28.4,64,18.9,1.8
2022-12-12,3.9,13.5,30.9,71,16.4,2.9
2022-12-13,15.7,19.8,27.7,66,18.2,2.7
2022-12-14,5.4,16.8,29.5,64,18.2,1.9
2022-12-15,0,19.1,28.1,60,16.3,2.3
2022-12-16,0,15.2,25.7,68,15.8,2.6
2022-12-17,4,14.6,29.6,65,16.8,1.1
2022-12-18,4.9,16.9,27,53,14.8,2
2022-12-19,0,15.6,27.9,70,15.9,2.6
2022-12-20,12,16.4,28.8,80,17.7,1.7
2022-12-21,0,16.5,27.2,75,14.6,3
2022-12-22,2.8,18.9,26.9,77,14.8,2
2022-12-23,7.3,16.9,29.6,64,21.9,1.9
2022-12-24,0.4,15,31.9,76,16.1,1.9
2022-12-25,0.5,18.3,28.4,67,16.2,1.6
2022-12-26,0,13.4,30.8,66,16.5,2.1
2022-12-27,5.9,17.3,25.8,72,15.9,1.5
2022-12-28,0,15.6,28.8,66,18,2.6
2022-12-29,3.9,14.8,25.7,68,17,1.1
2022-12-30,0,14.7,27.5,61,16.2,2.3
2022-12-31,1.5,17.6,28.1,70,17.8,2.9
2023-01-01,8.7,14.3,26.2,78,14.1,0.7
2023-01-02,15.4,16.8,26.7,68,16.2,2.2
2023-01-03,0,15.8,28.5,70,17.1,2.7
2023-01-04,0,12.3,25.1,62,16.3,2.7
2023-01-05,2.8,14.2,26.7,66,15.1,2.8
2023-01-06,10.5,15.6,25.8,68,16.2,0.9
2023-01-07,1.2,15.6,26.2,68,16.7,2.2
2023-01-08,0,16.9,26.5,76,14.6,1
2023-01-09,10.1,14.1,27.2,76,13.8,1.6
2023-01-10,1.1,15,23.8,78,13.3,1
2023-01-11,0,16.9,26.3,70,16.1,3.3
2023-01-12,6.7,13.1,25.4,84,12.6,3.3
2023-01-13,0,15.4,28.3,68,17.7,1.8
2023-01-14,1.8,15.3,29,76,14.9,2.4
2023-01-15,1.1,15.4,27,76,15,1.3
2023-01-16,5.9,16.3,25.4,81,16.1,0.5
2023-01-17,0,12.7,26.1,69,16.6,3
2023-01-18,15.2,15.1,26,74,15.7,2.1
2023-01-19,8.4,13.9,28.4,65,17.1,1.7
2023-01-20,3.4,13.1,25.2,76,17.8,1.7
2023-01-21,5.4,12.4,30.2,89,13.2,2.1
2023-01-22,3.8,12.9,24.1,81,14.8,2
2023-01-23,0.6,14.8,24.4,82,15.6,3.3
2023-01-24,15.4,15.3,21.4,77,15.2,1.9
2023-01-25,13.3,15.9,26,72,16.7,2.8
2023-01-26,0,15.3,26.8,84,12,2.8
2023-01-27,0,14.9,26.2,77,15.3,1.7
2023-01-28,10.8,15,20,84,12.2,1.8
2023-01-29,12.5,16.1,29.1,91,15.1,1.1
2023-01-30,4.7,12.7,22.7,73,12.2,2.3
2023-01-31,0.2,13.2,28.2,85,15.4,2.6
2023-02-01,13.1,15.4,28.2,77,15.5,3.9
2023-02-02,13.4,12.6,24.2,72,15.4,2
2023-02-03,0,13.1,22.5,74,11.1,0.7
2023-02-04,0,13.1,23.5,77,12.9,1.8
2023-02-05,3.1,16.7,22.4,76,11.5,1.8
2023-02-06,15.2,11.1,24.7,70,13,2.2
2023-02-07,12.9,14.5,23.4,82,14.9,0.8
2023-02-08,3.6,16.2,23.9,81,11.7,0.8
2023-02-09,1.5,14.1,25.6,82,13.7,1.7
2023-02-10,0,11.3,26.3,80,13.2,1.2
2023-02-11,4.8,11.5,22.7,67,13.5,2.5
2023-02-12,12.6,13.2,25.7,64,12.7,1.8
2023-02-13,7.2,13.1,24.4,85,13.9,2.6
2023-02-14,0,13.4,26.9,85,13.5,0.2
2023-02-15,2.6,15.3,25.7,89,11.6,2.2
2023-02-16,3.9,16.3,22.4,75,12.4,2.2
2023-02-17,5,15.3,21.8,80,13.7,1.7
2023-02-18,9.8,14.2,26.2,71,11.5,1.7
2023-02-19,13.7,14.3,22.5,81,12.9,2.4
2023-02-20,0.5,11.9,22.9,76,13.4,2.7
2023-02-21,3.4,15.5,20.4,85,12.4,1.8
2023-02-22,3.7,13.8,24.7,74,7.7,1.2
2023-02-23,6.9,13.5,23,81,11.4,2.6
2023-02-24,13.7,11.3,25.4,80,10,1.2
2023-02-25,5.3,12.3,25.3,74,13.3,1.6
2023-02-26,10.5,13.8,21.7,78,13.7,1.2
2023-02-27,7.7,15,21.5,83,12.1,2.1
2023-02-28,9.2,14.4,23.5,79,13.6,1.8
2023-03-01,8.7,13.3,23.3,78,12.1,2
2023-03-02,14.1,10.4,19.7,80,12.9,2.7
2023-03-03,0,12.9,24.2,76,12.8,1.7
2023-03-04,22.8,11.9,24.1,75,13.7,3
2023-03-05,3.2,12.8,22.9,75,10.2,1.7
2023-03-06,13.5,12.7,25.8,82,10.8,2.2
2023-03-07,13.7,10.6,24.2,79,11.4,1.6
2023-03-08,6.7,12.2,21.5,86,10.4,2.3
2023-03-09,12.6,13,23.4,76,10.1,1.4
2023-03-10,12.7,13.5,22.7,90,12.2,1.3
2023-03-11,10.3,11.1,23.4,76,10.6,2.9
2023-03-12,5.3,11.5,22.6,77,12.4,2.7
2023-03-13,4.7,13,23.9,78,11.7,1.6
2023-03-14,5.3,11.8,24.3,83,9.3,2.5
2023-03-15,5.8,10,23.8,69,11.3,2.3
2023-03-16,10.4,12,21.6,74,13,1.9
2023-03-17,7.5,11.9,26.6,75,12.4,2.7
2023-03-18,4.8,13.9,23.4,92,10.4,1.7
2023-03-19,17.9,13.7,24.7,78,12.4,1.4
2023-03-20,16.2,11.3,20.4,81,10.5,0.1
2023-03-21,3.3,14.8,23.2,85,10.9,2.7
2023-03-22,9.6,10.6,21.4,76,13.3,2.2
2023-03-23,13.7,13.7,19.6,80,9.6,2.9
2023-03-24,16.5,11.7,22.9,86,11.7,1.8
2023-03-25,0,8.7,22.9,80,10.1,2.2
2023-03-26,0.2,12,22,78,9.7,3.6
2023-03-27,4.4,12.2,22.2,76,11.7,1.6
2023-03-28,2.9,12.2,21.4,85,9.8,2.2
2023-03-29,7.9,10.8,20.5,77,10.8,1.9
2023-03-30,19.3,10.7,23.6,79,11.8,0.4
2023-03-31,5,13.5,19.5,73,10.6,2.8
2023-04-01,0,12.6,24.5,79,11.1,0.2
2023-04-02,6.4,11.1,24.7,86,12.2,1.9
2023-04-03,15.9,11.5,26,83,11.7,2.3
2023-04-04,9.3,13.1,19.7,84,11.6,1.1
2023-04-05,13,12.2,23.9,82,13.6,2.7
2023-04-06,10.2,14.6,21.2,82,10.6,1.7
2023-04-07,9.4,12.8,21.6,86,11.2,0.1
2023-04-08,16.6,9.9,21.6,79,13.5,1.4
2023-04-09,9.1,11.8,22.6,87,10.3,1.4
2023-04-10,12.4,11.2,19.4,83,10.4,1
2023-04-11,13,11.9,19.1,79,12.4,0.5
2023-04-12,20.3,11.9,22.6,74,12.3,2.9
2023-04-13,11.9,13.1,24.8,84,9.7,1.6
2023-04-14,7.5,10.4,20.5,82,11.3,1.1
2023-04-15,11.6,10.7,19.4,87,7.3,2.1
2023-04-16,3.7,11.8,18.9,84,8.5,2.3
2023-04-17,17.7,12.2,23.4,76,10,3.2
2023-04-18,6.8,13.6,24.9,76,10.1,1.4
2023-04-19,11.9,11,22.9,83,9,1.6
2023-04-20,4.6,13.5,24.8,84,11.7,3.3
2023-04-21,10.2,11.5,23,91,10.4,2.2
2023-04-22,9.5,11.1,21.9,82,13.7,0.8
2023-04-23,9,13.2,22,89,11.5,2.6
2023-04-24,17.7,12.7,23.8,81,11,0.9
2023-04-25,3.1,10,22.8,81,12.5,2.8
2023-04-26,6.1,11,22.9,89,9.3,3.3
2023-04-27,12.7,10.2,23.5,85,10.8,3.8
2023-04-28,7.8,11.3,22.9,82,12,1.8
2023-04-29,10.4,12.7,23.3,87,12.3,1.2
2023-04-30,0,9.6,21.4,81,11.4,1.4
2023-05-01,9,10.6,24.3,84,11.5,1.4
2023-05-02,5.4,12.1,20.7,90,11.7,2.5
2023-05-03,7.9,12.3,22.9,87,10.9,1.6
2023-05-04,8.3,11.6,22.7,80,11.4,2
2023-05-05,3.9,13.1,22.4,79,8.8,1.3
2023-05-06,2.3,11.4,21,89,9.1,2.1
2023-05-07,0,14.5,25.5,100,12.3,2.1
2023-05-08,17.4,10.2,24.5,93,9.8,2
2023-05-09,13.1,10.7,25.6,86,13.6,1
2023-05-10,17.1,11,20.6,83,11.8,1.6
2023-05-11,10.9,10.1,23.9,87,12.5,2.7
2023-05-12,8.4,11.6,25.6,85,10.1,2.1
2023-05-13,0.4,14.4,24.8,89,13.4,3.6
2023-05-14,11.5,11,22.2,88,15.7,1.6
2023-05-15,0,11.4,21.5,100,12.5,0.6
2023-05-16,16.8,13,22.2,78,14.5,0.8
2023-05-17,13.9,12.5,19.2,90,12.3,2.1
2023-05-18,9,14.6,21.4,87,14.4,1.9
2023-05-19,0.4,12.5,22.8,77,11.6,2.4
2023-05-20,10.1,13.3,24,80,15.4,2.1
2023-05-21,6.3,14.1,23.3,86,14.6,1.5
2023-05-22,7.3,12.4,27.4,78,13.6,1.8
2023-05-23,5.5,12.6,24,81,14.6,3.5
2023-05-24,7.1,14.3,22.3,98,12.2,1.9
2023-05-25,5.8,11.2,22.4,76,13,2.2
2023-05-26,1.2,13.6,22.5,79,14,0.8
2023-05-27,11.2,12,25.1,85,13.3,2.4
2023-05-28,5.2,12.2,22,92,12.8,2.5
2023-05-29,3.7,12.5,21.9,78,14.9,1
2023-05-30,0,14.2,24.2,74,11.7,2.7
2023-05-31,10.8,10,25.9,84,13.6,1.3
2023-06-01,5.5,12.9,23.5,89,14,2.9
2023-06-02,8.2,13.4,22.5,88,12.8,2
2023-06-03,10.3,14,21.7,89,16.7,1.6
2023-06-04,9.6,11.6,25.6,88,12.7,1.9
2023-06-05,10.5,12.2,21.6,82,13.2,1.2
2023-06-06,9.5,14.1,25.2,77,15,1.1
2023-06-07,3.7,14.8,25.6,84,14.6,1.1
2023-06-08,5.7,13.8,26.1,76,14.2,2
2023-06-09,0,12.3,23.7,87,15.1,2.1
2023-06-10,3.1,12.3,24.3,89,12.4,2.8
2023-06-11,16.9,15.6,23.3,78,14.3,2.2
2023-06-12,18.6,14.2,24.5,82,14.5,2.6
2023-06-13,5.8,13.2,23.8,75,15.9,3.1
2023-06-14,12.4,11.6,24.5,84,14.7,2.4
2023-06-15,2,10.7,26.5,75,14.9,2.3
2023-06-16,9.8,12.9,24.7,87,10.9,2.1
2023-06-17,1.5,15,21.7,81,13.8,1.9
2023-06-18,21.6,11.1,23.7,71,11.3,2.6
2023-06-19,4.5,13.9,24.6,76,16.4,3
2023-06-20,9.5,13.5,25.9,78,14.5,0.9
2023-06-21,7.6,12.5,24.6,78,17.4,1.7
2023-06-22,13.7,12.9,24.2,88,14.4,1.1
2023-06-23,10.4,12.1,25,83,12.7,2.2
2023-06-24,5.1,15.7,27.5,82,13.3,2.3
2023-06-25,2.9,13.5,25.6,82,13.4,3
2023-06-26,4,15.4,26.3,71,15.4,1.4
2023-06-27,10.9,12.5,25.9,73,15.8,3.6
2023-06-28,9.6,12.5,26.3,81,15.2,1.8
2023-06-29,6.7,13.4,22.9,68,15.4,0.9
2023-06-30,2.7,15.1,24.6,88,15,0.9
2023-07-01,8.4,15.3,24,78,17,1.5
2023-07-02,12.7,15,27.2,78,16.4,2.8
2023-07-03,8.6,15.9,24.7,80,18.1,0.2
2023-07-04,0,11.8,25.9,85,13.1,0.6
2023-07-05,10,15.4,28.3,79,12,1.2
2023-07-06,13.9,15.6,27.8,82,16.6,1.9
2023-07-07,6.1,14.8,26.8,64,16.9,1.5
2023-07-08,7.1,15.3,26.7,73,17.3,1.1
2023-07-09,16.8,14.7,27.9,81,14.9,1.2
2023-07-10,4.9,14.7,25.9,79,18.4,3
2023-07-11,8.7,15.8,28.6,83,16.3,3.1
2023-07-12,8.4,13.7,27.7,72,16.7,2.7
2023-07-13,5.4,14.9,26.8,79,16.7,1.9
2023-07-14,10.2,13.3,24.4,86,17.5,3.1
2023-07-15,0,12.6,27.4,84,16.3,1.6
2023-07-16,7.5,15,25.5,78,18.2,1.2
2023-07-17,0,14.8,26.7,75,16.5,1
2023-07-18,0,17.5,24.1,79,17,2
2023-07-19,11.6,14.5,29.6,74,17.5,1
2023-07-20,14.6,14.5,28.2,82,14.8,1.9
2023-07-21,5.8,15.8,29.3,78,15.8,2.2
2023-07-22,2.9,16.6,27.2,76,14.9,2.4
2023-07-23,10.9,18.5,31.1,74,19.5,3.8
2023-07-24,6.2,17.5,29.6,71,14.2,2.7
2023-07-25,0,15.4,24.9,70,15.4,1.7
2023-07-26,6.4,17.6,27.2,74,18.9,2.3
2023-07-27,12.4,15.3,31.4,84,17.4,2.3
2023-07-28,1.2,15.7,27.3,78,18,1.5
2023-07-29,12.2,16.7,29.8,66,17.5,3.3
2023-07-30,4.6,14.7,33.3,77,19.9,1.7
2023-07-31,0,17.5,30.9,72,16.7,3.2
2023-08-01,0,16,29.6,77,19.9,1.9
2023-08-02,0,15,29.7,63,18.1,1.5
2023-08-03,4.7,18,29.2,67,17.9,2.2
2023-08-04,12.9,17.3,29.1,76,15.2,2.9
2023-08-05,0,15.8,27.6,63,20.4,3.6
2023-08-06,11.8,15.9,29.2,65,17.5,1.5
2023-08-07,0,16.1,27.6,67,16.9,1.9
2023-08-08,4.8,13.9,29.6,60,20.2,4.2
2023-08-09,2.6,17.7,28.5,67,20.8,2.4
2023-08-10,0,16,30.8,81,18.6,0.3
2023-08-11,0,17.9,28.2,80,18.1,2.4
2023-08-12,0,14.5,28.7,70,19.1,2.8
2023-08-13,0,18.9,29.7,86,18.9,1
2023-08-14,0,16.8,31.5,68,18.7,0.4
2023-08-15,5.3,18.3,32.1,74,20.3,2.8
2023-08-16,1.6,16.7,28.9,72,17.9,2.7
2023-08-17,8.3,16.2,28.4,73,17.6,1.6
2023-08-18,0,16.4,28.8,72,18.7,3.4
2023-08-19,0,16.9,32.8,70,19.4,2.3
2023-08-20,5.9,16.1,29.4,70,22.2,2
2023-08-21,0,15,33.9,70,20.3,2.8
2023-08-22,1.7,15.7,29.8,69,21.6,3.1
2023-08-23,4.1,16.4,29,64,20.3,3
2023-08-24,12.7,16.4,30.4,67,20.5,2.2
2023-08-25,2.4,18.5,30.8,62,19.1,3.1
2023-08-26,2.8,16.3,26.8,63,20.5,2.1
2023-08-27,5.2,18.4,29.7,74,19.3,1.1
2023-08-28,0,18.4,33.6,62,19.9,2.2
2023-08-29,4.1,17.3,29.9,72,19.3,2.2
2023-08-30,0,18.2,28.4,73,20.1,0.4
2023-08-31,0,17.5,31.7,67,19,2.8
2023-09-01,5.1,19.6,29.1,63,20.1,2.2
2023-09-02,0,17.1,27.9,59,20.4,2.7
2023-09-03,2,15.4,31.2,58,22.9,1.5
2023-09-04,2.7,14.4,30,67,18.8,1.9
2023-09-05,6.6,18.1,30,62,21.7,1.2
2023-09-06,0,18.4,31.7,70,18.7,3.5
2023-09-07,7.7,18.8,32.1,77,21.8,2.6
2023-09-08,9.8,17.4,32.5,72,24.3,2.2
2023-09-09,8.1,17.1,33.1,61,21,1.2
2023-09-10,0,17.4,31.7,66,21.6,1.4
2023-09-11,0,18.2,33.1,65,22.7,2.4
2023-09-12,0,15.5,28.8,64,18.5,1.6
2023-09-13,7.7,17.6,29.4,68,18.4,1.9
2023-09-14,2.5,19.6,30.3,66,18.3,2.3
2023-09-15,0,18.6,30.5,74,20.6,1.8
2023-09-16,0,17.3,27.7,64,17.4,2.2
2023-09-17,0,16.9,27.8,71,19.8,2.5
2023-09-18,0,14.8,33.2,70,23,2.8
2023-09-19,3.5,16.8,33.3,61,18.6,0.3
2023-09-20,0,18.8,28.8,61,20.4,1.9
2023-09-21,5.8,16.3,33.2,61,21.4,2.6
2023-09-22,1.7,17.6,34.6,62,19.4,3.3
2023-09-23,0,19.7,32.2,69,21.8,1.6
2023-09-24,0,18.5,28.8,62,22.2,1.6
2023-09-25,0,16.6,31.6,68,23.5,0.7
2023-09-26,1,16.1,32,61,21.7,1.5
2023-09-27,1.6,18.2,32.9,64,20.8,1.1
2023-09-28,0.4,17.3,31.9,63,20.7,1.3
2023-09-29,0.9,19.3,28.2,63,21.2,2.9
2023-09-30,0,20.3,32.4,60,19.4,2.9
2023-10-01,10.1,17.7,29.5,65,22.7,2.8
2023-10-02,0,16.4,29.8,68,21,2
2023-10-03,0,17.3,32.1,71,21.4,0.6
2023-10-04,0.3,17.2,30.9,64,19.6,1.2
2023-10-05,0,17,30.1,63,20.1,1.4
2023-10-06,0,20.1,32.5,66,21.1,2
2023-10-07,0,17.9,33,63,19.7,1.6
2023-10-08,0,16.3,31.2,71,17.5,2
2023-10-09,2.7,18.7,32.2,56,22.3,2.1
2023-10-10,0,16.8,33.5,61,22.4,3.6
2023-10-11,0.2,18.7,30.9,59,19.8,2
2023-10-12,0.4,20.1,26,68,18.6,3
2023-10-13,0,17.8,32.1,64,20.1,2.3
2023-10-14,0.4,18.7,33.8,64,19.4,1.8
2023-10-15,0,16,32.7,68,18.8,3.5
2023-10-16,0,16.5,31.9,60,21.5,2.2
2023-10-17,0.5,18,30.9,64,19.9,2.7
2023-10-18,0,17.4,33.8,65,20.3,1
2023-10-19,0,20.6,30.3,64,20.9,3.5
2023-10-20,0,18.4,32.7,67,23.2,1.5
2023-10-21,0,20.9,32.8,84,18,2.6
2023-10-22,0,19.5,30.9,71,22,1
2023-10-23,0,17.8,27.6,56,20.1,2.6
2023-10-24,0,15.9,31.1,71,22.4,2.2
2023-10-25,0,15.8,32.8,67,20.8,2.5
2023-10-26,0,19,27.2,51,17.6,2.1
2023-10-27,9.6,15,31.4,77,19.4,2.3
2023-10-28,0,17.9,31.8,66,19.6,1.6
2023-10-29,0,18.9,33.8,61,19.8,1.8
2023-10-30,1.7,16.5,31.4,58,20.1,2.4
2023-10-31,0,17.4,29.1,69,19.7,3.4
2023-11-01,1.7,17.3,31.1,73,23,3.8
2023-11-02,0,17.6,31.4,62,21.7,2.8
2023-11-03,0,19.4,32.5,66,21.9,1.5
2023-11-04,0,18,33.5,61,19.6,2.4
2023-11-05,0,19.3,32.6,71,21.4,1
2023-11-06,0.4,18.2,29.3,58,17.4,3.4
2023-11-07,0,14.6,32,77,22.3,2.4
2023-11-08,1.8,16.1,31.3,79,23.2,2.3
2023-11-09,0,17.3,31.4,68,21,1.7
2023-11-10,1.5,14.3,28.7,65,23.7,3.1
2023-11-11,0,19,34.1,69,18.7,0.9
2023-11-12,1,20.3,31.3,60,18.4,2.3
2023-11-13,0.3,18.9,28.1,66,17.5,2.2
2023-11-14,0,15.4,30.4,62,20.5,2.5
2023-11-15,0,16.1,30.4,57,17.6,3.9
2023-11-16,0,17.6,31.1,70,21.4,1.5
2023-11-17,0,15.5,32.2,60,21.6,3
2023-11-18,0,17.7,32.7,73,20.2,3.5
2023-11-19,0,17.1,30.3,63,18.7,2.4
2023-11-20,0,20.6,30.4,74,20,2.9
2023-11-21,0,16.9,34.7,66,19.6,1.4
2023-11-22,0,17.7,27.5,63,18.4,2.8
2023-11-23,17.7,17.9,31,65,18.4,2.6
2023-11-24,0,14.8,28.9,64,18.5,2.1
2023-11-25,3,18.9,32.9,61,18.9,1.6
2023-11-26,0,17.4,35.8,66,16.7,1.1
2023-11-27,0,15.8,33.3,67,19.6,1.7
2023-11-28,0,17.6,32.1,71,19.8,2.1
2023-11-29,0,15,30.6,59,15.9,1.4
2023-11-30,1.2,15.2,28.9,65,17.8,0.7
2023-12-01,9.4,13.3,29.2,61,16.7,1.9
2023-12-02,1.1,17.3,29,66,18.2,2.2
2023-12-03,0.4,17.4,27.7,63,20.4,1.5
2023-12-04,0,17.4,28.3,67,17,2.1
2023-12-05,2.8,16.2,28.8,74,17,2.2
2023-12-06,0,18.2,32.4,70,18.9,1.7
2023-12-07,0,17.1,31.5,51,17.3,1.6
2023-12-08,0,15,30.3,61,17.8,2.8
2023-12-09,0,17,29.9,75,15.6,2.1
2023-12-10,6.2,14.8,29,59,15.4,3.1
2023-12-11,2,14.5,29.9,56,16.9,3.6
2023-12-12,0,16.2,28.8,76,18.7,1.8
2023-12-13,0,16.2,29.2,70,16.8,1.7
2023-12-14,0,15.1,30.5,68,17.8,2
2023-12-15,2.2,17.2,30.2,70,17.2,3
2023-12-16,0,16.5,25.6,75,17.2,2.7
2023-12-17,0,17.2,28.5,68,18.5,2.2
2023-12-18,1.4,14.3,27.7,73,17.7,1.1
2023-12-19,0,19.1,27.8,77,13.4,3.3
2023-12-20,0,14.9,28.9,72,18.4,2.3
2023-12-21,0,14.8,27.2,65,17.4,2.7
2023-12-22,4.8,13.6,27.4,67,19.4,0.5
2023-12-23,8.4,16.7,27.9,71,14.7,2.7
2023-12-24,6.7,14.8,30.5,66,15.1,0.9
2023-12-25,0,18.8,25.2,71,18.4,1.8
2023-12-26,0,14.9,28.7,68,14.7,2.2
2023-12-27,2.2,16.7,29,74,15,2.4
2023-12-28,0,14.9,28.6,70,18.4,1.3
2023-12-29,0,16.8,26.5,73,16.9,2.5
2023-12-30,13.5,14.8,24.6,84,14.4,1.7
2023-12-31,0,15.3,26.6,69,16.5,1.5
2024-01-01,2.8,13.5,27.8,83,15.9,4.1
2024-01-02,9.1,16.6,27.7,65,13.8,1
2024-01-03,4.4,14.3,29.3,73,15,2.4
2024-01-04,0,17.5,26.9,74,14.8,3.3
2024-01-05,6.1,13.5,29.5,70,13,1.9
2024-01-06,0,16.2,27.3,60,15.4,2
2024-01-07,4.9,16.4,27.5,66,17.7,2.9
2024-01-08,0,15.6,25.9,74,14.6,3.2
2024-01-09,0.1,15.3,24.8,65,17.6,1.3
2024-01-10,0,15.7,29.1,62,15.6,3.1
2024-01-11,1.7,13,28.2,82,16.6,2.1
2024-01-12,7,14,28.1,73,16.7,2.5
2024-01-13,5.6,13.2,26.7,75,12.7,1
2024-01-14,0,15.6,28.5,77,15.6,1.2
2024-01-15,0,15.9,22.9,68,17.1,1.8
2024-01-16,0,15.6,20.8,83,14.2,3.1
2024-01-17,6.5,13,26.4,69,17.7,2.2
2024-01-18,9,13.2,27,70,14.7,2.1
2024-01-19,0.2,13.6,26.5,80,12.7,1.4
2024-01-20,3.2,15.6,29,77,16,1.6
2024-01-21,6.1,13.5,26.8,76,13.9,3.1
2024-01-22,2.3,12.7,25.1,79,15.4,2.6
2024-01-23,0.1,14.3,23.9,79,12.2,1.3
2024-01-24,9.4,14,25.4,89,15.2,2.3
2024-01-25,8.7,14.6,25,73,12.4,2.7
2024-01-26,0,14,25.7,71,13.9,2
2024-01-27,9.1,13.1,26.5,68,14.3,2.1
2024-01-28,14.8,15.5,24,70,14.9,2.6
2024-01-29,0.9,13.9,26.3,80,15.4,1.7
2024-01-30,9.1,13.4,26.4,59,12.5,2.1
2024-01-31,0,16.7,29.7,68,14.6,3.4
2024-02-01,8.1,13,24.9,69,13.5,1
2024-02-02,13.1,13.4,25.1,71,15.7,2.1
2024-02-03,13,10.8,26.1,74,12,1.7
2024-02-04,1,14.3,24.3,84,14.7,0.7
2024-02-05,5,14.8,23.6,78,15.5,1.4
2024-02-06,0,13.6,22.6,68,15.2,0.1
2024-02-07,0,12.3,22.5,76,11.5,1.9
2024-02-08,10.9,13.9,24,74,13.2,1.6
2024-02-09,7.5,12.9,25.7,86,13,2.4
2024-02-10,7.2,13.7,26.1,72,12.9,0.9
2024-02-11,7.8,12.9,26.1,74,13.2,3.1
2024-02-12,8.8,14.5,24.8,77,10.2,2.6
2024-02-13,2.9,14.5,26.7,74,12.2,1.7
2024-02-14,7.2,16.6,23.4,77,13.2,4.5
2024-02-15,14.7,14.9,23.5,75,12.4,2
2024-02-16,14.4,12.6,24.7,87,9.8,2.7
2024-02-17,12.6,14.4,26.6,75,12.1,1.4
2024-02-18,4,10.6,21.1,80,12.4,0.5
2024-02-19,6.9,12.3,25.4,73,10.7,2.1
2024-02-20,0,14.9,20.5,85,9.3,2.1
2024-02-21,8.3,11.9,22.6,75,13.6,2.9
2024-02-22,0,13.5,22.5,82,14,0.7
2024-02-23,7.8,12.8,22.3,76,13.4,1.7
2024-02-24,8.2,10.4,26.1,79,13.4,1.3
2024-02-25,1.9,14.5,23.5,81,15.6,2.5
2024-02-26,2.2,11.1,23.9,79,10.7,2.9
2024-02-27,12.9,14.7,24,81,11.5,2.8
2024-02-28,3.1,14.2,23,94,10.6,1.7
2024-02-29,0,10.8,22.2,85,11.6,2.2
2024-03-01,6.4,11.5,25.2,79,10.2,2.5
2024-03-02,22.7,13.2,22.8,76,12.1,1.9
2024-03-03,4.2,12.4,25.6,77,14.8,2.2
2024-03-04,0,12.3,23.8,85,12.7,0.8
2024-03-05,0.3,14.7,21.8,81,10.9,2.4
2024-03-06,0,10.4,22.9,84,11.8,1
2024-03-07,12.1,10.7,23.4,74,13.4,2.2
2024-03-08,9.2,13.2,23.7,84,12.5,1.7
2024-03-09,6.3,10.7,21.6,85,11.4,3.1
2024-03-10,5.1,11.8,22.1,73,12,3.4
2024-03-11,0,11.1,20.8,82,10.7,1.9
2024-03-12,17,12.6,23.5,85,11.5,1.1
2024-03-13,13,10,24.5,78,11.3,3.6
2024-03-14,19.1,12.9,21.3,80,12.3,1.9
2024-03-15,8.5,13.1,21,81,12,2.6
2024-03-16,3.6,13.1,21.9,80,9.6,1.9
2024-03-17,10,12.6,21.4,82,7.6,2.6
2024-03-18,13.4,12.4,20.8,74,12.5,1.8
2024-03-19,8.9,15.2,20.6,91,11.2,1.5
2024-03-20,14.8,10.9,21.9,88,10.8,2
2024-03-21,7.6,10.3,20.5,77,10.9,1.1
2024-03-22,17.1,11.3,25.2,85,11.1,2.7
2024-03-23,4.9,12.2,23.1,85,10.8,1.2
2024-03-24,5.4,12.4,24,94,11,0.1
2024-03-25,0,12,26,76,11.3,3.8
2024-03-26,4.9,8.4,22.7,79,11.1,2.3
2024-03-27,18.2,13,23.2,75,13.6,1.9
2024-03-28,14.4,9.5,24.4,84,11.9,1.9
2024-03-29,14,13.6,18.1,89,12.6,0.1
2024-03-30,11.5,14.2,24,95,11.5,2.9
2024-03-31,21.2,10.1,23.5,75,9.2,2.8
2024-04-01,11,12.6,22.2,74,10,1.4
2024-04-02,3.1,12.5,23.2,93,9.2,2.2
2024-04-03,25.5,12.5,20.5,86,12,1.7
2024-04-04,8.7,14.2,19.9,88,14.7,1.7
2024-04-05,8.8,11.2,23.6,88,11.3,1.7
2024-04-06,10.2,9.9,20.7,89,11.5,1.8
2024-04-07,5.4,11.1,25,75,14.7,2.5
2024-04-08,15.3,10.7,20.3,91,11.5,2.4
2024-04-09,2.7,12.5,20.6,83,9.6,3.3
2024-04-10,14.4,12.5,24,94,12,1.8
2024-04-11,16.5,9.1,20.5,81,9.5,1.4
2024-04-12,2.6,10.8,20.2,92,7.5,2.7
2024-04-13,0,12.2,22.2,78,11.5,1.5
2024-04-14,12.3,12.4,22.1,87,10.2,3.3
2024-04-15,2.4,12.5,18.3,87,12.4,2.2
2024-04-16,6.9,12,21.8,84,10,1.2
2024-04-17,19.9,13.3,22.5,80,11.6,3.3
2024-04-18,13.8,12.8,21.7,83,14.4,1.7
2024-04-19,0,13.9,23.8,82,7.7,3.1
2024-04-20,8.2,11.2,20.1,84,11.3,2.7
2024-04-21,13.4,12.7,19.5,86,10,1.9
2024-04-22,5.8,10.4,20.1,84,12.5,2.5
2024-04-23,11.9,11.7,22.6,91,9.9,2.9
2024-04-24,9.7,9.2,24.8,92,13.3,2.4
2024-04-25,7.8,10.8,23.7,91,10.6,2.2
2024-04-26,1.5,12,24.1,83,12.2,3.8
2024-04-27,0,11.3,21.1,87,9.1,2.7
2024-04-28,8.7,11.5,22.4,83,13.1,1.5
2024-04-29,8.5,10.5,20.5,87,14.6,2.3
2024-04-30,8,12.6,26,80,12.2,2.7
2024-05-01,16.9,12.7,24.6,82,10.5,2.3
2024-05-02,8.1,11.6,21.3,90,11.7,1.7
2024-05-03,10,13.8,23.4,89,9.5,1.8
2024-05-04,2.6,12.6,22.6,74,9.4,0.7
2024-05-05,14.1,12.1,20.8,85,11.6,1.6
2024-05-06,2.2,11.9,23.7,93,11.4,1.8
2024-05-07,2.1,12.1,21.2,80,13.6,2.3
2024-05-08,5.6,9.7,22.9,83,10.8,2
2024-05-09,7.9,13.3,21.6,86,9.5,2.8
2024-05-10,1.1,15.2,23.6,94,11.2,2.3
2024-05-11,11.7,12.3,19.6,81,13.7,1.1
2024-05-12,10.1,12.4,25.3,84,9.6,3.7
2024-05-13,13.8,10.8,22.8,80,13.7,3.1
2024-05-14,3.4,13.2,27.7,82,11.4,2.9
2024-05-15,2.3,10.6,22.9,78,12.5,3.2
2024-05-16,9.8,11.8,23.7,94,11.9,1.6
2024-05-17,15.3,13,23.2,92,11.9,1.5
2024-05-18,6,13.4,24.8,82,13.3,2
2024-05-19,5.1,13.7,23.5,82,12.3,2.8
2024-05-20,9.8,15.7,26.3,91,15.5,2
2024-05-21,9.6,10.7,23.4,88,11.1,2.6
2024-05-22,5.2,11.1,22.9,88,13.3,2.5
2024-05-23,8.9,13.4,24,83,12,1.6
2024-05-24,6.4,13.6,21.3,76,10.2,1.5
2024-05-25,1.4,12.7,24.7,84,13.1,2.8
2024-05-26,12.7,13.3,23.5,76,14.5,2.8
2024-05-27,7.6,12.1,25.1,82,12.2,2.5
2024-05-28,12.7,10.6,24,77,13.3,3.1
2024-05-29,8.7,13.4,23.4,77,13.7,3.2
2024-05-30,5.1,13.8,21.3,77,14.8,1.9
2024-05-31,5.6,14.5,24.1,83,11.8,2.2
2024-06-01,7.1,12.2,20.4,76,14.6,1.1
2024-06-02,15.2,10.7,24.6,87,16.1,3.5
2024-06-03,8.9,11.8,25.1,66,14.7,2.1
2024-06-04,22.6,13.7,22.5,79,11.1,0.9
2024-06-05,0,13.5,24.7,76,14.9,2
2024-06-06,16.8,14.6,23.4,92,14.1,1.8
2024-06-07,6.8,13,28.2,74,14,2.1
2024-06-08,6.6,14.6,26.9,78,14.7,3.1
2024-06-09,9.9,12.8,28.4,73,15.7,2.7
2024-06-10,17.5,13.6,26.1,85,15.7,2.9
2024-06-11,7.4,12.5,25.1,83,12.9,2
2024-06-12,17.6,14.5,24.1,74,14.9,3.4
2024-06-13,13.3,14.5,26.4,85,15.7,3.7
2024-06-14,10.1,12.9,24.2,77,15,2.1
2024-06-15,0,12.8,26.5,78,16.4,2.5
2024-06-16,3.1,12,24.5,81,13.2,3.1
2024-06-17,6.2,13.6,22.2,80,14.8,0.4
2024-06-18,0,12.4,28.1,90,16.5,1.5
2024-06-19,2,15,24.4,79,19.5,1.1
2024-06-20,15.8,14.6,24.6,69,10.2,2
2024-06-21,0,11.2,23.2,71,12.9,2
2024-06-22,0.1,14.8,25.7,72,15.3,1.9
2024-06-23,7.6,15.7,30.4,77,17.2,1
2024-06-24,21.1,13.5,27,72,14.3,3.2
2024-06-25,4.4,14.5,23.3,87,14.3,2.7
2024-06-26,0,12.2,25,72,15.9,1.2
2024-06-27,12.1,15.1,25.9,77,16.7,1.6
2024-06-28,14.1,11.6,26.2,70,15.1,0.9
2024-06-29,10.3,18.1,23.4,88,15.1,2.5
2024-06-30,8.5,14.7,24.5,73,15.6,2.1
2024-07-01,5.9,15.1,25,81,14.7,1.8
2024-07-02,6.4,13.4,24.2,78,16.7,2.8
2024-07-03,8,14.4,26.4,88,14.3,3.1
2024-07-04,8,16.5,29,71,14,1.6
2024-07-05,1.5,15.6,28.2,68,17.5,4
2024-07-06,10.4,16,28.4,66,17.8,1.9
2024-07-07,0,18,26.2,74,12.7,2.9
2024-07-08,0,15.2,27.6,74,16.4,1.7
2024-07-09,7.4,13.6,26.3,68,19.4,2.9
2024-07-10,8.6,15.2,27.8,77,16.5,1.2
2024-07-11,8.7,15.2,27.1,85,17.6,3.7
2024-07-12,13.2,16.5,29.3,78,17.5,3
2024-07-13,8.8,14.5,29.5,88,18.1,2.6
2024-07-14,11.5,15.1,26.1,75,18,3
2024-07-15,11.3,15.4,26.1,75,17.5,2.2
2024-07-16,8.2,14.3,24.8,65,16.6,2.4
2024-07-17,10.4,18.6,24.7,83,14.9,1.9
2024-07-18,3.6,16.8,24.7,67,18.8,1.4
2024-07-19,3.6,14.4,31.6,76,16.6,1.7
2024-07-20,0,15.7,28.3,70,18,2.5
2024-07-21,0,13.8,27.4,78,17.2,3.3
2024-07-22,5.5,13.9,25.2,72,18,1.3
2024-07-23,6.4,16.3,29.9,82,18.2,3.2
2024-07-24,0,17.5,30.9,72,18.9,1.6
2024-07-25,7.6,16.9,26.7,63,15.9,2
2024-07-26,2,17,28.2,75,18.8,0.7
2024-07-27,9.1,16.2,29.5,77,15.3,2
2024-07-28,6.5,18.8,26.8,65,20.4,1.5
2024-07-29,0,16.4,28,76,18.9,4.1
2024-07-30,0,15.8,30.2,80,16,2.1
2024-07-31,11.4,18.1,29.8,92,18.9,2.4
2024-08-01,3.8,16.9,29.1,74,17.6,2.7
2024-08-02,1.9,15.6,29,81,18.4,1.4
2024-08-03,10.8,17.2,29.5,63,17.9,2.2
2024-08-04,5.8,16.7,28.1,80,18.6,3.6
2024-08-05,10.5,16.3,27.8,68,19.7,1.9
2024-08-06,10.7,16.8,29.6,76,17.9,0.6
2024-08-07,0,14.4,29.4,68,20.5,2.6
2024-08-08,11.1,14.4,28.3,66,18.7,1.8
2024-08-09,0.9,13.5,30.9,77,15.8,2.5
2024-08-10,18.1,18.4,30.5,71,17.7,1.8
2024-08-11,4.9,16.4,28.9,74,19.7,2.9
2024-08-12,0,16.2,29.8,85,19.8,1.9
2024-08-13,13.1,17.2,30.3,74,19.6,3.2
2024-08-14,0,16.1,31,70,16.6,1.9
2024-08-15,0.5,14.5,33,62,19,2.5
2024-08-16,0,18.5,31.5,72,18.6,1.5
2024-08-17,13.2,18.6,26.1,55,18.3,2
2024-08-18,1.2,18.1,31.3,70,19.4,2.3
2024-08-19,7.4,15.4,29.6,70,21.4,0.9
2024-08-20,3.5,15.7,32,59,19.7,2.7
2024-08-21,0,16.1,32.9,76,20.7,2.8
2024-08-22,0,16,31.9,68,19.8,2
2024-08-23,1.9,18.4,32.2,65,19.3,2.5
2024-08-24,3.7,18,26.7,65,20.4,2.8
2024-08-25,0,18.6,26.9,61,18.3,1
2024-08-26,0,18.4,30.4,65,21.4,0.9
2024-08-27,0,16.5,32.7,67,17.9,2.9
2024-08-28,0,19.2,31,62,19.6,1.2
2024-08-29,1.8,18.4,31.9,60,21.1,2.2
2024-08-30,7,19.1,29.3,63,19.6,3.7
2024-08-31,4.1,18.3,27.5,71,16.9,1.5
2024-09-01,0.1,17.6,29.5,66,17.2,2.8
2024-09-02,0,18.4,30,67,22,2.9
2024-09-03,9.7,17.3,31.4,65,18.5,1.6
2024-09-04,0,19.1,30.6,64,20.4,2
2024-09-05,0,14.3,31.8,62,18.1,1.7
2024-09-06,0.3,18.5,29,63,21.8,2
2024-09-07,0,16.4,32.9,68,23.2,2.5
2024-09-08,4.6,19.2,32.5,62,23.2,3
2024-09-09,0,15.6,29.9,63,21,1.5
2024-09-10,0,15.5,28.3,61,20,1.6
2024-09-11,4,20,35.2,60,21.3,2
2024-09-12,1.7,18.2,30.2,68,20.7,1.5
2024-09-13,0,17.6,30.7,70,20.4,0.6
2024-09-14,0,17.6,30.4,66,23.1,2.2
2024-09-15,0,19.1,28.6,60,20.6,2.3
2024-09-16,0,15.3,30.9,66,16.7,2.8
2024-09-17,0,17.1,32.4,73,21.1,3
2024-09-18,2.2,17.2,33.5,60,21.2,3.1
2024-09-19,4.4,16.9,29.5,64,19.5,1.6
2024-09-20,0,18.1,32.6,47,22.1,2.7
2024-09-21,0,18.8,32.9,62,21.9,2.2
2024-09-22,6.9,19,31.9,66,19,2.5
2024-09-23,3,20.5,32.4,69,20.6,1.9
2024-09-24,8.3,19.3,28.3,70,23.1,1.4
2024-09-25,0,17.9,29.4,71,23.6,2.3
2024-09-26,0,16.1,32.7,66,18.2,3.8
2024-09-27,0,17.4,33.1,62,20.4,0.8
2024-09-28,0,16.3,34.4,62,20.8,1.5
2024-09-29,0,15.7,33.1,69,22.8,1.3
2024-09-30,0,18.2,32.7,65,22.1,2.6
2024-10-01,0,16.5,30.8,63,19.9,0.9
2024-10-02,5,18.6,32.2,67,21.7,3
2024-10-03,0,19.2,34.6,68,17.7,2
2024-10-04,0,15.4,31.8,66,21.3,0.5
2024-10-05,0,17.1,31.4,63,22.1,2.5
2024-10-06,0,15.8,28.8,77,21.4,1.4
2024-10-07,6.6,17,33.3,69,20.2,3.3
2024-10-08,0,19,31.4,67,20.3,2
2024-10-09,2.1,14.3,32.4,56,21.7,3.4
2024-10-10,0,17.9,32.9,64,23.7,2
2024-10-11,0,17.4,34.3,63,18.7,1.1
2024-10-12,4.3,15.8,34.4,65,18.4,1.2
2024-10-13,0,16.6,29.7,61,19.4,2.3
2024-10-14,0,17.8,28.8,68,19.6,3
2024-10-15,9.4,14.9,34.4,64,20.2,2.4
2024-10-16,5.8,18.3,28.4,73,21.3,2
2024-10-17,0,19.8,32.2,69,19.3,2.2
2024-10-18,0,19.7,29.5,79,19,2.4
2024-10-19,5.7,17.1,31.1,68,21.4,3.2
2024-10-20,0,18.2,31.4,65,21.8,1.9
2024-10-21,0,17.3,31.8,70,20.9,2.8
2024-10-22,2.7,13.5,35.1,68,22.2,2
2024-10-23,0,18.5,31,68,22.4,2.2
2024-10-24,3.9,18,30.4,60,19.5,1.2
2024-10-25,0,19.1,33.1,62,17.1,3.9
2024-10-26,0.7,17.2,29.1,44,20.8,0.2
2024-10-27,0,15.9,33.6,67,17.1,2.5
2024-10-28,9.4,18.5,31.6,59,20,2.6
2024-10-29,0,19.1,30.3,61,22.9,2
2024-10-30,2.3,20.1,31.5,65,19.3,2
2024-10-31,0,16.7,31.3,69,17.9,1.3
2024-11-01,0,17,32.7,75,19.9,2.8
2024-11-02,0,18.3,31.1,60,19.9,4
2024-11-03,0.5,17.7,29,59,20,1.7
2024-11-04,0,18,30.1,74,17.6,1.4
2024-11-05,5.2,18.4,31.1,69,19.2,1.8
2024-11-06,0,16.1,30,64,23,1.6
2024-11-07,3.6,16.1,31.7,61,19.4,1.7
2024-11-08,0,18.2,30.2,61,17.7,1.3
2024-11-09,0,17.6,31.7,78,20.7,2.5
2024-11-10,0,18.2,29.9,65,22.4,2.5
2024-11-11,1.7,19.7,29.4,63,18.8,2.3
2024-11-12,0,17.2,33.1,63,21.6,2
2024-11-13,0,18,31.7,61,17.9,2.2
2024-11-14,0,18.5,32.3,57,19.3,1.7
2024-11-15,4.6,18.2,32.9,70,23.7,0.7
2024-11-16,0,17.3,29.5,65,18,1.5
2024-11-17,4.3,18.8,31,69,17.6,2.2
2024-11-18,0,16.1,30.4,77,18.6,2
2024-11-19,6.2,18.5,29.7,68,18.2,1.7
2024-11-20,0,17.9,30.3,68,21.4,1.6
2024-11-21,0,17.6,30.8,68,16.1,0.8
2024-11-22,0,18,26.5,67,19.6,2.6
2024-11-23,3.1,14.3,32.8,66,20.3,2.5
2024-11-24,0,18.3,27.8,50,20.8,1.2
2024-11-25,0.1,16.2,31.1,59,17.7,2.2
2024-11-26,0,18.6,27.6,66,18.6,2.1
2024-11-27,0,16.9,34.9,71,18.7,2.3
2024-11-28,0,15.4,28.6,63,19.2,2.4
2024-11-29,0,17.9,27.8,62,18.9,3
2024-11-30,6.9,14.9,28.5,67,15.5,2.5
2024-12-01,0,16.9,30.2,61,22,1.4
2024-12-02,0,14.1,30.2,72,16,3.3
2024-12-03,0,16.8,32.7,63,17.4,1.6
2024-12-04,0.7,20.4,29.6,75,18.9,2.7
2024-12-05,5.1,17.2,32.5,70,19.7,2.1
2024-12-06,0,16,29.5,66,18.4,3.1
2024-12-07,1.9,15.5,31.6,74,18.5,1.7
2024-12-08,8.8,17.2,30.2,71,20.4,1.9
2024-12-09,0,17.4,29,65,19.9,2.3
2024-12-10,6.9,15.6,31.4,71,17.6,2.5
2024-12-11,5.5,16.6,27.2,65,18,1.3
2024-12-12,0,18.2,30.9,66,15.1,0.7
2024-12-13,5.4,17,27.4,65,17.2,1.8
2024-12-14,0,15.5,29.7,74,17.5,0.8
2024-12-15,0,14,30,70,16.3,1.9
2024-12-16,0,17,28.5,74,18.2,2.5
2024-12-17,6.4,18.4,31.2,65,16.1,3.5
2024-12-18,0,15.4,28.5,62,17.3,2.8
2024-12-19,3,14.9,30.7,73,16,2
2024-12-20,0,17,31.1,63,16.3,2.2
2024-12-21,0.4,17.5,27.6,66,17,1.3
2024-12-22,0,14.1,26.7,79,18.4,1.7
2024-12-23,0,16.7,26.3,66,17.5,2.3
2024-12-24,4.4,14.4,26.6,59,16.6,1.5
2024-12-25,0,15,29.5,79,16.5,3.5
2024-12-26,0,17,25.7,68,20,1.6
2024-12-27,14.8,14.9,27.7,73,16,2.3
2024-12-28,2.2,15.2,25,69,17.9,1.3
2024-12-29,0,15.8,27.8,66,18.3,4.3
2024-12-30,0,16.6,27,68,16.4,1.5
2024-12-31,3.7,14.2,28,73,15.2,2.8
2025-01-01,3.1,16.7,26,70,18.1,1.3
2025-01-02,7.5,12.4,29.9,74,15.6,3
2025-01-03,12.7,16.2,26.4,71,16.1,1.5
2025-01-04,13.5,13.3,25.5,62,16.9,2.5
2025-01-05,7.3,17.5,27.8,75,15.4,1.4
2025-01-06,9.3,14.7,26.8,74,11.6,1.5
2025-01-07,4,16.7,28.4,74,14.6,1.2
2025-01-08,0,16.6,25.9,62,13.5,2
2025-01-09,0,14.5,24.7,84,15.8,3
2025-01-10,8.4,13.2,26.6,80,17.4,2.8
2025-01-11,0,14.1,25,77,16.2,1.3
2025-01-12,7,15.5,28.4,77,15.4,1
2025-01-13,10.7,18.5,28.5,62,13.4,1.7
2025-01-14,5.7,14.2,23.3,62,14.2,2.3
2025-01-15,0,14.4,24.6,74,16.5,2
2025-01-16,16.4,14.1,27.8,84,15.1,3
2025-01-17,1.4,15.1,26.4,74,15.7,2.4
2025-01-18,11.8,13.5,23.9,82,11.7,1.9
2025-01-19,0,14.1,23.3,81,12.9,2.4
2025-01-20,6.9,14.9,27.2,72,13.4,0.8
2025-01-21,1,15.6,28.3,68,12.5,2.3
2025-01-22,0,14.3,27.6,74,13.6,2.6
2025-01-23,0,14.6,23.5,75,16,2.1
2025-01-24,7.6,12.6,21.7,69,15.1,1.4
2025-01-25,4.9,17.3,26.1,83,12.9,1
2025-01-26,0,14.6,26.4,72,13.4,3
2025-01-27,0,13.4,25.3,66,13.1,1.6
2025-01-28,7.9,12.3,22.3,75,13.7,3.2
2025-01-29,1.4,13.6,23.4,85,15.2,1.5
2025-01-30,2.1,15.3,22.4,78,12.6,2.7
2025-01-31,11.5,13.5,24,80,12.8,1.8
2025-02-01,0,9.2,27,73,13.7,0.7
2025-02-02,8.8,14.6,26.3,81,14.3,2.2
2025-02-03,16.1,12.6,22.9,83,13.5,2.7
2025-02-04,13.4,15.3,24.5,84,10.5,2.9
2025-02-05,0,14.7,22.1,64,13.8,1.6
2025-02-06,5.1,12.6,28.8,70,15.2,1.1
2025-02-07,11,12.8,22.7,67,12.6,1.5
2025-02-08,11.4,11,25,75,16.8,2.6
2025-02-09,17.3,13.6,19.6,93,13.7,2.9
2025-02-10,4.4,12.4,22.4,80,14,2.3
2025-02-11,6.8,13.8,24.4,76,13.5,2.6
2025-02-12,1.5,10.5,23,83,13.4,2.4
2025-02-13,10.2,11.3,22.3,79,12.8,1.4
2025-02-14,6.8,12.3,28.9,91,10.4,2.7
2025-02-15,0,12.4,23.5,86,12.9,2.3
2025-02-16,0.6,12.5,24.9,81,12.7,0.9
2025-02-17,4.7,12.9,21.3,80,9.5,1.6
2025-02-18,13.7,13.2,22.7,86,13,2.6
2025-02-19,14.8,11.8,23.9,79,12.5,1
2025-02-20,10.7,12.9,23.1,71,10,1.5
2025-02-21,4.3,16.3,25.1,88,10.1,1.7
2025-02-22,7.4,15.3,21.2,87,12.9,2.5
2025-02-23,6.2,12.3,24,82,10.7,3.3
2025-02-24,6.5,12.6,21.3,81,13.7,2.9
2025-02-25,0,11.1,27,84,10.6,1.5
2025-02-26,16.3,13.7,21.8,81,13.5,1.8
2025-02-27,7,13.4,19.7,78,12.7,2.9
2025-02-28,0,13.7,27.4,97,13.7,1.4
2025-03-01,7.5,13.6,22.7,88,11,3.4
2025-03-02,6.7,11.1,22.3,76,10.6,2.2
2025-03-03,13.5,11.6,23.2,76,9.2,1.2
2025-03-04,0,12.9,23.8,88,10.3,1
2025-03-05,3.4,14.6,18.8,68,11.6,1.7
2025-03-06,7.5,9.5,21.4,81,12.4,2.2
2025-03-07,7,13.6,20.6,78,11.6,1.2
2025-03-08,13,15.2,20.7,71,10.7,1.2
2025-03-09,16.2,12.1,18.6,71,12.4,2
2025-03-10,6.8,13.1,21.1,88,10.4,3.3
2025-03-11,8,11.8,24.2,91,11.9,3
2025-03-12,2.8,10.9,21.5,96,12.2,2.4
2025-03-13,9.1,8.4,22.6,82,11.9,0.2
2025-03-14,7.9,11,22.5,89,11.7,2.5
2025-03-15,0,12.1,21.9,93,10.7,1.7
2025-03-16,7.7,12.8,21.1,73,7.7,2
2025-03-17,10.5,15,19.2,79,14.4,2.2
2025-03-18,19,13.3,19.7,89,8.6,0.1
2025-03-19,7.7,13.5,24.1,87,10.9,2.3
2025-03-20,13.7,13.2,23.5,69,12.3,1.5
2025-03-21,13.7,9.8,23.5,93,13.8,0.4
2025-03-22,9,9.7,23.6,82,11.8,1.7
2025-03-23,15.7,11.3,27.4,93,10.8,0.9
2025-03-24,11.6,14.5,22.5,81,10.3,2
2025-03-25,5.1,12.3,22.4,83,9.7,2.2
2025-03-26,16.4,14.3,20.4,78,10.6,1.7
2025-03-27,0,12.3,22.9,91,12.8,3.9
2025-03-28,6.5,9.5,21.6,84,12,3.6
2025-03-29,22.5,12.9,23,94,9.7,2.1
2025-03-30,14.7,9.5,21,81,10.9,2.5
2025-03-31,13.3,12.1,21.4,74,10.1,3.8
2025-04-01,12.9,13.5,22,89,9.8,2.7
2025-04-02,9.8,10,25.9,75,9.7,3.1
2025-04-03,10,10.8,22.3,84,7.4,2.1
2025-04-04,11.4,13.1,23.6,82,9.7,1.7
2025-04-05,15.4,11.7,23.7,75,13.9,1.7
2025-04-06,11.6,12.8,22.3,76,11.2,2.7
2025-04-07,12.2,12.4,18,97,13.3,2.5
2025-04-08,11.3,10,22.1,89,10.5,1.1
2025-04-09,20.6,13.7,22.6,87,9.5,1.8
2025-04-10,0.4,12.3,20.8,76,11.7,2.5
2025-04-11,23.5,14.6,23.6,83,9.8,1.6
2025-04-12,17.6,13.2,20.6,81,13.4,0.1
2025-04-13,15.4,12.2,23.6,84,13.1,0.7
2025-04-14,2.1,13.5,25.1,88,8.3,2.7
2025-04-15,7.2,12.9,21.6,80,11.4,1.5
2025-04-16,9.8,12.7,25.4,72,14.2,1.8
2025-04-17,8.6,12,22,93,9.7,4.4
2025-04-18,10.5,12.7,24.2,78,10.3,2.3
2025-04-19,16.4,10.6,27.9,90,8.5,2
2025-04-20,11.4,12.8,21.5,91,13.5,2.7
2025-04-21,12.2,11.9,21.8,85,11.8,3.1
2025-04-22,0,12.3,23.4,74,12.5,2.1
2025-04-23,8.7,11.8,23.4,86,11.4,3.2
2025-04-24,3.4,12.1,20.7,83,12.1,2.1
2025-04-25,11.6,9.9,24.5,89,9.6,3.1
2025-04-26,0.3,11.1,23.8,86,11.6,2
2025-04-27,2.4,11.6,23.1,82,13.4,2.7
2025-04-28,9.5,13.7,24.1,68,14.9,2.1
2025-04-29,11,12.6,21.3,95,14,2.8
2025-04-30,8.8,10.6,23.9,90,12.5,1.8
2025-05-01,2.6,13.1,21.8,86,11.9,2.1
2025-05-02,23.6,11.8,19.7,84,11.5,3.1
2025-05-03,14.6,12,22.1,83,10.7,1.8
2025-05-04,13.9,11.3,24.3,81,10.7,2.4
2025-05-05,16.9,12.7,22.4,83,10.2,0.4
2025-05-06,6.8,10.3,18.6,90,11.8,3.5
2025-05-07,7.7,13.5,20.6,92,11.5,0.8
2025-05-08,12.4,12,21.1,90,12.2,2.7
2025-05-09,17.1,11.2,24,87,12.6,1.6
2025-05-10,8.8,12.7,23,75,11.3,2.4
2025-05-11,17.8,13,20.2,84,9.3,1.5
2025-05-12,6.1,12.2,21.6,78,11.1,1.4
2025-05-13,23.8,11.8,25.5,81,11.8,1.8
2025-05-14,12,12.9,21.1,74,14.7,2.5
2025-05-15,2.2,13.7,24.4,89,14.8,1.9
2025-05-16,0,16,21.9,72,12.4,3.3
2025-05-17,7.3,14,23.8,91,13.6,1
2025-05-18,14.4,12.4,20.3,90,11.4,1.3
2025-05-19,5.7,12.8,19.4,82,15.7,2.2
2025-05-20,12.8,13.6,24.3,80,10.8,2.6
2025-05-21,11.2,15.6,25.2,90,10.8,2
2025-05-22,8.2,14.8,23.6,90,13.2,3.1
2025-05-23,15.1,12.5,20.8,71,13.9,0.1
2025-05-24,16.7,10.2,24.6,89,12.5,3.9
2025-05-25,3.9,12.5,24.3,75,13.3,1.7
2025-05-26,11.7,12.8,21,78,14.4,1.5
2025-05-27,7.2,13.9,25.2,78,9.6,2.3
2025-05-28,15.5,12.9,23.1,85,11.7,1.7
2025-05-29,7.2,13.5,19.3,87,11.6,2.2
2025-05-30,15.8,14.3,23.8,76,13.8,1.8
2025-05-31,10.6,14.7,22.1,87,10.5,1.2
2025-06-01,10.8,14.5,24.6,81,13,3.2
2025-06-02,14.2,15.5,22.3,81,10.7,2.2
2025-06-03,13.3,13.8,24.8,80,11.6,1.8
2025-06-04,17.2,13.3,23,84,14.2,0.3
2025-06-05,3.7,15.3,23,77,12.8,1.2
2025-06-06,6.8,13.4,28,77,14.1,2.7
2025-06-07,8.2,13,26.9,81,16.5,1.5
2025-06-08,9.7,14.6,24.9,87,13.9,1.8
2025-06-09,10.3,16.1,25.3,75,11.7,2.4
2025-06-10,7.6,14.5,26.3,81,13.8,2.3
2025-06-11,0,15.9,23.7,84,13.6,2.3
2025-06-12,12.1,12.6,27,73,11.6,2.7
2025-06-13,3.4,14.3,21.6,86,12.9,0.8
2025-06-14,6.2,14,30,87,12.9,1.9
2025-06-15,1.2,12.2,23.3,82,14.5,2.1
2025-06-16,7.3,14.8,22.1,86,13.3,3.7
2025-06-17,0,15.9,25.4,74,15.1,2
2025-06-18,12.1,16.9,25.6,79,13.6,2.8
2025-06-19,8.9,13.9,27.4,88,13.7,2.7
2025-06-20,2.5,15.2,24.3,86,14.2,1.5
2025-06-21,2.5,14.6,29.3,81,15.3,2.5
2025-06-22,11.8,13.5,26.3,73,13.5,1.7
2025-06-23,13.9,14.3,25.7,83,17,2.8
2025-06-24,3.2,10.3,26,66,15.4,2.3
2025-06-25,22.2,12.2,26,78,16.6,3.4
2025-06-26,5,15.9,26.2,73,15,0.8
2025-06-27,12.5,14.5,25.3,67,14.3,0.9
2025-06-28,5.7,14.8,23.3,85,14.4,0.7
2025-06-29,15.5,13.6,27.1,83,14.9,1.7
2025-06-30,0,12.3,24.4,77,14.2,2.4
2025-07-01,0,10.1,27.6,90,13.5,2.2
2025-07-02,2.1,15.2,27.1,70,17.6,1.2
2025-07-03,6.9,16.5,26.4,68,15.3,1.9
2025-07-04,0,15.8,25.8,84,17.6,1.8
2025-07-05,11.5,16.1,24.6,68,16.7,2.3
2025-07-06,6.8,15.8,30.5,80,19.7,2.1
2025-07-07,5.6,16.4,22.1,80,16.1,2.7
2025-07-08,19.3,13.3,30.2,83,15.2,2.3
2025-07-09,1.3,15.9,28.5,77,15.4,2.6
2025-07-10,0,14,27.9,78,17.3,1.4
2025-07-11,8,14.6,28,81,17.3,2.4
2025-07-12,2.3,16.9,27.4,74,21.3,1.9
2025-07-13,12.5,16.3,27.6,73,17.5,2
2025-07-14,7,16.7,28.4,68,17.8,3.2
2025-07-15,5.8,14,25.5,72,17.5,2.2
2025-07-16,4.1,14.6,26.7,74,18.7,2.6
2025-07-17,9.8,15,28.6,76,18.7,2.5
2025-07-18,17.1,16,27.4,82,18.6,3
2025-07-19,18.4,16.8,28.5,85,19.1,0.9
2025-07-20,0,16.4,29.3,86,16.3,2
2025-07-21,0,15.1,27.7,70,15.9,1
2025-07-22,5.5,15.7,27.6,76,12.9,1.8
2025-07-23,0,14.8,24.8,76,17.4,2
2025-07-24,1.4,16.6,29,82,19.6,2.6
2025-07-25,0,15.5,29.6,86,18.1,1.2
2025-07-26,1.7,16.5,30.1,73,17.4,2.7
2025-07-27,16.5,13.9,27.3,66,17.9,2.3
2025-07-28,0.8,16.1,27.2,75,18.1,1.5
2025-07-29,15.8,18.1,25.6,73,16.6,1.1
2025-07-30,0,14.1,28.3,70,19.8,2.1
2025-07-31,7.7,13.3,24.4,79,20.5,1.1
2025-08-01,3.3,14.9,31.7,70,21.5,2.2
2025-08-02,6.6,16.7,30.9,83,17.2,2.4
2025-08-03,5.9,18.9,29.8,76,21.2,0.1
2025-08-04,0,17.7,28.7,74,16.1,1.8
2025-08-05,8.1,16.9,28.7,75,17.9,1.2
2025-08-06,3.1,16.8,32,64,19.5,2.3
2025-08-07,0,18.8,27.8,69,18,1.6
2025-08-08,0,17.9,29.3,74,20.9,1.6
2025-08-09,3,16.9,33.4,67,19.8,2.6
2025-08-10,0,17.5,29,69,18.4,2
2025-08-11,12.1,16.8,31.7,75,21,3.4
2025-08-12,0.5,17.8,30.9,59,18.6,3.2
2025-08-13,0.8,18,27.8,70,18.4,1.5
2025-08-14,2.1,14.8,30.2,82,21.9,2.4
2025-08-15,6.7,15.5,29,68,18.1,1.6
2025-08-16,0,17.8,29.1,74,16.7,0.5
2025-08-17,0,16.3,31,69,19.4,2.1
2025-08-18,10.1,19.1,32.2,71,21.3,1.7
2025-08-19,14,17.2,30.6,62,22.2,3.2
2025-08-20,2.8,15.6,31.3,65,22,2.3
2025-08-21,0,17.7,29.7,71,16.9,3.1
2025-08-22,0,17.1,30.1,59,20.8,2.6
2025-08-23,0,15.3,31.1,66,19.2,3
2025-08-24,3.6,18,30.2,68,19.7,2.2
2025-08-25,0,16.3,30.8,70,19.9,0.6
2025-08-26,10.3,19.9,30.5,71,21.9,0.9
2025-08-27,0,14,33.5,73,19.8,2.5
2025-08-28,1.4,19.8,32.5,61,15.8,2.2
2025-08-29,0,17.9,33.5,57,21.6,3.1
2025-08-30,10.7,16.9,27.8,61,21.4,2.6
2025-08-31,0,20,28.9,72,21.1,2.2
2025-09-01,2.7,15.5,30.4,67,18,1
2025-09-02,0.5,17,32.3,69,17.3,2.6
2025-09-03,0,16.9,32.7,74,20.8,2.2
2025-09-04,0,18.4,28,67,21.7,0.8
2025-09-05,7.7,16.5,34.1,69,20.8,2.1
2025-09-06,0,16.9,32.2,68,19.3,2.3
2025-09-07,0,16.6,31.7,61,22.2,1.7
2025-09-08,3.9,20.5,31.5,69,20.7,1.1
2025-09-09,3.3,16,30.5,60,21.7,2.4
2025-09-10,1.4,17.7,33.6,70,22,2.7
2025-09-11,0,15.9,31.8,66,19.2,2.9
2025-09-12,0,18.1,29.9,56,20.5,1.1
2025-09-13,0,16.3,31.7,68,20.9,2.8
2025-09-14,0.9,18.5,29,72,16.8,1.3
2025-09-15,0,14.5,31,73,19,3.8
2025-09-16,8.3,16.6,32.4,64,21.7,1.7
2025-09-17,11.2,16.5,32.6,61,20.3,1.6
2025-09-18,0.7,18.5,31.9,66,23.1,2
2025-09-19,6.3,17.7,35.8,58,19.4,2.2
2025-09-20,15,17.8,31.9,70,20.4,1.2
2025-09-21,0,18.7,30.1,66,18.4,2.4
2025-09-22,0,18.5,31.2,66,19.1,2.1
2025-09-23,0,18.8,35.8,66,22.9,2.1
2025-09-24,0.5,18.1,29.8,66,22.4,2
2025-09-25,5.2,16.5,31.8,65,19.8,2.8
2025-09-26,0,18.3,30.9,67,22.4,1.4
2025-09-27,5.7,15.9,31.1,63,21.9,1.8
2025-09-28,5,16.8,32.8,55,21.7,2
2025-09-29,2.4,19.7,31.6,74,23.3,3.8
2025-09-30,3,19.5,29.4,67,19.4,2.2
2025-10-01,0,19,30.3,64,20.7,2.3
2025-10-02,10.4,16.8,30.1,74,20.4,0.9
2025-10-03,3.7,18.8,30.6,56,23.2,3.3
2025-10-04,0,17.5,32.1,60,24.3,2.2
2025-10-05,5.9,20.7,32.4,81,19.5,2.2
2025-10-06,7.7,18.1,33,60,21.1,2.9
2025-10-07,4,17.9,34.5,60,19.1,1.7
2025-10-08,5.1,17.7,31,64,21.2,2.8
2025-10-09,0,18.2,27.5,62,21.4,2.9
2025-10-10,0,19.4,32,54,23.4,0.1
2025-10-11,10.9,17.9,34.1,73,23,2
2025-10-12,1.6,16.9,29.2,68,23.3,1.1
2025-10-13,0,18.4,34.4,68,21.1,3.3
2025-10-14,7.3,19.1,31.3,55,22.8,2.7
2025-10-15,0,16.5,35,55,19.4,2.4
2025-10-16,0,19.7,30.5,65,20.3,1.9
2025-10-17,0,18,29.3,54,21.8,2.6
2025-10-18,0,18.9,30.7,77,22.2,2.7
2025-10-19,0,20.1,34.2,68,19.3,2.4
2025-10-20,1.5,19.2,28.3,63,18.4,2.6
2025-10-21,0,19.7,28.9,59,21,2.1
2025-10-22,0,18.1,29.6,54,23,2.5
2025-10-23,0,18.7,31.6,57,20.5,0.8
2025-10-24,0,20.3,32,70,18.3,3.1
2025-10-25,1.2,19.3,28.2,68,21,3.9
2025-10-26,0,14.7,31.2,65,19.9,1.6
2025-10-27,0,18.1,32.1,73,20.9,2.5
2025-10-28,8.5,20.1,34.1,57,21.8,3.6
2025-10-29,10,16.8,33,63,21.2,1.7
2025-10-30,0,17.4,27.8,69,19.5,3.9
2025-10-31,0,21.5,29.9,60,20.8,2.8
2025-11-01,1.6,20.2,31.9,60,22.2,1.8
2025-11-02,0,20,32.5,61,20.4,2.2
2025-11-03,1.4,17.1,25.6,58,19.6,2.5
2025-11-04,0,18.5,31.3,68,20.9,1.5
2025-11-05,0,16.3,29.9,58,23.7,1.3
2025-11-06,8.1,17.1,32,58,22.6,3.2
2025-11-07,3,15.8,29.5,59,18.8,2.5
2025-11-08,0,17.6,30.6,59,19.4,2.8
2025-11-09,0,20,30,66,21.8,1.8
2025-11-10,0,20.7,32.8,57,19.5,2.1
2025-11-11,2.3,15.7,31,61,20.6,2.5
2025-11-12,0,17,28.1,63,18.3,2.4
2025-11-13,0,15.9,31.3,67,19,3.8
2025-11-14,1.3,19.1,32.1,65,19.1,1.3
2025-11-15,3.1,17.9,31.1,62,19.6,1.5
2025-11-16,0,16.9,26.6,72,20.7,2.8
2025-11-17,0.7,19.2,30.2,68,19,1.7
2025-11-18,0,17.9,30,60,18,0.7
2025-11-19,0,18,29.9,68,20.8,2.3
2025-11-20,0.6,17.5,28.4,59,20.8,3
2025-11-21,0,17.2,33.2,75,15.8,2.2
2025-11-22,0,16.5,31.4,70,18.7,2
2025-11-23,0,18.6,30.5,60,19.3,2.1
2025-11-24,0,17.4,29.5,58,19.1,2
2025-11-25,2.3,15.3,27.8,59,20.1,0.5
2025-11-26,0,16.2,31.1,62,20.8,2.2
2025-11-27,3.6,15.9,30,62,20.2,2.3
2025-11-28,0,15.2,28.1,77,17,2
2025-11-29,11,18.4,30.1,68,20.3,3.2
2025-11-30,0,18.1,28,65,16.3,2
2025-12-01,0,18.8,31.3,64,16.1,2.4
2025-12-02,0,16,28.4,72,20,0.3
2025-12-03,0,13.8,28.5,63,17.6,2.2
2025-12-04,0,15.3,30.8,67,17.7,2
2025-12-05,0,18.2,28.8,80,17.4,1.4
2025-12-06,7.2,16.8,27.4,60,17.5,1.9
2025-12-07,1,16.6,30.2,60,19.4,1.8
2025-12-08,0,16.9,31.2,68,18.7,0.2
2025-12-09,0,18.7,31.2,65,20.6,3.7
2025-12-10,0,16.3,32.5,70,15.9,2.2
2025-12-11,7,18.2,30.2,75,21.1,1.6
2025-12-12,4.1,16.7,26.8,71,15.7,1.6
2025-12-13,15.2,15.3,30.5,71,18.2,2.4
2025-12-14,2.1,11.8,29.4,61,16.3,1.2
2025-12-15,0,15.4,27.8,74,15.5,1.9
2025-12-16,9.6,15.6,28.7,65,16,1.6
2025-12-17,0,18.9,26.6,80,15.6,1
2025-12-18,3.4,16.1,25.9,79,15.7,3.1
2025-12-19,8.6,16.4,28.8,69,16.9,1
2025-12-20,5.1,15.4,29.6,63,17.9,2.1
2025-12-21,6.3,18.7,30.3,66,19.3,2.9
2025-12-22,0,12.9,27.4,68,18,1.1
2025-12-23,0,16.8,28.6,73,18.6,0.4
2025-12-24,10.7,16.5,30.3,73,13.6,2.2
2025-12-25,0,14.4,25.8,65,18.4,1.7
2025-12-26,1.9,14.5,28.1,60,18.5,2.3
2025-12-27,0.9,15.5,28.2,74,17.9,2.2
2025-12-28,1.2,16.4,26.8,79,17.3,2.4
2025-12-29,1.8,16.9,26.6,72,13.3,1.4
2025-12-30,0,15.1,28.4,77,16.7,1.5
2025-12-31,0,16.3,25.2,70,17.6,1.7
