"lancamento_id","data","tipo","categoria","subcategoria","produto_id","quantidade","unidade","valor_unitario","valor_total","canal_venda","atividade","talhao_id","natureza_alocacao","evento_id","observacao"
"L2016_000003",2016-01-04,"receita","venda_produto","banana_agroflorestal","BANANA_CAIXA",7,"caixa",46.79,327.53,"feira_e_csa","agrofloresta","T03","direto",NA,""
"L2016_000001",2016-01-06,"receita","venda_produto","feira_local","HORTA_CESTA",10,"cesta",49.53,495.3,"feira_e_csa","horta",NA,"direto",NA,""
"L2016_000002",2016-01-06,"receita","venda_produto","feira_local","HORTA_CESTA",13,"cesta",44.79,582.27,"feira_e_csa","horta",NA,"direto",NA,""
"L2016_001993",2016-01-08,"despesa","manejo","mao_de_obra",NA,NA,NA,5834.73,5834.73,NA,"cafeicultura",NA,"compartilhado",NA,""
"L2016_000006",2016-01-11,"receita","venda_produto","banana_agroflorestal","BANANA_CAIXA",4,"caixa",48.53,194.12,"feira_e_csa","agrofloresta","T13","direto",NA,""
"L2016_001994",2016-01-11,"despesa","operacao","transporte_e_embalagem",NA,NA,NA,1268.87,1268.87,NA,"beneficiamento",NA,"compartilhado",NA,""
"L2016_000005",2016-01-13,"receita","venda_produto","feira_local","HORTA_AVULSO",17.6,"kg",10.53,185.33,"feira_e_csa","horta",NA,"direto",NA,""
"L2016_000004",2016-01-15,"receita","venda_produto","feira_local","HORTA_CESTA",11,"cesta",43.42,477.62,"feira_e_csa","horta",NA,"direto",NA,""
"L2016_000007",2016-01-18,"receita","venda_produto","feira_local","HORTA_AVULSO",9.1,"kg",11.5,104.65,"feira_e_csa","horta",NA,"direto",NA,""
"L2016_000011",2016-01-18,"receita","venda_produto","banana_agroflorestal","BANANA_CAIXA",3,"caixa",56.38,169.14,"feira_e_csa","agrofloresta","T29","direto",NA,""
"L2016_000008",2016-01-19,"receita","venda_produto","feira_local","HORTA_CESTA",9,"cesta",49.88,448.92,"feira_e_csa","horta",NA,"direto",NA,""
"L2016_000009",2016-01-19,"receita","venda_produto","feira_local","HORTA_CESTA",14,"cesta",49.58,694.12,"feira_e_csa","horta",NA,"direto",NA,""
"L2016_000010",2016-01-20,"receita","venda_produto","feira_local","HORTA_AVULSO",17,"kg",11.81,200.77,"feira_e_csa","horta",NA,"direto",NA,""
"L2016_000012",2016-01-25,"receita","venda_produto","feira_local","HORTA_CESTA",15,"cesta",40.98,614.7,"feira_e_csa","horta",NA,"direto",NA,""
"L2016_000016",2016-01-25,"receita","venda_produto","banana_agroflorestal","BANANA_CAIXA",7,"caixa",42.8,299.6,"feira_e_csa","agrofloresta","T22","direto",NA,""
"L2016_000013",2016-01-26,"receita","venda_produto","feira_local","HORTA_AVULSO",21.2,"kg",8.67,183.8,"feira_e_csa","horta",NA,"direto",NA,""
"L2016_001995",2016-01-26,"despesa","infraestrutura","energia_e_manutencao",NA,NA,NA,832.46,832.46,NA,"geral",NA,"compartilhado",NA,""
"L2016_000014",2016-01-27,"receita","venda_produto","feira_local","HORTA_CESTA",12,"cesta",46.01,552.12,"feira_e_csa","horta",NA,"direto",NA,""
"L2016_000015",2016-01-28,"receita","venda_produto","feira_local","HORTA_CESTA",6,"cesta",41.9,251.4,"feira_e_csa","horta",NA,"direto",NA,""
"L2016_000019",2016-02-01,"receita","venda_produto","feira_local","HORTA_CESTA",8,"cesta",41.9,335.2,"feira_e_csa","horta",NA,"direto",NA,""
"L2016_000021",2016-02-01,"receita","venda_produto","banana_agroflorestal","BANANA_CAIXA",9,"caixa",45.43,408.87,"feira_e_csa","agrofloresta","T04","direto",NA,""
"L2016_000017",2016-02-02,"receita","venda_produto","feira_local","HORTA_AVULSO",12,"kg",8.78,105.36,"feira_e_csa","horta",NA,"direto",NA,""
"L2016_000018",2016-02-02,"receita","venda_produto","feira_local","HORTA_CESTA",9,"cesta",41.06,369.54,"feira_e_csa","horta",NA,"direto",NA,""
"L2016_000020",2016-02-03,"receita","venda_produto","feira_local","HORTA_AVULSO",27.1,"kg",10.77,291.87,"feira_e_csa","horta",NA,"direto",NA,""
"L2016_000024",2016-02-08,"receita","venda_produto","banana_agroflorestal","BANANA_CAIXA",3,"caixa",40.59,121.77,"feira_e_csa","agrofloresta","T13","direto",NA,""
"L2016_001996",2016-02-08,"despesa","manejo","mao_de_obra",NA,NA,NA,6155.18,6155.18,NA,"cafeicultura",NA,"compartilhado",NA,""
"L2016_001997",2016-02-11,"despesa","operacao","transporte_e_embalagem",NA,NA,NA,1094.9,1094.9,NA,"beneficiamento",NA,"compartilhado",NA,""
"L2016_000022",2016-02-12,"receita","venda_produto","feira_local","HORTA_CESTA",14,"cesta",41.84,585.76,"feira_e_csa","horta",NA,"direto",NA,""
"L2016_000023",2016-02-12,"receita","venda_produto","feira_local","HORTA_CESTA",14,"cesta",40.98,573.72,"feira_e_csa","horta",NA,"direto",NA,""
"L2016_000027",2016-02-15,"receita","venda_produto","banana_agroflorestal","BANANA_CAIXA",7,"caixa",52.58,368.06,"feira_e_csa","agrofloresta","T06","direto",NA,""
"L2016_001998",2016-02-16,"despesa","insumo","composto_e_cobertura",NA,NA,NA,8088.22,8088.22,NA,"cafeicultura",NA,"compartilhado",NA,""
"L2016_000025",2016-02-19,"receita","venda_produto","feira_local","HORTA_CESTA",8,"cesta",47.61,380.88,"feira_e_csa","horta",NA,"direto",NA,""
"L2016_000026",2016-02-19,"receita","venda_produto","feira_local","HORTA_CESTA",11,"cesta",41.7,458.7,"feira_e_csa","horta",NA,"direto",NA,""
"L2016_000030",2016-02-22,"receita","venda_produto","feira_local","HORTA_CESTA",11,"cesta",45.61,501.71,"feira_e_csa","horta",NA,"direto",NA,""
"L2016_000028",2016-02-26,"receita","venda_produto","feira_local","HORTA_CESTA",6,"cesta",50.16,300.96,"feira_e_csa","horta",NA,"direto",NA,""
"L2016_000029",2016-02-26,"receita","venda_produto","feira_local","HORTA_CESTA",10,"cesta",41.46,414.6,"feira_e_csa","horta",NA,"direto",NA,""
"L2016_001999",2016-02-26,"despesa","infraestrutura","energia_e_manutencao",NA,NA,NA,806,806,NA,"geral",NA,"compartilhado",NA,""
"L2016_000031",2016-02-29,"receita","venda_produto","feira_local","HORTA_AVULSO",23.2,"kg",10.62,246.38,"feira_e_csa","horta",NA,"direto",NA,""
"L2016_000033",2016-03-02,"receita","venda_produto","feira_local","HORTA_CESTA",7,"cesta",41.84,292.88,"feira_e_csa","horta",NA,"direto",NA,""
"L2016_000034",2016-03-02,"receita","venda_produto","feira_local","HORTA_CESTA",8,"cesta",43.81,350.48,"feira_e_csa","horta",NA,"direto",NA,""
"L2016_000032",2016-03-04,"receita","venda_produto","feira_local","HORTA_CESTA",15,"cesta",40.06,600.9,"feira_e_csa","horta",NA,"direto",NA,""
"L2016_000038",2016-03-07,"receita","venda_produto","feira_local","HORTA_AVULSO",13.2,"kg",9.74,128.57,"feira_e_csa","horta",NA,"direto",NA,""
"L2016_000036",2016-03-08,"receita","venda_produto","feira_local","HORTA_CESTA",10,"cesta",43.9,439,"feira_e_csa","horta",NA,"direto",NA,""
"L2016_002000",2016-03-08,"despesa","manejo","mao_de_obra",NA,NA,NA,7059.34,7059.34,NA,"cafeicultura",NA,"compartilhado",NA,""
"L2016_000035",2016-03-10,"receita","venda_produto","feira_local","HORTA_CESTA",10,"cesta",40.01,400.1,"feira_e_csa","horta",NA,"direto",NA,""
"L2016_000037",2016-03-10,"receita","venda_produto","feira_local","HORTA_AVULSO",8,"kg",9.58,76.64,"feira_e_csa","horta",NA,"direto",NA,""
"L2016_002001",2016-03-11,"despesa","operacao","transporte_e_embalagem",NA,NA,NA,1657.04,1657.04,NA,"beneficiamento",NA,"compartilhado",NA,""
"L2016_000041",2016-03-14,"receita","venda_produto","feira_local","HORTA_AVULSO",20.5,"kg",11.6,237.8,"feira_e_csa","horta",NA,"direto",NA,""
"L2016_000042",2016-03-14,"receita","venda_produto","banana_agroflorestal","BANANA_CAIXA",6,"caixa",54.68,328.08,"feira_e_csa","agrofloresta","T25","direto",NA,""
"L2016_000039",2016-03-16,"receita","venda_produto","feira_local","HORTA_CESTA",11,"cesta",45.2,497.2,"feira_e_csa","horta",NA,"direto",NA,""
"L2016_000040",2016-03-16,"receita","venda_produto","feira_local","HORTA_CESTA",7,"cesta",41.67,291.69,"feira_e_csa","horta",NA,"direto",NA,""
"L2016_002002",2016-03-16,"despesa","insumo","composto_e_cobertura",NA,NA,NA,8233.03,8233.03,NA,"cafeicultura",NA,"compartilhado",NA,""
"L2016_000046",2016-03-21,"receita","venda_produto","feira_local","HORTA_AVULSO",12.7,"kg",12.88,163.58,"feira_e_csa","horta",NA,"direto",NA,""
"L2016_000047",2016-03-21,"receita","venda_produto","banana_agroflorestal","BANANA_CAIXA",10,"caixa",48.31,483.1,"feira_e_csa","agrofloresta","T14","direto",NA,""
"L2016_000043",2016-03-22,"receita","venda_produto","feira_local","HORTA_CESTA",11,"cesta",39.22,431.42,"feira_e_csa","horta",NA,"direto",NA,""
"L2016_000044",2016-03-22,"receita","venda_produto","feira_local","HORTA_AVULSO",19.7,"kg",11.73,231.08,"feira_e_csa","horta",NA,"direto",NA,""
"L2016_000045",2016-03-22,"receita","venda_produto","feira_local","HORTA_CESTA",11,"cesta",42.37,466.07,"feira_e_csa","horta",NA,"direto",NA,""
"L2016_002003",2016-03-26,"despesa","infraestrutura","energia_e_manutencao",NA,NA,NA,1153.31,1153.31,NA,"geral",NA,"compartilhado",NA,""
"L2016_000050",2016-03-28,"receita","venda_produto","feira_local","HORTA_CESTA",9,"cesta",47.66,428.94,"feira_e_csa","horta",NA,"direto",NA,""
"L2016_000049",2016-03-30,"receita","venda_produto","feira_local","HORTA_CESTA",9,"cesta",37.91,341.19,"feira_e_csa","horta",NA,"direto",NA,""
"L2016_000048",2016-03-31,"receita","venda_produto","feira_local","HORTA_AVULSO",12.2,"kg",9.88,120.54,"feira_e_csa","horta",NA,"direto",NA,""
"L2016_000052",2016-04-04,"receita","venda_produto","feira_local","HORTA_AVULSO",15.5,"kg",11.27,174.68,"feira_e_csa","horta",NA,"direto",NA,""
"L2016_000055",2016-04-04,"receita","venda_produto","banana_agroflorestal","BANANA_CAIXA",10,"caixa",53.84,538.4,"feira_e_csa","agrofloresta","T29","direto",NA,""
"L2016_000051",2016-04-06,"receita","venda_produto","feira_local","HORTA_CESTA",10,"cesta",38.94,389.4,"feira_e_csa","horta",NA,"direto",NA,""
"L2016_000053",2016-04-06,"receita","venda_produto","feira_local","HORTA_CESTA",9,"cesta",38.23,344.07,"feira_e_csa","horta",NA,"direto",NA,""
"L2016_000054",2016-04-08,"receita","venda_produto","feira_local","HORTA_CESTA",6,"cesta",38.14,228.84,"feira_e_csa","horta",NA,"direto",NA,""
"L2016_002004",2016-04-08,"despesa","manejo","mao_de_obra",NA,NA,NA,5904.47,5904.47,NA,"cafeicultura",NA,"compartilhado",NA,""
"L2016_000058",2016-04-11,"receita","venda_produto","banana_agroflorestal","BANANA_CAIXA",3,"caixa",49.5,148.5,"feira_e_csa","agrofloresta","T17","direto",NA,""
"L2016_000059",2016-04-11,"receita","venda_produto","mudas","MUDA",34,"unidade",11.81,401.54,"viveiro","viveiro",NA,"direto",NA,""
"L2016_002005",2016-04-11,"despesa","operacao","transporte_e_embalagem",NA,NA,NA,1243.29,1243.29,NA,"beneficiamento",NA,"compartilhado",NA,""
"L2016_000057",2016-04-13,"receita","venda_produto","feira_local","HORTA_CESTA",12,"cesta",39.2,470.4,"feira_e_csa","horta",NA,"direto",NA,""
"L2016_000056",2016-04-15,"receita","venda_produto","feira_local","HORTA_AVULSO",11.6,"kg",10.42,120.87,"feira_e_csa","horta",NA,"direto",NA,""
"L2016_000061",2016-04-18,"receita","venda_produto","feira_local","HORTA_CESTA",15,"cesta",37.24,558.6,"feira_e_csa","horta",NA,"direto",NA,""
"L2016_000062",2016-04-18,"receita","venda_produto","mudas","MUDA",41,"unidade",11.72,480.52,"viveiro","viveiro",NA,"direto",NA,""
"L2016_000060",2016-04-21,"receita","venda_produto","feira_local","HORTA_CESTA",5,"cesta",35.86,179.3,"feira_e_csa","horta",NA,"direto",NA,""
"L2016_000063",2016-04-25,"receita","venda_produto","feira_local","HORTA_CESTA",7,"cesta",35.15,246.05,"feira_e_csa","horta",NA,"direto",NA,""
"L2016_000064",2016-04-26,"receita","venda_produto","feira_local","HORTA_CESTA",5,"cesta",50.98,254.9,"feira_e_csa","horta",NA,"direto",NA,""
"L2016_002006",2016-04-26,"despesa","infraestrutura","energia_e_manutencao",NA,NA,NA,1006.95,1006.95,NA,"geral",NA,"compartilhado",NA,""
"L2016_000065",2016-05-02,"receita","venda_produto","feira_local","HORTA_CESTA",14,"cesta",46.83,655.62,"feira_e_csa","horta",NA,"direto",NA,""
"L2016_000068",2016-05-02,"receita","venda_produto","banana_agroflorestal","BANANA_CAIXA",8,"caixa",49.86,398.88,"feira_e_csa","agrofloresta","T35","direto",NA,""
"L2016_000067",2016-05-03,"receita","venda_produto","feira_local","HORTA_CESTA",7,"cesta",36.24,253.68,"feira_e_csa","horta",NA,"direto",NA,""
"L2016_000066",2016-05-04,"receita","venda_produto","feira_local","HORTA_CESTA",5,"cesta",40.46,202.3,"feira_e_csa","horta",NA,"direto",NA,""
"L2016_002007",2016-05-08,"despesa","manejo","mao_de_obra",NA,NA,NA,6619.97,6619.97,NA,"cafeicultura",NA,"compartilhado",NA,""
"L2016_000069",2016-05-11,"receita","venda_produto","feira_local","HORTA_CESTA",13,"cesta",50.57,657.41,"feira_e_csa","horta",NA,"direto",NA,""
"L2016_000070",2016-05-11,"receita","venda_produto","feira_local","HORTA_AVULSO",19.2,"kg",9.83,188.74,"feira_e_csa","horta",NA,"direto",NA,""
"L2016_002008",2016-05-11,"despesa","operacao","transporte_e_embalagem",NA,NA,NA,1351.76,1351.76,NA,"beneficiamento",NA,"compartilhado",NA,""
"L2016_000073",2016-05-18,"receita","venda_produto","feira_local","HORTA_CESTA",8,"cesta",40.76,326.08,"feira_e_csa","horta",NA,"direto",NA,""
"L2016_000071",2016-05-20,"receita","venda_produto","feira_local","HORTA_CESTA",12,"cesta",41.71,500.52,"feira_e_csa","horta",NA,"direto",NA,""
"L2016_000072",2016-05-20,"receita","venda_produto","feira_local","HORTA_CESTA",6,"cesta",41.62,249.72,"feira_e_csa","horta",NA,"direto",NA,""
"L2016_002009",2016-05-20,"despesa","manejo","colheita_e_beneficiamento",NA,NA,NA,3763.08,3763.08,NA,"cafeicultura",NA,"compartilhado",NA,""
"L2016_000076",2016-05-23,"receita","venda_produto","feira_local","HORTA_AVULSO",12.5,"kg",10.15,126.88,"feira_e_csa","horta",NA,"direto",NA,""
"L2016_000074",2016-05-25,"receita","venda_produto","feira_local","HORTA_AVULSO",24.7,"kg",11.18,276.15,"feira_e_csa","horta",NA,"direto",NA,""
"L2016_000077",2016-05-25,"receita","venda_produto","feira_local","HORTA_CESTA",9,"cesta",47.4,426.6,"feira_e_csa","horta",NA,"direto",NA,""
"L2016_000075",2016-05-26,"receita","venda_produto","feira_local","HORTA_CESTA",14,"cesta",39.06,546.84,"feira_e_csa","horta",NA,"direto",NA,""
"L2016_002010",2016-05-26,"despesa","infraestrutura","energia_e_manutencao",NA,NA,NA,709.48,709.48,NA,"geral",NA,"compartilhado",NA,""
"L2016_000078",2016-05-30,"receita","venda_produto","feira_local","HORTA_CESTA",12,"cesta",42.62,511.44,"feira_e_csa","horta",NA,"direto",NA,""
"L2016_000079",2016-05-30,"receita","venda_produto","feira_local","HORTA_CESTA",5,"cesta",37.27,186.35,"feira_e_csa","horta",NA,"direto",NA,""
"L2016_000084",2016-06-06,"receita","venda_produto","banana_agroflorestal","BANANA_CAIXA",10,"caixa",55.45,554.5,"feira_e_csa","agrofloresta","T22","direto",NA,""
"L2016_000085",2016-06-06,"receita","venda_produto","cafe_verde","CAF_SACA",17,"saca_60kg",797.72,13561.24,"cooperativa","cafeicultura","T31","direto",NA,"venda de safra"
"L2016_000082",2016-06-07,"receita","venda_produto","feira_local","HORTA_CESTA",13,"cesta",36.54,475.02,"feira_e_csa","horta",NA,"direto",NA,""
"L2016_000083",2016-06-08,"receita","venda_produto","feira_local","HORTA_AVULSO",25.5,"kg",12.99,331.24,"feira_e_csa","horta",NA,"direto",NA,""
"L2016_002011",2016-06-08,"despesa","manejo","mao_de_obra",NA,NA,NA,5665.78,5665.78,NA,"cafeicultura",NA,"compartilhado",NA,""
"L2016_000081",2016-06-09,"receita","venda_produto","feira_local","HORTA_CESTA",11,"cesta",38.01,418.11,"feira_e_csa","horta",NA,"direto",NA,""
"L2016_000080",2016-06-10,"receita","venda_produto","feira_local","HORTA_CESTA",15,"cesta",44.23,663.45,"feira_e_csa","horta",NA,"direto",NA,""
"L2016_002012",2016-06-11,"despesa","operacao","transporte_e_embalagem",NA,NA,NA,1244.48,1244.48,NA,"beneficiamento",NA,"compartilhado",NA,""
"L2016_000089",2016-06-13,"receita","venda_produto","feira_local","HORTA_CESTA",15,"cesta",39.19,587.85,"feira_e_csa","horta",NA,"direto",NA,""
"L2016_000086",2016-06-14,"receita","venda_produto","feira_local","HORTA_CESTA",5,"cesta",38.08,190.4,"feira_e_csa","horta",NA,"direto",NA,""
"L2016_000087",2016-06-15,"receita","venda_produto","feira_local","HORTA_AVULSO",19.7,"kg",13.32,262.4,"feira_e_csa","horta",NA,"direto",NA,""
"L2016_000088",2016-06-15,"receita","venda_produto","feira_local","HORTA_CESTA",7,"cesta",40.96,286.72,"feira_e_csa","horta",NA,"direto",NA,""
"L2016_000093",2016-06-20,"receita","venda_produto","banana_agroflorestal","BANANA_CAIXA",8,"caixa",46.4,371.2,"feira_e_csa","agrofloresta","T26","direto",NA,""
"L2016_000094",2016-06-20,"receita","venda_produto","cafe_verde","CAF_SACA",10,"saca_60kg",788.78,7887.8,"cooperativa","cafeicultura","T33","direto",NA,"venda de safra"
"L2016_002013",2016-06-20,"despesa","manejo","colheita_e_beneficiamento",NA,NA,NA,4105.53,4105.53,NA,"cafeicultura",NA,"compartilhado",NA,""
"L2016_000090",2016-06-23,"receita","venda_produto","feira_local","HORTA_CESTA",6,"cesta",44.71,268.26,"feira_e_csa","horta",NA,"direto",NA,""
"L2016_000091",2016-06-23,"receita","venda_produto","feira_local","HORTA_AVULSO",24.4,"kg",9.96,243.02,"feira_e_csa","horta",NA,"direto",NA,""
"L2016_000092",2016-06-23,"receita","venda_produto","feira_local","HORTA_AVULSO",21,"kg",9.34,196.14,"feira_e_csa","horta",NA,"direto",NA,""
"L2016_002014",2016-06-26,"despesa","infraestrutura","energia_e_manutencao",NA,NA,NA,1019.65,1019.65,NA,"geral",NA,"compartilhado",NA,""
"L2016_000097",2016-06-27,"receita","venda_produto","feira_local","HORTA_CESTA",14,"cesta",41.05,574.7,"feira_e_csa","horta",NA,"direto",NA,""
"L2016_000099",2016-06-27,"receita","venda_produto","cafe_verde","CAF_SACA",24,"saca_60kg",700.1,16802.4,"cooperativa","cafeicultura","T20","direto",NA,"venda de safra"
"L2016_000100",2016-06-27,"receita","venda_produto","cafe_torrado","CAF_TORRADO",36,"pacote_250g",17.77,639.72,"venda_direta","beneficiamento",NA,"direto",NA,""
"L2016_000098",2016-06-28,"receita","venda_produto","feira_local","HORTA_AVULSO",13.1,"kg",9.82,128.64,"feira_e_csa","horta",NA,"direto",NA,""
"L2016_000095",2016-06-30,"receita","venda_produto","feira_local","HORTA_CESTA",13,"cesta",41.11,534.43,"feira_e_csa","horta",NA,"direto",NA,""
"L2016_000096",2016-07-01,"receita","venda_produto","feira_local","HORTA_CESTA",10,"cesta",43.61,436.1,"feira_e_csa","horta",NA,"direto",NA,""
"L2016_000104",2016-07-04,"receita","venda_produto","feira_local","HORTA_CESTA",10,"cesta",41.34,413.4,"feira_e_csa","horta",NA,"direto",NA,""
"L2016_000105",2016-07-04,"receita","venda_produto","cafe_verde","CAF_SACA",8,"saca_60kg",677.08,5416.64,"cooperativa","cafeicultura","T21","direto",NA,"venda de safra"
"L2016_000106",2016-07-04,"receita","venda_produto","mudas","MUDA",63,"unidade",13.49,849.87,"viveiro","viveiro",NA,"direto",NA,""
"L2016_000101",2016-07-05,"receita","venda_produto","feira_local","HORTA_CESTA",5,"cesta",38.76,193.8,"feira_e_csa","horta",NA,"direto",NA,""
"L2016_000103",2016-07-05,"receita","venda_produto","feira_local","HORTA_CESTA",5,"cesta",41.19,205.95,"feira_e_csa","horta",NA,"direto",NA,""
"L2016_000102",2016-07-06,"receita","venda_produto","feira_local","HORTA_CESTA",5,"cesta",48.6,243,"feira_e_csa","horta",NA,"direto",NA,""
"L2016_002015",2016-07-08,"despesa","manejo","mao_de_obra",NA,NA,NA,5614.54,5614.54,NA,"cafeicultura",NA,"compartilhado",NA,""
"L2016_000108",2016-07-11,"receita","venda_produto","feira_local","HORTA_AVULSO",21.2,"kg",10.19,216.03,"feira_e_csa","horta",NA,"direto",NA,""
"L2016_000109",2016-07-11,"receita","venda_produto","cafe_verde","CAF_SACA",9,"saca_60kg",723.36,6510.24,"cooperativa","cafeicultura","T35","direto",NA,"venda de safra"
"L2016_002016",2016-07-11,"despesa","operacao","transporte_e_embalagem",NA,NA,NA,1332.48,1332.48,NA,"beneficiamento",NA,"compartilhado",NA,""
"L2016_000107",2016-07-12,"receita","venda_produto","feira_local","HORTA_CESTA",14,"cesta",39.25,549.5,"feira_e_csa","horta",NA,"direto",NA,""
"L2016_000112",2016-07-18,"receita","venda_produto","cafe_torrado","CAF_TORRADO",51,"pacote_250g",21.16,1079.16,"venda_direta","beneficiamento",NA,"direto",NA,""
"L2016_000111",2016-07-19,"receita","venda_produto","feira_local","HORTA_CESTA",8,"cesta",48.89,391.12,"feira_e_csa","horta",NA,"direto",NA,""
"L2016_002017",2016-07-20,"despesa","manejo","colheita_e_beneficiamento",NA,NA,NA,5188.13,5188.13,NA,"cafeicultura",NA,"compartilhado",NA,""
"L2016_000110",2016-07-21,"receita","venda_produto","feira_local","HORTA_CESTA",9,"cesta",40.72,366.48,"feira_e_csa","horta",NA,"direto",NA,""
"L2016_000115",2016-07-25,"receita","venda_produto","banana_agroflorestal","BANANA_CAIXA",10,"caixa",49.64,496.4,"feira_e_csa","agrofloresta","T04","direto",NA,""
"L2016_000116",2016-07-25,"receita","venda_produto","cafe_verde","CAF_SACA",8,"saca_60kg",794.33,6354.64,"cooperativa","cafeicultura","T14","direto",NA,"venda de safra"
"L2016_002018",2016-07-26,"despesa","infraestrutura","energia_e_manutencao",NA,NA,NA,987.97,987.97,NA,"geral",NA,"compartilhado",NA,""
"L2016_000113",2016-07-27,"receita","venda_produto","feira_local","HORTA_CESTA",6,"cesta",37.4,224.4,"feira_e_csa","horta",NA,"direto",NA,""
"L2016_000114",2016-07-27,"receita","venda_produto","feira_local","HORTA_CESTA",5,"cesta",44.83,224.15,"feira_e_csa","horta",NA,"direto",NA,""
"L2016_000117",2016-08-03,"receita","venda_produto","feira_local","HORTA_CESTA",13,"cesta",40.96,532.48,"feira_e_csa","horta",NA,"direto",NA,""
"L2016_000118",2016-08-04,"receita","venda_produto","feira_local","HORTA_CESTA",12,"cesta",37.93,455.16,"feira_e_csa","horta",NA,"direto",NA,""
"L2016_000120",2016-08-08,"receita","venda_produto","feira_local","HORTA_CESTA",12,"cesta",37.78,453.36,"feira_e_csa","horta",NA,"direto",NA,""
"L2016_000121",2016-08-08,"receita","venda_produto","banana_agroflorestal","BANANA_CAIXA",8,"caixa",46.67,373.36,"feira_e_csa","agrofloresta","T09","direto",NA,""
"L2016_002019",2016-08-08,"despesa","manejo","mao_de_obra",NA,NA,NA,6748.99,6748.99,NA,"cafeicultura",NA,"compartilhado",NA,""
"L2016_000119",2016-08-09,"receita","venda_produto","feira_local","HORTA_CESTA",13,"cesta",48.46,629.98,"feira_e_csa","horta",NA,"direto",NA,""
"L2016_002020",2016-08-11,"despesa","operacao","transporte_e_embalagem",NA,NA,NA,1039.8,1039.8,NA,"beneficiamento",NA,"compartilhado",NA,""
"L2016_000124",2016-08-15,"receita","venda_produto","feira_local","HORTA_AVULSO",21.5,"kg",8.78,188.77,"feira_e_csa","horta",NA,"direto",NA,""
"L2016_000123",2016-08-16,"receita","venda_produto","feira_local","HORTA_AVULSO",10.6,"kg",10.76,114.06,"feira_e_csa","horta",NA,"direto",NA,""
"L2016_000122",2016-08-18,"receita","venda_produto","feira_local","HORTA_CESTA",6,"cesta",42.53,255.18,"feira_e_csa","horta",NA,"direto",NA,""
"L2016_000128",2016-08-22,"receita","venda_produto","feira_local","HORTA_AVULSO",21,"kg",11.61,243.81,"feira_e_csa","horta",NA,"direto",NA,""
"L2016_000129",2016-08-22,"receita","venda_produto","banana_agroflorestal","BANANA_CAIXA",4,"caixa",51.9,207.6,"feira_e_csa","agrofloresta","T22","direto",NA,""
"L2016_000130",2016-08-22,"receita","venda_produto","cafe_verde","CAF_SACA",18,"saca_60kg",832.16,14978.88,"cooperativa","cafeicultura","T05","direto",NA,"venda de safra"
"L2016_000126",2016-08-23,"receita","venda_produto","feira_local","HORTA_CESTA",10,"cesta",46.08,460.8,"feira_e_csa","horta",NA,"direto",NA,""
"L2016_000127",2016-08-23,"receita","venda_produto","feira_local","HORTA_AVULSO",13.6,"kg",10.89,148.1,"feira_e_csa","horta",NA,"direto",NA,""
"L2016_000125",2016-08-26,"receita","venda_produto","feira_local","HORTA_AVULSO",25.7,"kg",9.03,232.07,"feira_e_csa","horta",NA,"direto",NA,""
"L2016_002021",2016-08-26,"despesa","infraestrutura","energia_e_manutencao",NA,NA,NA,1098.72,1098.72,NA,"geral",NA,"compartilhado",NA,""
"L2016_000134",2016-08-29,"receita","venda_produto","cafe_verde","CAF_SACA",22,"saca_60kg",857.53,18865.66,"cooperativa","cafeicultura","T33","direto",NA,"venda de safra"
"L2016_000135",2016-08-29,"receita","venda_produto","cafe_torrado","CAF_TORRADO",79,"pacote_250g",21.65,1710.35,"venda_direta","beneficiamento",NA,"direto",NA,""
"L2016_000136",2016-08-29,"receita","venda_produto","mel","MEL_POTE",41,"pote_300g",24.06,986.46,"feira_local","meliponicultura",NA,"direto",NA,""
"L2016_000133",2016-08-30,"receita","venda_produto","feira_local","HORTA_CESTA",8,"cesta",34.89,279.12,"feira_e_csa","horta",NA,"direto",NA,""
"L2016_000131",2016-09-02,"receita","venda_produto","feira_local","HORTA_CESTA",11,"cesta",39.34,432.74,"feira_e_csa","horta",NA,"direto",NA,""
"L2016_000132",2016-09-02,"receita","venda_produto","feira_local","HORTA_AVULSO",13.3,"kg",10.48,139.38,"feira_e_csa","horta",NA,"direto",NA,""
"L2016_000137",2016-09-05,"receita","venda_produto","feira_local","HORTA_AVULSO",9.6,"kg",9.06,86.98,"feira_e_csa","horta",NA,"direto",NA,""
"L2016_000141",2016-09-05,"receita","venda_produto","banana_agroflorestal","BANANA_CAIXA",6,"caixa",35.99,215.94,"feira_e_csa","agrofloresta","T31","direto",NA,""
"L2016_000142",2016-09-05,"receita","venda_produto","mel","MEL_POTE",49,"pote_300g",20.85,1021.65,"feira_local","meliponicultura",NA,"direto",NA,""
"L2016_000140",2016-09-06,"receita","venda_produto","feira_local","HORTA_CESTA",6,"cesta",43.13,258.78,"feira_e_csa","horta",NA,"direto",NA,""
"L2016_000138",2016-09-08,"receita","venda_produto","feira_local","HORTA_AVULSO",13.3,"kg",11.1,147.63,"feira_e_csa","horta",NA,"direto",NA,""
"L2016_002022",2016-09-08,"despesa","manejo","mao_de_obra",NA,NA,NA,6395.77,6395.77,NA,"cafeicultura",NA,"compartilhado",NA,""
"L2016_000139",2016-09-09,"receita","venda_produto","feira_local","HORTA_CESTA",11,"cesta",37.81,415.91,"feira_e_csa","horta",NA,"direto",NA,""
"L2016_002023",2016-09-11,"despesa","operacao","transporte_e_embalagem",NA,NA,NA,1282.05,1282.05,NA,"beneficiamento",NA,"compartilhado",NA,""
"L2016_000146",2016-09-12,"receita","venda_produto","cafe_torrado","CAF_TORRADO",54,"pacote_250g",19.7,1063.8,"venda_direta","beneficiamento",NA,"direto",NA,""
"L2016_000145",2016-09-13,"receita","venda_produto","feira_local","HORTA_AVULSO",27.9,"kg",9.09,253.61,"feira_e_csa","horta",NA,"direto",NA,""
"L2016_000143",2016-09-14,"receita","venda_produto","feira_local","HORTA_CESTA",5,"cesta",43.52,217.6,"feira_e_csa","horta",NA,"direto",NA,""
"L2016_000144",2016-09-15,"receita","venda_produto","feira_local","HORTA_AVULSO",19.9,"kg",13.23,263.28,"feira_e_csa","horta",NA,"direto",NA,""
"L2016_002024",2016-09-16,"despesa","insumo","composto_e_cobertura",NA,NA,NA,8622.88,8622.88,NA,"cafeicultura",NA,"compartilhado",NA,""
"L2016_000148",2016-09-19,"receita","venda_produto","feira_local","HORTA_AVULSO",8.7,"kg",9.54,83,"feira_e_csa","horta",NA,"direto",NA,""
"L2016_000149",2016-09-19,"receita","venda_produto","cafe_torrado","CAF_TORRADO",91,"pacote_250g",20.71,1884.61,"venda_direta","beneficiamento",NA,"direto",NA,""
"L2016_000147",2016-09-21,"receita","venda_produto","feira_local","HORTA_AVULSO",7.4,"kg",11.4,84.36,"feira_e_csa","horta",NA,"direto",NA,""
"L2016_002025",2016-09-26,"despesa","infraestrutura","energia_e_manutencao",NA,NA,NA,976.75,976.75,NA,"geral",NA,"compartilhado",NA,""
"L2016_000152",2016-09-27,"receita","venda_produto","feira_local","HORTA_AVULSO",26.8,"kg",9.68,259.42,"feira_e_csa","horta",NA,"direto",NA,""
"L2016_000150",2016-09-29,"receita","venda_produto","feira_local","HORTA_CESTA",12,"cesta",47.19,566.28,"feira_e_csa","horta",NA,"direto",NA,""
"L2016_000151",2016-09-30,"receita","venda_produto","feira_local","HORTA_CESTA",12,"cesta",43.56,522.72,"feira_e_csa","horta",NA,"direto",NA,""
"L2016_000156",2016-10-03,"receita","venda_produto","feira_local","HORTA_CESTA",6,"cesta",42.82,256.92,"feira_e_csa","horta",NA,"direto",NA,""
"L2016_000157",2016-10-03,"receita","venda_produto","banana_agroflorestal","BANANA_CAIXA",4,"caixa",47.85,191.4,"feira_e_csa","agrofloresta","T31","direto",NA,""
"L2016_000158",2016-10-03,"receita","venda_produto","cafe_verde","CAF_SACA",22,"saca_60kg",795.96,17511.12,"cooperativa","cafeicultura","T24","direto",NA,"venda de safra"
"L2016_000153",2016-10-07,"receita","venda_produto","feira_local","HORTA_CESTA",9,"cesta",39.63,356.67,"feira_e_csa","horta",NA,"direto",NA,""
"L2016_000154",2016-10-07,"receita","venda_produto","feira_local","HORTA_CESTA",10,"cesta",41.78,417.8,"feira_e_csa","horta",NA,"direto",NA,""
"L2016_000155",2016-10-07,"receita","venda_produto","feira_local","HORTA_AVULSO",9,"kg",11.75,105.75,"feira_e_csa","horta",NA,"direto",NA,""
"L2016_002026",2016-10-08,"despesa","manejo","mao_de_obra",NA,NA,NA,6557.54,6557.54,NA,"cafeicultura",NA,"compartilhado",NA,""
"L2016_000161",2016-10-10,"receita","venda_produto","banana_agroflorestal","BANANA_CAIXA",4,"caixa",51.09,204.36,"feira_e_csa","agrofloresta","T03","direto",NA,""
"L2016_002027",2016-10-11,"despesa","operacao","transporte_e_embalagem",NA,NA,NA,1386.13,1386.13,NA,"beneficiamento",NA,"compartilhado",NA,""
"L2016_000159",2016-10-14,"receita","venda_produto","feira_local","HORTA_CESTA",15,"cesta",32.53,487.95,"feira_e_csa","horta",NA,"direto",NA,""
"L2016_000160",2016-10-14,"receita","venda_produto","feira_local","HORTA_CESTA",12,"cesta",40.53,486.36,"feira_e_csa","horta",NA,"direto",NA,""
"L2016_002028",2016-10-16,"despesa","insumo","composto_e_cobertura",NA,NA,NA,8050.23,8050.23,NA,"cafeicultura",NA,"compartilhado",NA,""
"L2016_000164",2016-10-17,"receita","venda_produto","feira_local","HORTA_CESTA",8,"cesta",44.73,357.84,"feira_e_csa","horta",NA,"direto",NA,""
"L2016_000166",2016-10-17,"receita","venda_produto","banana_agroflorestal","BANANA_CAIXA",4,"caixa",45.49,181.96,"feira_e_csa","agrofloresta","T27","direto",NA,""
"L2016_000167",2016-10-17,"receita","venda_produto","cafe_verde","CAF_SACA",9,"saca_60kg",722.48,6502.32,"cooperativa","cafeicultura","T26","direto",NA,"venda de safra"
"L2016_000168",2016-10-17,"receita","venda_produto","cafe_torrado","CAF_TORRADO",57,"pacote_250g",19.4,1105.8,"venda_direta","beneficiamento",NA,"direto",NA,""
"L2016_000162",2016-10-18,"receita","venda_produto","feira_local","HORTA_CESTA",6,"cesta",41.1,246.6,"feira_e_csa","horta",NA,"direto",NA,""
"L2016_000165",2016-10-18,"receita","venda_produto","feira_local","HORTA_AVULSO",8.4,"kg",8.78,73.75,"feira_e_csa","horta",NA,"direto",NA,""
"L2016_000163",2016-10-21,"receita","venda_produto","feira_local","HORTA_AVULSO",23.9,"kg",10.62,253.82,"feira_e_csa","horta",NA,"direto",NA,""
"L2016_000173",2016-10-24,"receita","venda_produto","banana_agroflorestal","BANANA_CAIXA",9,"caixa",54.4,489.6,"feira_e_csa","agrofloresta","T35","direto",NA,""
"L2016_000174",2016-10-24,"receita","venda_produto","cafe_verde","CAF_SACA",9,"saca_60kg",786.5,7078.5,"cooperativa","cafeicultura","T16","direto",NA,"venda de safra"
"L2016_000171",2016-10-26,"receita","venda_produto","feira_local","HORTA_AVULSO",17.2,"kg",12.04,207.09,"feira_e_csa","horta",NA,"direto",NA,""
"L2016_002029",2016-10-26,"despesa","infraestrutura","energia_e_manutencao",NA,NA,NA,855.5,855.5,NA,"geral",NA,"compartilhado",NA,""
"L2016_000169",2016-10-28,"receita","venda_produto","feira_local","HORTA_CESTA",7,"cesta",36.89,258.23,"feira_e_csa","horta",NA,"direto",NA,""
"L2016_000170",2016-10-28,"receita","venda_produto","feira_local","HORTA_CESTA",7,"cesta",44.57,311.99,"feira_e_csa","horta",NA,"direto",NA,""
"L2016_000172",2016-10-28,"receita","venda_produto","feira_local","HORTA_CESTA",12,"cesta",38.26,459.12,"feira_e_csa","horta",NA,"direto",NA,""
"L2016_000178",2016-10-31,"receita","venda_produto","banana_agroflorestal","BANANA_CAIXA",6,"caixa",45.54,273.24,"feira_e_csa","agrofloresta","T27","direto",NA,""
"L2016_000176",2016-11-01,"receita","venda_produto","feira_local","HORTA_CESTA",8,"cesta",42.64,341.12,"feira_e_csa","horta",NA,"direto",NA,""
"L2016_000175",2016-11-03,"receita","venda_produto","feira_local","HORTA_CESTA",14,"cesta",40.19,562.66,"feira_e_csa","horta",NA,"direto",NA,""
"L2016_000177",2016-11-03,"receita","venda_produto","feira_local","HORTA_CESTA",13,"cesta",42.2,548.6,"feira_e_csa","horta",NA,"direto",NA,""
"L2016_000181",2016-11-07,"receita","venda_produto","feira_local","HORTA_CESTA",13,"cesta",42.66,554.58,"feira_e_csa","horta",NA,"direto",NA,""
"L2016_002030",2016-11-08,"despesa","manejo","mao_de_obra",NA,NA,NA,6396.76,6396.76,NA,"cafeicultura",NA,"compartilhado",NA,""
"L2016_000182",2016-11-09,"receita","venda_produto","feira_local","HORTA_CESTA",13,"cesta",31.28,406.64,"feira_e_csa","horta",NA,"direto",NA,""
"L2016_000179",2016-11-10,"receita","venda_produto","feira_local","HORTA_CESTA",15,"cesta",46.63,699.45,"feira_e_csa","horta",NA,"direto",NA,""
"L2016_000180",2016-11-11,"receita","venda_produto","feira_local","HORTA_AVULSO",7.2,"kg",9.46,68.11,"feira_e_csa","horta",NA,"direto",NA,""
"L2016_002031",2016-11-11,"despesa","operacao","transporte_e_embalagem",NA,NA,NA,1255.53,1255.53,NA,"beneficiamento",NA,"compartilhado",NA,""
"L2016_000185",2016-11-14,"receita","venda_produto","feira_local","HORTA_AVULSO",18.8,"kg",11.32,212.82,"feira_e_csa","horta",NA,"direto",NA,""
"L2016_000186",2016-11-14,"receita","venda_produto","feira_local","HORTA_AVULSO",17,"kg",11.31,192.27,"feira_e_csa","horta",NA,"direto",NA,""
"L2016_000187",2016-11-14,"receita","venda_produto","banana_agroflorestal","BANANA_CAIXA",6,"caixa",56.59,339.54,"feira_e_csa","agrofloresta","T02","direto",NA,""
"L2016_000188",2016-11-14,"receita","venda_produto","cafe_verde","CAF_SACA",17,"saca_60kg",799.44,13590.48,"cooperativa","cafeicultura","T22","direto",NA,"venda de safra"
"L2016_000189",2016-11-14,"receita","venda_produto","mudas","MUDA",51,"unidade",11.4,581.4,"viveiro","viveiro",NA,"direto",NA,""
"L2016_000184",2016-11-15,"receita","venda_produto","feira_local","HORTA_CESTA",8,"cesta",42.17,337.36,"feira_e_csa","horta",NA,"direto",NA,""
"L2016_000183",2016-11-17,"receita","venda_produto","feira_local","HORTA_CESTA",9,"cesta",38.01,342.09,"feira_e_csa","horta",NA,"direto",NA,""
"L2016_000191",2016-11-21,"receita","venda_produto","feira_local","HORTA_AVULSO",20,"kg",8.25,165,"feira_e_csa","horta",NA,"direto",NA,""
"L2016_000193",2016-11-21,"receita","venda_produto","banana_agroflorestal","BANANA_CAIXA",4,"caixa",44.16,176.64,"feira_e_csa","agrofloresta","T02","direto",NA,""
"L2016_000190",2016-11-25,"receita","venda_produto","feira_local","HORTA_CESTA",15,"cesta",41.3,619.5,"feira_e_csa","horta",NA,"direto",NA,""
"L2016_000192",2016-11-25,"receita","venda_produto","feira_local","HORTA_CESTA",5,"cesta",37.94,189.7,"feira_e_csa","horta",NA,"direto",NA,""
"L2016_002032",2016-11-26,"despesa","infraestrutura","energia_e_manutencao",NA,NA,NA,848.24,848.24,NA,"geral",NA,"compartilhado",NA,""
"L2016_000195",2016-11-28,"receita","venda_produto","feira_local","HORTA_CESTA",12,"cesta",50.97,611.64,"feira_e_csa","horta",NA,"direto",NA,""
"L2016_000197",2016-11-28,"receita","venda_produto","banana_agroflorestal","BANANA_CAIXA",3,"caixa",49.33,147.99,"feira_e_csa","agrofloresta","T35","direto",NA,""
"L2016_000198",2016-11-28,"receita","venda_produto","cafe_torrado","CAF_TORRADO",88,"pacote_250g",18.06,1589.28,"venda_direta","beneficiamento",NA,"direto",NA,""
"L2016_000199",2016-11-28,"receita","venda_produto","mudas","MUDA",69,"unidade",13.99,965.31,"viveiro","viveiro",NA,"direto",NA,""
"L2016_000194",2016-11-30,"receita","venda_produto","feira_local","HORTA_CESTA",13,"cesta",46.83,608.79,"feira_e_csa","horta",NA,"direto",NA,""
"L2016_000196",2016-12-01,"receita","venda_produto","feira_local","HORTA_AVULSO",27.2,"kg",11.72,318.78,"feira_e_csa","horta",NA,"direto",NA,""
"L2016_000200",2016-12-05,"receita","venda_produto","feira_local","HORTA_AVULSO",7.1,"kg",8.93,63.4,"feira_e_csa","horta",NA,"direto",NA,""
"L2016_000203",2016-12-05,"receita","venda_produto","banana_agroflorestal","BANANA_CAIXA",10,"caixa",56.89,568.9,"feira_e_csa","agrofloresta","T09","direto",NA,""
"L2016_000201",2016-12-08,"receita","venda_produto","feira_local","HORTA_CESTA",7,"cesta",39.29,275.03,"feira_e_csa","horta",NA,"direto",NA,""
"L2016_000202",2016-12-08,"receita","venda_produto","feira_local","HORTA_CESTA",9,"cesta",36.06,324.54,"feira_e_csa","horta",NA,"direto",NA,""
"L2016_002033",2016-12-08,"despesa","manejo","mao_de_obra",NA,NA,NA,6243.85,6243.85,NA,"cafeicultura",NA,"compartilhado",NA,""
"L2016_002034",2016-12-11,"despesa","operacao","transporte_e_embalagem",NA,NA,NA,1289.46,1289.46,NA,"beneficiamento",NA,"compartilhado",NA,""
"L2016_000205",2016-12-12,"receita","venda_produto","feira_local","HORTA_AVULSO",22.1,"kg",10.72,236.91,"feira_e_csa","horta",NA,"direto",NA,""
"L2016_000206",2016-12-13,"receita","venda_produto","feira_local","HORTA_CESTA",9,"cesta",44.06,396.54,"feira_e_csa","horta",NA,"direto",NA,""
"L2016_000204",2016-12-14,"receita","venda_produto","feira_local","HORTA_AVULSO",24.3,"kg",12.41,301.56,"feira_e_csa","horta",NA,"direto",NA,""
"L2016_000209",2016-12-19,"receita","venda_produto","banana_agroflorestal","BANANA_CAIXA",4,"caixa",46.19,184.76,"feira_e_csa","agrofloresta","T04","direto",NA,""
"L2016_000207",2016-12-22,"receita","venda_produto","feira_local","HORTA_CESTA",15,"cesta",37.08,556.2,"feira_e_csa","horta",NA,"direto",NA,""
"L2016_000208",2016-12-23,"receita","venda_produto","feira_local","HORTA_CESTA",7,"cesta",38.29,268.03,"feira_e_csa","horta",NA,"direto",NA,""
"L2016_000210",2016-12-26,"receita","venda_produto","feira_local","HORTA_CESTA",10,"cesta",40.51,405.1,"feira_e_csa","horta",NA,"direto",NA,""
"L2016_000212",2016-12-26,"receita","venda_produto","feira_local","HORTA_CESTA",9,"cesta",44.04,396.36,"feira_e_csa","horta",NA,"direto",NA,""
"L2016_000214",2016-12-26,"receita","venda_produto","banana_agroflorestal","BANANA_CAIXA",6,"caixa",45.66,273.96,"feira_e_csa","agrofloresta","T06","direto",NA,""
"L2016_002035",2016-12-26,"despesa","infraestrutura","energia_e_manutencao",NA,NA,NA,989.69,989.69,NA,"geral",NA,"compartilhado",NA,""
"L2016_000213",2016-12-27,"receita","venda_produto","feira_local","HORTA_CESTA",7,"cesta",38.22,267.54,"feira_e_csa","horta",NA,"direto",NA,""
"L2016_000211",2016-12-30,"receita","venda_produto","feira_local","HORTA_CESTA",12,"cesta",47.13,565.56,"feira_e_csa","horta",NA,"direto",NA,""
"L2017_000216",2017-01-02,"receita","venda_produto","feira_local","HORTA_CESTA",12,"cesta",39.17,470.04,"feira_e_csa","horta",NA,"direto",NA,""
"L2017_000215",2017-01-04,"receita","venda_produto","feira_local","HORTA_AVULSO",12.3,"kg",10.61,130.5,"feira_e_csa","horta",NA,"direto",NA,""
"L2017_000217",2017-01-06,"receita","venda_produto","feira_local","HORTA_CESTA",14,"cesta",47.29,662.06,"feira_e_csa","horta",NA,"direto",NA,""
"L2017_002036",2017-01-08,"despesa","manejo","mao_de_obra",NA,NA,NA,5549.24,5549.24,NA,"cafeicultura",NA,"compartilhado",NA,""
"L2017_000218",2017-01-09,"receita","venda_produto","feira_local","HORTA_CESTA",13,"cesta",38.81,504.53,"feira_e_csa","horta",NA,"direto",NA,""
"L2017_000219",2017-01-09,"receita","venda_produto","feira_local","HORTA_AVULSO",24.7,"kg",12.6,311.22,"feira_e_csa","horta",NA,"direto",NA,""
"L2017_000220",2017-01-09,"receita","venda_produto","banana_agroflorestal","BANANA_CAIXA",6,"caixa",49.25,295.5,"feira_e_csa","agrofloresta","T13","direto",NA,""
"L2017_002037",2017-01-11,"despesa","operacao","transporte_e_embalagem",NA,NA,NA,898.22,898.22,NA,"beneficiamento",NA,"compartilhado",NA,""
"L2017_000221",2017-01-16,"receita","venda_produto","feira_local","HORTA_CESTA",14,"cesta",40.85,571.9,"feira_e_csa","horta",NA,"direto",NA,""
"L2017_000222",2017-01-19,"receita","venda_produto","feira_local","HORTA_AVULSO",10.4,"kg",10.16,105.66,"feira_e_csa","horta",NA,"direto",NA,""
"L2017_000223",2017-01-24,"receita","venda_produto","feira_local","HORTA_CESTA",9,"cesta",39.3,353.7,"feira_e_csa","horta",NA,"direto",NA,""
"L2017_000224",2017-01-24,"receita","venda_produto","feira_local","HORTA_AVULSO",21.7,"kg",11.47,248.9,"feira_e_csa","horta",NA,"direto",NA,""
"L2017_000225",2017-01-24,"receita","venda_produto","feira_local","HORTA_CESTA",13,"cesta",36.43,473.59,"feira_e_csa","horta",NA,"direto",NA,""
"L2017_002038",2017-01-26,"despesa","infraestrutura","energia_e_manutencao",NA,NA,NA,957.5,957.5,NA,"geral",NA,"compartilhado",NA,""
"L2017_000229",2017-01-30,"receita","venda_produto","banana_agroflorestal","BANANA_CAIXA",4,"caixa",48.22,192.88,"feira_e_csa","agrofloresta","T29","direto",NA,""
"L2017_000228",2017-01-31,"receita","venda_produto","feira_local","HORTA_CESTA",14,"cesta",40.14,561.96,"feira_e_csa","horta",NA,"direto",NA,""
"L2017_000226",2017-02-01,"receita","venda_produto","feira_local","HORTA_CESTA",15,"cesta",48.6,729,"feira_e_csa","horta",NA,"direto",NA,""
"L2017_000227",2017-02-03,"receita","venda_produto","feira_local","HORTA_CESTA",5,"cesta",37.35,186.75,"feira_e_csa","horta",NA,"direto",NA,""
"L2017_000232",2017-02-06,"receita","venda_produto","banana_agroflorestal","BANANA_CAIXA",6,"caixa",45.22,271.32,"feira_e_csa","agrofloresta","T36","direto",NA,""
"L2017_000230",2017-02-08,"receita","venda_produto","feira_local","HORTA_CESTA",5,"cesta",44.91,224.55,"feira_e_csa","horta",NA,"direto",NA,""
"L2017_002039",2017-02-08,"despesa","manejo","mao_de_obra",NA,NA,NA,5585.8,5585.8,NA,"cafeicultura",NA,"compartilhado",NA,""
"L2017_000231",2017-02-10,"receita","venda_produto","feira_local","HORTA_CESTA",14,"cesta",49.32,690.48,"feira_e_csa","horta",NA,"direto",NA,""
"L2017_002040",2017-02-11,"despesa","operacao","transporte_e_embalagem",NA,NA,NA,1171.42,1171.42,NA,"beneficiamento",NA,"compartilhado",NA,""
"L2017_000233",2017-02-13,"receita","venda_produto","feira_local","HORTA_CESTA",12,"cesta",37.63,451.56,"feira_e_csa","horta",NA,"direto",NA,""
"L2017_000234",2017-02-13,"receita","venda_produto","feira_local","HORTA_AVULSO",8.5,"kg",11.15,94.78,"feira_e_csa","horta",NA,"direto",NA,""
"L2017_000235",2017-02-15,"receita","venda_produto","feira_local","HORTA_CESTA",9,"cesta",47.77,429.93,"feira_e_csa","horta",NA,"direto",NA,""
"L2017_002041",2017-02-16,"despesa","insumo","composto_e_cobertura",NA,NA,NA,8464.2,8464.2,NA,"cafeicultura",NA,"compartilhado",NA,""
"L2017_000236",2017-02-21,"receita","venda_produto","feira_local","HORTA_AVULSO",8.9,"kg",10.71,95.32,"feira_e_csa","horta",NA,"direto",NA,""
"L2017_000237",2017-02-21,"receita","venda_produto","feira_local","HORTA_AVULSO",11.5,"kg",10.9,125.35,"feira_e_csa","horta",NA,"direto",NA,""
"L2017_000238",2017-02-21,"receita","venda_produto","feira_local","HORTA_CESTA",15,"cesta",38.33,574.95,"feira_e_csa","horta",NA,"direto",NA,""
"L2017_002042",2017-02-26,"despesa","infraestrutura","energia_e_manutencao",NA,NA,NA,789.89,789.89,NA,"geral",NA,"compartilhado",NA,""
"L2017_000240",2017-02-27,"receita","venda_produto","feira_local","HORTA_CESTA",5,"cesta",37.96,189.8,"feira_e_csa","horta",NA,"direto",NA,""
"L2017_000241",2017-02-27,"receita","venda_produto","banana_agroflorestal","BANANA_CAIXA",3,"caixa",44.85,134.55,"feira_e_csa","agrofloresta","T29","direto",NA,""
"L2017_000239",2017-02-28,"receita","venda_produto","feira_local","HORTA_CESTA",5,"cesta",43.08,215.4,"feira_e_csa","horta",NA,"direto",NA,""
"L2017_000243",2017-03-07,"receita","venda_produto","feira_local","HORTA_CESTA",6,"cesta",41.23,247.38,"feira_e_csa","horta",NA,"direto",NA,""
"L2017_002043",2017-03-08,"despesa","manejo","mao_de_obra",NA,NA,NA,6069.73,6069.73,NA,"cafeicultura",NA,"compartilhado",NA,""
"L2017_000242",2017-03-10,"receita","venda_produto","feira_local","HORTA_AVULSO",16.1,"kg",9.85,158.58,"feira_e_csa","horta",NA,"direto",NA,""
"L2017_002044",2017-03-11,"despesa","operacao","transporte_e_embalagem",NA,NA,NA,1373.26,1373.26,NA,"beneficiamento",NA,"compartilhado",NA,""
"L2017_000245",2017-03-13,"receita","venda_produto","feira_local","HORTA_AVULSO",15.7,"kg",9.43,148.05,"feira_e_csa","horta",NA,"direto",NA,""
"L2017_000246",2017-03-13,"receita","venda_produto","banana_agroflorestal","BANANA_CAIXA",9,"caixa",47.42,426.78,"feira_e_csa","agrofloresta","T30","direto",NA,""
"L2017_000244",2017-03-16,"receita","venda_produto","feira_local","HORTA_CESTA",13,"cesta",40.39,525.07,"feira_e_csa","horta",NA,"direto",NA,""
"L2017_002045",2017-03-16,"despesa","insumo","composto_e_cobertura",NA,NA,NA,9312.18,9312.18,NA,"cafeicultura",NA,"compartilhado",NA,""
"L2017_000247",2017-03-21,"receita","venda_produto","feira_local","HORTA_AVULSO",24.8,"kg",11.25,279,"feira_e_csa","horta",NA,"direto",NA,""
"L2017_000248",2017-03-23,"receita","venda_produto","feira_local","HORTA_CESTA",12,"cesta",42.16,505.92,"feira_e_csa","horta",NA,"direto",NA,""
"L2017_002046",2017-03-26,"despesa","infraestrutura","energia_e_manutencao",NA,NA,NA,998.77,998.77,NA,"geral",NA,"compartilhado",NA,""
"L2017_000252",2017-03-27,"receita","venda_produto","banana_agroflorestal","BANANA_CAIXA",9,"caixa",40.98,368.82,"feira_e_csa","agrofloresta","T27","direto",NA,""
"L2017_000249",2017-03-29,"receita","venda_produto","feira_local","HORTA_CESTA",8,"cesta",43.68,349.44,"feira_e_csa","horta",NA,"direto",NA,""
"L2017_000251",2017-03-29,"receita","venda_produto","feira_local","HORTA_CESTA",13,"cesta",38.97,506.61,"feira_e_csa","horta",NA,"direto",NA,""
"L2017_000250",2017-03-30,"receita","venda_produto","feira_local","HORTA_CESTA",8,"cesta",42.44,339.52,"feira_e_csa","horta",NA,"direto",NA,""
"L2017_000253",2017-04-03,"receita","venda_produto","feira_local","HORTA_CESTA",8,"cesta",42.18,337.44,"feira_e_csa","horta",NA,"direto",NA,""
"L2017_000254",2017-04-07,"receita","venda_produto","feira_local","HORTA_CESTA",5,"cesta",45.09,225.45,"feira_e_csa","horta",NA,"direto",NA,""
"L2017_002047",2017-04-08,"despesa","manejo","mao_de_obra",NA,NA,NA,6850.17,6850.17,NA,"cafeicultura",NA,"compartilhado",NA,""
"L2017_000257",2017-04-10,"receita","venda_produto","banana_agroflorestal","BANANA_CAIXA",4,"caixa",54.09,216.36,"feira_e_csa","agrofloresta","T27","direto",NA,""
"L2017_002048",2017-04-11,"despesa","operacao","transporte_e_embalagem",NA,NA,NA,1427.2,1427.2,NA,"beneficiamento",NA,"compartilhado",NA,""
"L2017_000255",2017-04-13,"receita","venda_produto","feira_local","HORTA_CESTA",11,"cesta",44.41,488.51,"feira_e_csa","horta",NA,"direto",NA,""
"L2017_000256",2017-04-14,"receita","venda_produto","feira_local","HORTA_CESTA",13,"cesta",42.94,558.22,"feira_e_csa","horta",NA,"direto",NA,""
"L2017_000259",2017-04-17,"receita","venda_produto","feira_local","HORTA_AVULSO",9.3,"kg",10.68,99.32,"feira_e_csa","horta",NA,"direto",NA,""
"L2017_000260",2017-04-17,"receita","venda_produto","banana_agroflorestal","BANANA_CAIXA",3,"caixa",41.72,125.16,"feira_e_csa","agrofloresta","T03","direto",NA,""
"L2017_000258",2017-04-19,"receita","venda_produto","feira_local","HORTA_AVULSO",16.4,"kg",10.41,170.72,"feira_e_csa","horta",NA,"direto",NA,""
"L2017_000261",2017-04-24,"receita","venda_produto","feira_local","HORTA_CESTA",14,"cesta",44.44,622.16,"feira_e_csa","horta",NA,"direto",NA,""
"L2017_002049",2017-04-26,"despesa","infraestrutura","energia_e_manutencao",NA,NA,NA,919.68,919.68,NA,"geral",NA,"compartilhado",NA,""
"L2017_000262",2017-04-27,"receita","venda_produto","feira_local","HORTA_CESTA",14,"cesta",44.49,622.86,"feira_e_csa","horta",NA,"direto",NA,""
"L2017_000264",2017-05-01,"receita","venda_produto","feira_local","HORTA_CESTA",9,"cesta",35.75,321.75,"feira_e_csa","horta",NA,"direto",NA,""
"L2017_000266",2017-05-01,"receita","venda_produto","banana_agroflorestal","BANANA_CAIXA",9,"caixa",49.07,441.63,"feira_e_csa","agrofloresta","T22","direto",NA,""
"L2017_000263",2017-05-04,"receita","venda_produto","feira_local","HORTA_CESTA",11,"cesta",48.72,535.92,"feira_e_csa","horta",NA,"direto",NA,""
"L2017_000265",2017-05-05,"receita","venda_produto","feira_local","HORTA_CESTA",10,"cesta",47.46,474.6,"feira_e_csa","horta",NA,"direto",NA,""
"L2017_000269",2017-05-08,"receita","venda_produto","feira_local","HORTA_CESTA",9,"cesta",38.71,348.39,"feira_e_csa","horta",NA,"direto",NA,""
"L2017_002050",2017-05-08,"despesa","manejo","mao_de_obra",NA,NA,NA,5350.43,5350.43,NA,"cafeicultura",NA,"compartilhado",NA,""
"L2017_000267",2017-05-09,"receita","venda_produto","feira_local","HORTA_CESTA",14,"cesta",39.65,555.1,"feira_e_csa","horta",NA,"direto",NA,""
"L2017_000268",2017-05-10,"receita","venda_produto","feira_local","HORTA_CESTA",12,"cesta",38.52,462.24,"feira_e_csa","horta",NA,"direto",NA,""
"L2017_002051",2017-05-11,"despesa","operacao","transporte_e_embalagem",NA,NA,NA,1135.53,1135.53,NA,"beneficiamento",NA,"compartilhado",NA,""
"L2017_000270",2017-05-15,"receita","venda_produto","feira_local","HORTA_AVULSO",26.2,"kg",9.82,257.28,"feira_e_csa","horta",NA,"direto",NA,""
"L2017_000271",2017-05-17,"receita","venda_produto","feira_local","HORTA_AVULSO",7,"kg",9.84,68.88,"feira_e_csa","horta",NA,"direto",NA,""
"L2017_002052",2017-05-20,"despesa","manejo","colheita_e_beneficiamento",NA,NA,NA,4736.08,4736.08,NA,"cafeicultura",NA,"compartilhado",NA,""
"L2017_000273",2017-05-22,"receita","venda_produto","feira_local","HORTA_CESTA",5,"cesta",38.47,192.35,"feira_e_csa","horta",NA,"direto",NA,""
"L2017_000272",2017-05-26,"receita","venda_produto","feira_local","HORTA_CESTA",9,"cesta",43.71,393.39,"feira_e_csa","horta",NA,"direto",NA,""
"L2017_002053",2017-05-26,"despesa","infraestrutura","energia_e_manutencao",NA,NA,NA,1101.19,1101.19,NA,"geral",NA,"compartilhado",NA,""
"L2017_000274",2017-05-29,"receita","venda_produto","feira_local","HORTA_CESTA",9,"cesta",46.01,414.09,"feira_e_csa","horta",NA,"direto",NA,""
"L2017_000275",2017-05-31,"receita","venda_produto","feira_local","HORTA_AVULSO",18.7,"kg",11.22,209.81,"feira_e_csa","horta",NA,"direto",NA,""
"L2017_000276",2017-06-01,"receita","venda_produto","feira_local","HORTA_CESTA",15,"cesta",44.29,664.35,"feira_e_csa","horta",NA,"direto",NA,""
"L2017_000278",2017-06-05,"receita","venda_produto","feira_local","HORTA_CESTA",6,"cesta",48.58,291.48,"feira_e_csa","horta",NA,"direto",NA,""
"L2017_000281",2017-06-05,"receita","venda_produto","banana_agroflorestal","BANANA_CAIXA",5,"caixa",43.66,218.3,"feira_e_csa","agrofloresta","T35","direto",NA,""
"L2017_000282",2017-06-05,"receita","venda_produto","cafe_verde","CAF_SACA",11,"saca_60kg",712.42,7836.62,"cooperativa","cafeicultura","T21","direto",NA,"venda de safra"
"L2017_000283",2017-06-05,"receita","venda_produto","cafe_torrado","CAF_TORRADO",62,"pacote_250g",16.12,999.44,"venda_direta","beneficiamento",NA,"direto",NA,""
"L2017_000279",2017-06-06,"receita","venda_produto","feira_local","HORTA_CESTA",9,"cesta",45.4,408.6,"feira_e_csa","horta",NA,"direto",NA,""
"L2017_000277",2017-06-08,"receita","venda_produto","feira_local","HORTA_AVULSO",11.1,"kg",10.2,113.22,"feira_e_csa","horta",NA,"direto",NA,""
"L2017_002054",2017-06-08,"despesa","manejo","mao_de_obra",NA,NA,NA,5547,5547,NA,"cafeicultura",NA,"compartilhado",NA,""
"L2017_000280",2017-06-09,"receita","venda_produto","feira_local","HORTA_CESTA",6,"cesta",43.43,260.58,"feira_e_csa","horta",NA,"direto",NA,""
"L2017_002055",2017-06-11,"despesa","operacao","transporte_e_embalagem",NA,NA,NA,1488.8,1488.8,NA,"beneficiamento",NA,"compartilhado",NA,""
"L2017_000285",2017-06-12,"receita","venda_produto","feira_local","HORTA_CESTA",6,"cesta",45.86,275.16,"feira_e_csa","horta",NA,"direto",NA,""
"L2017_000287",2017-06-12,"receita","venda_produto","feira_local","HORTA_CESTA",5,"cesta",53.44,267.2,"feira_e_csa","horta",NA,"direto",NA,""
"L2017_000288",2017-06-12,"receita","venda_produto","cafe_verde","CAF_SACA",17,"saca_60kg",812.87,13818.79,"cooperativa","cafeicultura","T25","direto",NA,"venda de safra"
"L2017_000286",2017-06-15,"receita","venda_produto","feira_local","HORTA_CESTA",8,"cesta",45.35,362.8,"feira_e_csa","horta",NA,"direto",NA,""
"L2017_000284",2017-06-16,"receita","venda_produto","feira_local","HORTA_CESTA",5,"cesta",41.52,207.6,"feira_e_csa","horta",NA,"direto",NA,""
"L2017_000289",2017-06-19,"receita","venda_produto","feira_local","HORTA_CESTA",13,"cesta",34.6,449.8,"feira_e_csa","horta",NA,"direto",NA,""
"L2017_000291",2017-06-19,"receita","venda_produto","feira_local","HORTA_CESTA",6,"cesta",40.7,244.2,"feira_e_csa","horta",NA,"direto",NA,""
"L2017_000292",2017-06-19,"receita","venda_produto","banana_agroflorestal","BANANA_CAIXA",10,"caixa",53.69,536.9,"feira_e_csa","agrofloresta","T25","direto",NA,""
"L2017_002056",2017-06-20,"despesa","manejo","colheita_e_beneficiamento",NA,NA,NA,4848.95,4848.95,NA,"cafeicultura",NA,"compartilhado",NA,""
"L2017_000290",2017-06-23,"receita","venda_produto","feira_local","HORTA_AVULSO",20.2,"kg",12.16,245.63,"feira_e_csa","horta",NA,"direto",NA,""
"L2017_000294",2017-06-26,"receita","venda_produto","feira_local","HORTA_AVULSO",19.1,"kg",10.23,195.39,"feira_e_csa","horta",NA,"direto",NA,""
"L2017_000295",2017-06-26,"receita","venda_produto","banana_agroflorestal","BANANA_CAIXA",7,"caixa",46.89,328.23,"feira_e_csa","agrofloresta","T27","direto",NA,""
"L2017_002057",2017-06-26,"despesa","infraestrutura","energia_e_manutencao",NA,NA,NA,910.13,910.13,NA,"geral",NA,"compartilhado",NA,""
"L2017_000293",2017-06-30,"receita","venda_produto","feira_local","HORTA_AVULSO",19.9,"kg",10.89,216.71,"feira_e_csa","horta",NA,"direto",NA,""
"L2017_000300",2017-07-03,"receita","venda_produto","cafe_verde","CAF_SACA",12,"saca_60kg",959.44,11513.28,"cooperativa","cafeicultura","T35","direto",NA,"venda de safra"
"L2017_000298",2017-07-04,"receita","venda_produto","feira_local","HORTA_AVULSO",18.2,"kg",10.32,187.82,"feira_e_csa","horta",NA,"direto",NA,""
"L2017_000296",2017-07-05,"receita","venda_produto","feira_local","HORTA_CESTA",7,"cesta",33.14,231.98,"feira_e_csa","horta",NA,"direto",NA,""
"L2017_000299",2017-07-05,"receita","venda_produto","feira_local","HORTA_AVULSO",26.7,"kg",13.64,364.19,"feira_e_csa","horta",NA,"direto",NA,""
"L2017_000297",2017-07-07,"receita","venda_produto","feira_local","HORTA_CESTA",6,"cesta",42.2,253.2,"feira_e_csa","horta",NA,"direto",NA,""
"L2017_002058",2017-07-08,"despesa","manejo","mao_de_obra",NA,NA,NA,6909.46,6909.46,NA,"cafeicultura",NA,"compartilhado",NA,""
"L2017_000302",2017-07-10,"receita","venda_produto","feira_local","HORTA_CESTA",12,"cesta",40.58,486.96,"feira_e_csa","horta",NA,"direto",NA,""
"L2017_000304",2017-07-10,"receita","venda_produto","banana_agroflorestal","BANANA_CAIXA",7,"caixa",44.52,311.64,"feira_e_csa","agrofloresta","T09","direto",NA,""
"L2017_000305",2017-07-10,"receita","venda_produto","cafe_verde","CAF_SACA",22,"saca_60kg",735.86,16188.92,"cooperativa","cafeicultura","T17","direto",NA,"venda de safra"
"L2017_000306",2017-07-10,"receita","venda_produto","mel","MEL_POTE",68,"pote_300g",23.35,1587.8,"feira_local","meliponicultura",NA,"direto",NA,""
"L2017_002059",2017-07-11,"despesa","operacao","transporte_e_embalagem",NA,NA,NA,1299.96,1299.96,NA,"beneficiamento",NA,"compartilhado",NA,""
"L2017_000303",2017-07-13,"receita","venda_produto","feira_local","HORTA_CESTA",15,"cesta",35.35,530.25,"feira_e_csa","horta",NA,"direto",NA,""
"L2017_000301",2017-07-14,"receita","venda_produto","feira_local","HORTA_AVULSO",24.9,"kg",10.19,253.73,"feira_e_csa","horta",NA,"direto",NA,""
"L2017_000309",2017-07-17,"receita","venda_produto","cafe_verde","CAF_SACA",10,"saca_60kg",868.49,8684.9,"cooperativa","cafeicultura","T18","direto",NA,"venda de safra"
"L2017_000307",2017-07-18,"receita","venda_produto","feira_local","HORTA_CESTA",7,"cesta",41.39,289.73,"feira_e_csa","horta",NA,"direto",NA,""
"L2017_000308",2017-07-18,"receita","venda_produto","feira_local","HORTA_AVULSO",25.3,"kg",10.32,261.1,"feira_e_csa","horta",NA,"direto",NA,""
"L2017_002060",2017-07-20,"despesa","manejo","colheita_e_beneficiamento",NA,NA,NA,4694.5,4694.5,NA,"cafeicultura",NA,"compartilhado",NA,""
"L2017_000312",2017-07-24,"receita","venda_produto","feira_local","HORTA_CESTA",11,"cesta",37.08,407.88,"feira_e_csa","horta",NA,"direto",NA,""
"L2017_000314",2017-07-24,"receita","venda_produto","cafe_verde","CAF_SACA",13,"saca_60kg",820,10660,"cooperativa","cafeicultura","T26","direto",NA,"venda de safra"
"L2017_000310",2017-07-25,"receita","venda_produto","feira_local","HORTA_CESTA",14,"cesta",44.58,624.12,"feira_e_csa","horta",NA,"direto",NA,""
"L2017_000311",2017-07-25,"receita","venda_produto","feira_local","HORTA_CESTA",10,"cesta",38.96,389.6,"feira_e_csa","horta",NA,"direto",NA,""
"L2017_000313",2017-07-25,"receita","venda_produto","feira_local","HORTA_CESTA",15,"cesta",43.21,648.15,"feira_e_csa","horta",NA,"direto",NA,""
"L2017_002061",2017-07-26,"despesa","infraestrutura","energia_e_manutencao",NA,NA,NA,883.43,883.43,NA,"geral",NA,"compartilhado",NA,""
"L2017_000317",2017-07-31,"receita","venda_produto","cafe_verde","CAF_SACA",23,"saca_60kg",839.5,19308.5,"cooperativa","cafeicultura","T15","direto",NA,"venda de safra"
"L2017_000315",2017-08-02,"receita","venda_produto","feira_local","HORTA_AVULSO",22.4,"kg",10.04,224.9,"feira_e_csa","horta",NA,"direto",NA,""
"L2017_000316",2017-08-02,"receita","venda_produto","feira_local","HORTA_CESTA",9,"cesta",42.64,383.76,"feira_e_csa","horta",NA,"direto",NA,""
"L2017_000319",2017-08-07,"receita","venda_produto","feira_local","HORTA_AVULSO",10.6,"kg",10.58,112.15,"feira_e_csa","horta",NA,"direto",NA,""
"L2017_000321",2017-08-07,"receita","venda_produto","cafe_verde","CAF_SACA",13,"saca_60kg",776.94,10100.22,"cooperativa","cafeicultura","T23","direto",NA,"venda de safra"
"L2017_002062",2017-08-08,"despesa","manejo","mao_de_obra",NA,NA,NA,6695.7,6695.7,NA,"cafeicultura",NA,"compartilhado",NA,""
"L2017_000318",2017-08-09,"receita","venda_produto","feira_local","HORTA_AVULSO",7.6,"kg",12.65,96.14,"feira_e_csa","horta",NA,"direto",NA,""
"L2017_000320",2017-08-11,"receita","venda_produto","feira_local","HORTA_AVULSO",8.7,"kg",10.79,93.87,"feira_e_csa","horta",NA,"direto",NA,""
"L2017_002063",2017-08-11,"despesa","operacao","transporte_e_embalagem",NA,NA,NA,1403.32,1403.32,NA,"beneficiamento",NA,"compartilhado",NA,""
"L2017_000323",2017-08-14,"receita","venda_produto","feira_local","HORTA_CESTA",11,"cesta",42.87,471.57,"feira_e_csa","horta",NA,"direto",NA,""
"L2017_000324",2017-08-14,"receita","venda_produto","feira_local","HORTA_CESTA",13,"cesta",45.13,586.69,"feira_e_csa","horta",NA,"direto",NA,""
"L2017_000322",2017-08-18,"receita","venda_produto","feira_local","HORTA_CESTA",10,"cesta",37.02,370.2,"feira_e_csa","horta",NA,"direto",NA,""
"L2017_000327",2017-08-21,"receita","venda_produto","feira_local","HORTA_CESTA",6,"cesta",46.17,277.02,"feira_e_csa","horta",NA,"direto",NA,""
"L2017_000326",2017-08-22,"receita","venda_produto","feira_local","HORTA_CESTA",10,"cesta",44.32,443.2,"feira_e_csa","horta",NA,"direto",NA,""
"L2017_000325",2017-08-23,"receita","venda_produto","feira_local","HORTA_CESTA",6,"cesta",35.47,212.82,"feira_e_csa","horta",NA,"direto",NA,""
"L2017_002064",2017-08-26,"despesa","infraestrutura","energia_e_manutencao",NA,NA,NA,1022.04,1022.04,NA,"geral",NA,"compartilhado",NA,""
"L2017_000330",2017-08-28,"receita","venda_produto","feira_local","HORTA_CESTA",12,"cesta",48.43,581.16,"feira_e_csa","horta",NA,"direto",NA,""
"L2017_000328",2017-08-30,"receita","venda_produto","feira_local","HORTA_CESTA",15,"cesta",30.24,453.6,"feira_e_csa","horta",NA,"direto",NA,""
"L2017_000331",2017-08-31,"receita","venda_produto","feira_local","HORTA_CESTA",9,"cesta",46.44,417.96,"feira_e_csa","horta",NA,"direto",NA,""
"L2017_000329",2017-09-01,"receita","venda_produto","feira_local","HORTA_CESTA",8,"cesta",40.46,323.68,"feira_e_csa","horta",NA,"direto",NA,""
"L2017_000334",2017-09-04,"receita","venda_produto","feira_local","HORTA_AVULSO",13.9,"kg",11.26,156.51,"feira_e_csa","horta",NA,"direto",NA,""
"L2017_000336",2017-09-04,"receita","venda_produto","banana_agroflorestal","BANANA_CAIXA",9,"caixa",52.35,471.15,"feira_e_csa","agrofloresta","T25","direto",NA,""
"L2017_000337",2017-09-04,"receita","venda_produto","cafe_verde","CAF_SACA",14,"saca_60kg",757.54,10605.56,"cooperativa","cafeicultura","T09","direto",NA,"venda de safra"
"L2017_000333",2017-09-05,"receita","venda_produto","feira_local","HORTA_AVULSO",17.4,"kg",9.52,165.65,"feira_e_csa","horta",NA,"direto",NA,""
"L2017_000332",2017-09-06,"receita","venda_produto","feira_local","HORTA_CESTA",5,"cesta",47.08,235.4,"feira_e_csa","horta",NA,"direto",NA,""
"L2017_000335",2017-09-08,"receita","venda_produto","feira_local","HORTA_AVULSO",14.7,"kg",11.38,167.29,"feira_e_csa","horta",NA,"direto",NA,""
"L2017_002065",2017-09-08,"despesa","manejo","mao_de_obra",NA,NA,NA,6650.55,6650.55,NA,"cafeicultura",NA,"compartilhado",NA,""
"L2017_000341",2017-09-11,"receita","venda_produto","cafe_verde","CAF_SACA",16,"saca_60kg",816.81,13068.96,"cooperativa","cafeicultura","T31","direto",NA,"venda de safra"
"L2017_002066",2017-09-11,"despesa","operacao","transporte_e_embalagem",NA,NA,NA,1461.61,1461.61,NA,"beneficiamento",NA,"compartilhado",NA,""
"L2017_000340",2017-09-13,"receita","venda_produto","feira_local","HORTA_CESTA",5,"cesta",43.82,219.1,"feira_e_csa","horta",NA,"direto",NA,""
"L2017_000338",2017-09-14,"receita","venda_produto","feira_local","HORTA_AVULSO",18.6,"kg",9.06,168.52,"feira_e_csa","horta",NA,"direto",NA,""
"L2017_000339",2017-09-14,"receita","venda_produto","feira_local","HORTA_CESTA",5,"cesta",46.62,233.1,"feira_e_csa","horta",NA,"direto",NA,""
"L2017_002067",2017-09-16,"despesa","insumo","composto_e_cobertura",NA,NA,NA,8109.07,8109.07,NA,"cafeicultura",NA,"compartilhado",NA,""
"L2017_000343",2017-09-19,"receita","venda_produto","feira_local","HORTA_AVULSO",27.5,"kg",9.53,262.08,"feira_e_csa","horta",NA,"direto",NA,""
"L2017_000342",2017-09-22,"receita","venda_produto","feira_local","HORTA_CESTA",5,"cesta",43.86,219.3,"feira_e_csa","horta",NA,"direto",NA,""
"L2017_000348",2017-09-25,"receita","venda_produto","cafe_verde","CAF_SACA",21,"saca_60kg",785.44,16494.24,"cooperativa","cafeicultura","T34","direto",NA,"venda de safra"
"L2017_002068",2017-09-26,"despesa","infraestrutura","energia_e_manutencao",NA,NA,NA,874.98,874.98,NA,"geral",NA,"compartilhado",NA,""
"L2017_000344",2017-09-28,"receita","venda_produto","feira_local","HORTA_CESTA",15,"cesta",40.72,610.8,"feira_e_csa","horta",NA,"direto",NA,""
"L2017_000345",2017-09-28,"receita","venda_produto","feira_local","HORTA_CESTA",14,"cesta",33.54,469.56,"feira_e_csa","horta",NA,"direto",NA,""
"L2017_000347",2017-09-28,"receita","venda_produto","feira_local","HORTA_CESTA",7,"cesta",37.82,264.74,"feira_e_csa","horta",NA,"direto",NA,""
"L2017_000346",2017-09-29,"receita","venda_produto","feira_local","HORTA_CESTA",9,"cesta",44.28,398.52,"feira_e_csa","horta",NA,"direto",NA,""
"L2017_000351",2017-10-02,"receita","venda_produto","banana_agroflorestal","BANANA_CAIXA",5,"caixa",49.09,245.45,"feira_e_csa","agrofloresta","T29","direto",NA,""
"L2017_000352",2017-10-02,"receita","venda_produto","cafe_torrado","CAF_TORRADO",96,"pacote_250g",19.1,1833.6,"venda_direta","beneficiamento",NA,"direto",NA,""
"L2017_000350",2017-10-04,"receita","venda_produto","feira_local","HORTA_CESTA",13,"cesta",40.47,526.11,"feira_e_csa","horta",NA,"direto",NA,""
"L2017_000349",2017-10-06,"receita","venda_produto","feira_local","HORTA_CESTA",15,"cesta",35.67,535.05,"feira_e_csa","horta",NA,"direto",NA,""
"L2017_002069",2017-10-08,"despesa","manejo","mao_de_obra",NA,NA,NA,6277.46,6277.46,NA,"cafeicultura",NA,"compartilhado",NA,""
"L2017_000353",2017-10-09,"receita","venda_produto","feira_local","HORTA_CESTA",15,"cesta",39.09,586.35,"feira_e_csa","horta",NA,"direto",NA,""
"L2017_000355",2017-10-09,"receita","venda_produto","cafe_verde","CAF_SACA",13,"saca_60kg",849.21,11039.73,"cooperativa","cafeicultura","T08","direto",NA,"venda de safra"
"L2017_000354",2017-10-10,"receita","venda_produto","feira_local","HORTA_AVULSO",12.9,"kg",10.56,136.22,"feira_e_csa","horta",NA,"direto",NA,""
"L2017_002070",2017-10-11,"despesa","operacao","transporte_e_embalagem",NA,NA,NA,1468.16,1468.16,NA,"beneficiamento",NA,"compartilhado",NA,""
"L2017_002071",2017-10-16,"despesa","insumo","composto_e_cobertura",NA,NA,NA,7776.99,7776.99,NA,"cafeicultura",NA,"compartilhado",NA,""
"L2017_000359",2017-10-17,"receita","venda_produto","feira_local","HORTA_CESTA",14,"cesta",37.87,530.18,"feira_e_csa","horta",NA,"direto",NA,""
"L2017_000356",2017-10-19,"receita","venda_produto","feira_local","HORTA_AVULSO",18.3,"kg",11.19,204.78,"feira_e_csa","horta",NA,"direto",NA,""
"L2017_000357",2017-10-20,"receita","venda_produto","feira_local","HORTA_CESTA",10,"cesta",43.04,430.4,"feira_e_csa","horta",NA,"direto",NA,""
"L2017_000358",2017-10-20,"receita","venda_produto","feira_local","HORTA_CESTA",10,"cesta",45.27,452.7,"feira_e_csa","horta",NA,"direto",NA,""
"L2017_000362",2017-10-23,"receita","venda_produto","banana_agroflorestal","BANANA_CAIXA",3,"caixa",42.87,128.61,"feira_e_csa","agrofloresta","T27","direto",NA,""
"L2017_000363",2017-10-23,"receita","venda_produto","cafe_verde","CAF_SACA",18,"saca_60kg",850.67,15312.06,"cooperativa","cafeicultura","T05","direto",NA,"venda de safra"
"L2017_002072",2017-10-26,"despesa","infraestrutura","energia_e_manutencao",NA,NA,NA,1105.57,1105.57,NA,"geral",NA,"compartilhado",NA,""
"L2017_000360",2017-10-27,"receita","venda_produto","feira_local","HORTA_AVULSO",12.9,"kg",10.1,130.29,"feira_e_csa","horta",NA,"direto",NA,""
"L2017_000361",2017-10-27,"receita","venda_produto","feira_local","HORTA_CESTA",14,"cesta",41.32,578.48,"feira_e_csa","horta",NA,"direto",NA,""
"L2017_000367",2017-10-30,"receita","venda_produto","banana_agroflorestal","BANANA_CAIXA",6,"caixa",48.28,289.68,"feira_e_csa","agrofloresta","T31","direto",NA,""
"L2017_000368",2017-10-30,"receita","venda_produto","cafe_verde","CAF_SACA",23,"saca_60kg",934.05,21483.15,"cooperativa","cafeicultura","T05","direto",NA,"venda de safra"
"L2017_000365",2017-10-31,"receita","venda_produto","feira_local","HORTA_AVULSO",24,"kg",11.78,282.72,"feira_e_csa","horta",NA,"direto",NA,""
"L2017_000364",2017-11-01,"receita","venda_produto","feira_local","HORTA_CESTA",13,"cesta",46.94,610.22,"feira_e_csa","horta",NA,"direto",NA,""
"L2017_000366",2017-11-02,"receita","venda_produto","feira_local","HORTA_CESTA",8,"cesta",40.58,324.64,"feira_e_csa","horta",NA,"direto",NA,""
"L2017_000370",2017-11-06,"receita","venda_produto","feira_local","HORTA_CESTA",13,"cesta",38.37,498.81,"feira_e_csa","horta",NA,"direto",NA,""
"L2017_000371",2017-11-06,"receita","venda_produto","banana_agroflorestal","BANANA_CAIXA",7,"caixa",43.54,304.78,"feira_e_csa","agrofloresta","T17","direto",NA,""
"L2017_000372",2017-11-06,"receita","venda_produto","cafe_verde","CAF_SACA",22,"saca_60kg",710,15620,"cooperativa","cafeicultura","T24","direto",NA,"venda de safra"
"L2017_000373",2017-11-06,"receita","venda_produto","cafe_torrado","CAF_TORRADO",90,"pacote_250g",22.68,2041.2,"venda_direta","beneficiamento",NA,"direto",NA,""
"L2017_000369",2017-11-07,"receita","venda_produto","feira_local","HORTA_CESTA",12,"cesta",41.77,501.24,"feira_e_csa","horta",NA,"direto",NA,""
"L2017_002073",2017-11-08,"despesa","manejo","mao_de_obra",NA,NA,NA,6471.62,6471.62,NA,"cafeicultura",NA,"compartilhado",NA,""
"L2017_002074",2017-11-11,"despesa","operacao","transporte_e_embalagem",NA,NA,NA,993.85,993.85,NA,"beneficiamento",NA,"compartilhado",NA,""
"L2017_000377",2017-11-13,"receita","venda_produto","banana_agroflorestal","BANANA_CAIXA",6,"caixa",40.01,240.06,"feira_e_csa","agrofloresta","T04","direto",NA,""
"L2017_000374",2017-11-15,"receita","venda_produto","feira_local","HORTA_CESTA",8,"cesta",41.89,335.12,"feira_e_csa","horta",NA,"direto",NA,""
"L2017_000376",2017-11-15,"receita","venda_produto","feira_local","HORTA_CESTA",15,"cesta",42.13,631.95,"feira_e_csa","horta",NA,"direto",NA,""
"L2017_000375",2017-11-17,"receita","venda_produto","feira_local","HORTA_CESTA",14,"cesta",40.85,571.9,"feira_e_csa","horta",NA,"direto",NA,""
"L2017_000381",2017-11-20,"receita","venda_produto","banana_agroflorestal","BANANA_CAIXA",10,"caixa",52.09,520.9,"feira_e_csa","agrofloresta","T19","direto",NA,""
"L2017_000379",2017-11-21,"receita","venda_produto","feira_local","HORTA_CESTA",14,"cesta",36.38,509.32,"feira_e_csa","horta",NA,"direto",NA,""
"L2017_000378",2017-11-22,"receita","venda_produto","feira_local","HORTA_AVULSO",25,"kg",10.23,255.75,"feira_e_csa","horta",NA,"direto",NA,""
"L2017_000380",2017-11-23,"receita","venda_produto","feira_local","HORTA_AVULSO",17.1,"kg",11.14,190.49,"feira_e_csa","horta",NA,"direto",NA,""
"L2017_002075",2017-11-26,"despesa","infraestrutura","energia_e_manutencao",NA,NA,NA,1010.98,1010.98,NA,"geral",NA,"compartilhado",NA,""
"L2017_000385",2017-11-27,"receita","venda_produto","banana_agroflorestal","BANANA_CAIXA",5,"caixa",48.75,243.75,"feira_e_csa","agrofloresta","T04","direto",NA,""
"L2017_000386",2017-11-27,"receita","venda_produto","cafe_verde","CAF_SACA",23,"saca_60kg",862.08,19827.84,"cooperativa","cafeicultura","T04","direto",NA,"venda de safra"
"L2017_000382",2017-11-28,"receita","venda_produto","feira_local","HORTA_CESTA",6,"cesta",37.86,227.16,"feira_e_csa","horta",NA,"direto",NA,""
"L2017_000383",2017-11-28,"receita","venda_produto","feira_local","HORTA_CESTA",13,"cesta",47.98,623.74,"feira_e_csa","horta",NA,"direto",NA,""
"L2017_000384",2017-11-30,"receita","venda_produto","feira_local","HORTA_CESTA",6,"cesta",34.74,208.44,"feira_e_csa","horta",NA,"direto",NA,""
"L2017_000389",2017-12-04,"receita","venda_produto","banana_agroflorestal","BANANA_CAIXA",5,"caixa",52.1,260.5,"feira_e_csa","agrofloresta","T06","direto",NA,""
"L2017_000388",2017-12-07,"receita","venda_produto","feira_local","HORTA_CESTA",8,"cesta",35.91,287.28,"feira_e_csa","horta",NA,"direto",NA,""
"L2017_000387",2017-12-08,"receita","venda_produto","feira_local","HORTA_CESTA",8,"cesta",41.07,328.56,"feira_e_csa","horta",NA,"direto",NA,""
"L2017_002076",2017-12-08,"despesa","manejo","mao_de_obra",NA,NA,NA,5446.57,5446.57,NA,"cafeicultura",NA,"compartilhado",NA,""
"L2017_000393",2017-12-11,"receita","venda_produto","banana_agroflorestal","BANANA_CAIXA",8,"caixa",50.23,401.84,"feira_e_csa","agrofloresta","T04","direto",NA,""
"L2017_002077",2017-12-11,"despesa","operacao","transporte_e_embalagem",NA,NA,NA,1438.25,1438.25,NA,"beneficiamento",NA,"compartilhado",NA,""
"L2017_000390",2017-12-13,"receita","venda_produto","feira_local","HORTA_CESTA",15,"cesta",41.65,624.75,"feira_e_csa","horta",NA,"direto",NA,""
"L2017_000391",2017-12-13,"receita","venda_produto","feira_local","HORTA_CESTA",8,"cesta",43.21,345.68,"feira_e_csa","horta",NA,"direto",NA,""
"L2017_000392",2017-12-13,"receita","venda_produto","feira_local","HORTA_CESTA",10,"cesta",44.57,445.7,"feira_e_csa","horta",NA,"direto",NA,""
"L2017_000394",2017-12-18,"receita","venda_produto","feira_local","HORTA_CESTA",12,"cesta",39.04,468.48,"feira_e_csa","horta",NA,"direto",NA,""
"L2017_000395",2017-12-18,"receita","venda_produto","feira_local","HORTA_AVULSO",20.9,"kg",11.89,248.5,"feira_e_csa","horta",NA,"direto",NA,""
"L2017_000397",2017-12-19,"receita","venda_produto","feira_local","HORTA_AVULSO",14.1,"kg",10.81,152.42,"feira_e_csa","horta",NA,"direto",NA,""
"L2017_000396",2017-12-20,"receita","venda_produto","feira_local","HORTA_CESTA",7,"cesta",39.35,275.45,"feira_e_csa","horta",NA,"direto",NA,""
"L2017_000400",2017-12-25,"receita","venda_produto","cafe_torrado","CAF_TORRADO",80,"pacote_250g",18.94,1515.2,"venda_direta","beneficiamento",NA,"direto",NA,""
"L2017_002078",2017-12-26,"despesa","infraestrutura","energia_e_manutencao",NA,NA,NA,791.42,791.42,NA,"geral",NA,"compartilhado",NA,""
"L2017_000398",2017-12-27,"receita","venda_produto","feira_local","HORTA_AVULSO",23.4,"kg",8.88,207.79,"feira_e_csa","horta",NA,"direto",NA,""
"L2017_000399",2017-12-27,"receita","venda_produto","feira_local","HORTA_CESTA",6,"cesta",35.73,214.38,"feira_e_csa","horta",NA,"direto",NA,""
"L2018_000403",2018-01-01,"receita","venda_produto","banana_agroflorestal","BANANA_CAIXA",8,"caixa",52.04,416.32,"feira_e_csa","agrofloresta","T02","direto",NA,""
"L2018_000402",2018-01-02,"receita","venda_produto","feira_local","HORTA_AVULSO",13.4,"kg",10.52,140.97,"feira_e_csa","horta",NA,"direto",NA,""
"L2018_000401",2018-01-05,"receita","venda_produto","feira_local","HORTA_CESTA",15,"cesta",39.14,587.1,"feira_e_csa","horta",NA,"direto",NA,""
"L2018_000407",2018-01-08,"receita","venda_produto","banana_agroflorestal","BANANA_CAIXA",3,"caixa",42.8,128.4,"feira_e_csa","agrofloresta","T13","direto",NA,""
"L2018_002079",2018-01-08,"despesa","manejo","mao_de_obra",NA,NA,NA,6230.36,6230.36,NA,"cafeicultura",NA,"compartilhado",NA,""
"L2018_000404",2018-01-09,"receita","venda_produto","feira_local","HORTA_CESTA",12,"cesta",39.11,469.32,"feira_e_csa","horta",NA,"direto",NA,""
"L2018_000405",2018-01-09,"receita","venda_produto","feira_local","HORTA_CESTA",13,"cesta",43.13,560.69,"feira_e_csa","horta",NA,"direto",NA,""
"L2018_000406",2018-01-11,"receita","venda_produto","feira_local","HORTA_CESTA",10,"cesta",42.07,420.7,"feira_e_csa","horta",NA,"direto",NA,""
"L2018_002080",2018-01-11,"despesa","operacao","transporte_e_embalagem",NA,NA,NA,1380.64,1380.64,NA,"beneficiamento",NA,"compartilhado",NA,""
"L2018_000412",2018-01-15,"receita","venda_produto","banana_agroflorestal","BANANA_CAIXA",8,"caixa",48.11,384.88,"feira_e_csa","agrofloresta","T17","direto",NA,""
"L2018_000409",2018-01-16,"receita","venda_produto","feira_local","HORTA_CESTA",11,"cesta",42.82,471.02,"feira_e_csa","horta",NA,"direto",NA,""
"L2018_000408",2018-01-17,"receita","venda_produto","feira_local","HORTA_CESTA",7,"cesta",40.11,280.77,"feira_e_csa","horta",NA,"direto",NA,""
"L2018_000410",2018-01-17,"receita","venda_produto","feira_local","HORTA_CESTA",15,"cesta",42.06,630.9,"feira_e_csa","horta",NA,"direto",NA,""
"L2018_000411",2018-01-19,"receita","venda_produto","feira_local","HORTA_AVULSO",26,"kg",11.04,287.04,"feira_e_csa","horta",NA,"direto",NA,""
"L2018_000414",2018-01-22,"receita","venda_produto","feira_local","HORTA_AVULSO",26.2,"kg",11.38,298.16,"feira_e_csa","horta",NA,"direto",NA,""
"L2018_000417",2018-01-22,"receita","venda_produto","banana_agroflorestal","BANANA_CAIXA",10,"caixa",47.02,470.2,"feira_e_csa","agrofloresta","T26","direto",NA,""
"L2018_000416",2018-01-23,"receita","venda_produto","feira_local","HORTA_AVULSO",25.2,"kg",12.12,305.42,"feira_e_csa","horta",NA,"direto",NA,""
"L2018_000415",2018-01-24,"receita","venda_produto","feira_local","HORTA_AVULSO",13.6,"kg",10.14,137.9,"feira_e_csa","horta",NA,"direto",NA,""
"L2018_000413",2018-01-26,"receita","venda_produto","feira_local","HORTA_CESTA",14,"cesta",38.52,539.28,"feira_e_csa","horta",NA,"direto",NA,""
"L2018_002081",2018-01-26,"despesa","infraestrutura","energia_e_manutencao",NA,NA,NA,1225.81,1225.81,NA,"geral",NA,"compartilhado",NA,""
"L2018_000419",2018-01-29,"receita","venda_produto","feira_local","HORTA_AVULSO",25.9,"kg",10.07,260.81,"feira_e_csa","horta",NA,"direto",NA,""
"L2018_000418",2018-02-01,"receita","venda_produto","feira_local","HORTA_CESTA",9,"cesta",42.61,383.49,"feira_e_csa","horta",NA,"direto",NA,""
"L2018_000420",2018-02-06,"receita","venda_produto","feira_local","HORTA_CESTA",7,"cesta",39.49,276.43,"feira_e_csa","horta",NA,"direto",NA,""
"L2018_000421",2018-02-06,"receita","venda_produto","feira_local","HORTA_AVULSO",11.5,"kg",10.1,116.15,"feira_e_csa","horta",NA,"direto",NA,""
"L2018_000422",2018-02-08,"receita","venda_produto","feira_local","HORTA_CESTA",12,"cesta",43.56,522.72,"feira_e_csa","horta",NA,"direto",NA,""
"L2018_002082",2018-02-08,"despesa","manejo","mao_de_obra",NA,NA,NA,6196.26,6196.26,NA,"cafeicultura",NA,"compartilhado",NA,""
"L2018_000423",2018-02-09,"receita","venda_produto","feira_local","HORTA_CESTA",11,"cesta",38.52,423.72,"feira_e_csa","horta",NA,"direto",NA,""
"L2018_002083",2018-02-11,"despesa","operacao","transporte_e_embalagem",NA,NA,NA,1143.5,1143.5,NA,"beneficiamento",NA,"compartilhado",NA,""
"L2018_000427",2018-02-12,"receita","venda_produto","banana_agroflorestal","BANANA_CAIXA",5,"caixa",49.75,248.75,"feira_e_csa","agrofloresta","T25","direto",NA,""
"L2018_000426",2018-02-13,"receita","venda_produto","feira_local","HORTA_CESTA",15,"cesta",42.09,631.35,"feira_e_csa","horta",NA,"direto",NA,""
"L2018_000424",2018-02-14,"receita","venda_produto","feira_local","HORTA_CESTA",13,"cesta",43.68,567.84,"feira_e_csa","horta",NA,"direto",NA,""
"L2018_000425",2018-02-16,"receita","venda_produto","feira_local","HORTA_AVULSO",26.2,"kg",10.57,276.93,"feira_e_csa","horta",NA,"direto",NA,""
"L2018_002084",2018-02-16,"despesa","insumo","composto_e_cobertura",NA,NA,NA,9216.63,9216.63,NA,"cafeicultura",NA,"compartilhado",NA,""
"L2018_000428",2018-02-20,"receita","venda_produto","feira_local","HORTA_CESTA",14,"cesta",44.15,618.1,"feira_e_csa","horta",NA,"direto",NA,""
"L2018_000429",2018-02-23,"receita","venda_produto","feira_local","HORTA_AVULSO",8.1,"kg",12.73,103.11,"feira_e_csa","horta",NA,"direto",NA,""
"L2018_000432",2018-02-26,"receita","venda_produto","banana_agroflorestal","BANANA_CAIXA",8,"caixa",52,416,"feira_e_csa","agrofloresta","T06","direto",NA,""
"L2018_002085",2018-02-26,"despesa","infraestrutura","energia_e_manutencao",NA,NA,NA,866.02,866.02,NA,"geral",NA,"compartilhado",NA,""
"L2018_000430",2018-03-01,"receita","venda_produto","feira_local","HORTA_AVULSO",25.3,"kg",9.42,238.33,"feira_e_csa","horta",NA,"direto",NA,""
"L2018_000431",2018-03-01,"receita","venda_produto","feira_local","HORTA_CESTA",9,"cesta",43.83,394.47,"feira_e_csa","horta",NA,"direto",NA,""
"L2018_000434",2018-03-05,"receita","venda_produto","feira_local","HORTA_AVULSO",10,"kg",13.12,131.2,"feira_e_csa","horta",NA,"direto",NA,""
"L2018_000436",2018-03-05,"receita","venda_produto","banana_agroflorestal","BANANA_CAIXA",10,"caixa",50.69,506.9,"feira_e_csa","agrofloresta","T31","direto",NA,""
"L2018_000433",2018-03-08,"receita","venda_produto","feira_local","HORTA_CESTA",5,"cesta",41.02,205.1,"feira_e_csa","horta",NA,"direto",NA,""
"L2018_002086",2018-03-08,"despesa","manejo","mao_de_obra",NA,NA,NA,6966.28,6966.28,NA,"cafeicultura",NA,"compartilhado",NA,""
"L2018_000435",2018-03-09,"receita","venda_produto","feira_local","HORTA_AVULSO",21,"kg",10.94,229.74,"feira_e_csa","horta",NA,"direto",NA,""
"L2018_002087",2018-03-11,"despesa","operacao","transporte_e_embalagem",NA,NA,NA,1183.51,1183.51,NA,"beneficiamento",NA,"compartilhado",NA,""
"L2018_000439",2018-03-12,"receita","venda_produto","banana_agroflorestal","BANANA_CAIXA",10,"caixa",37.17,371.7,"feira_e_csa","agrofloresta","T14","direto",NA,""
"L2018_000438",2018-03-14,"receita","venda_produto","feira_local","HORTA_CESTA",13,"cesta",39.41,512.33,"feira_e_csa","horta",NA,"direto",NA,""
"L2018_000437",2018-03-15,"receita","venda_produto","feira_local","HORTA_CESTA",7,"cesta",40.24,281.68,"feira_e_csa","horta",NA,"direto",NA,""
"L2018_002088",2018-03-16,"despesa","insumo","composto_e_cobertura",NA,NA,NA,9286.08,9286.08,NA,"cafeicultura",NA,"compartilhado",NA,""
"L2018_000440",2018-03-23,"receita","venda_produto","feira_local","HORTA_CESTA",9,"cesta",49.99,449.91,"feira_e_csa","horta",NA,"direto",NA,""
"L2018_000441",2018-03-23,"receita","venda_produto","feira_local","HORTA_AVULSO",15.9,"kg",10.09,160.43,"feira_e_csa","horta",NA,"direto",NA,""
"L2018_000444",2018-03-26,"receita","venda_produto","feira_local","HORTA_CESTA",14,"cesta",38.59,540.26,"feira_e_csa","horta",NA,"direto",NA,""
"L2018_002089",2018-03-26,"despesa","infraestrutura","energia_e_manutencao",NA,NA,NA,1139.07,1139.07,NA,"geral",NA,"compartilhado",NA,""
"L2018_000442",2018-03-28,"receita","venda_produto","feira_local","HORTA_CESTA",10,"cesta",41.24,412.4,"feira_e_csa","horta",NA,"direto",NA,""
"L2018_000443",2018-03-28,"receita","venda_produto","feira_local","HORTA_CESTA",5,"cesta",37.97,189.85,"feira_e_csa","horta",NA,"direto",NA,""
"L2018_000445",2018-04-04,"receita","venda_produto","feira_local","HORTA_AVULSO",10.7,"kg",9.69,103.68,"feira_e_csa","horta",NA,"direto",NA,""
"L2018_000446",2018-04-04,"receita","venda_produto","feira_local","HORTA_AVULSO",19,"kg",12.31,233.89,"feira_e_csa","horta",NA,"direto",NA,""
"L2018_002090",2018-04-08,"despesa","manejo","mao_de_obra",NA,NA,NA,6607.02,6607.02,NA,"cafeicultura",NA,"compartilhado",NA,""
"L2018_000447",2018-04-09,"receita","venda_produto","feira_local","HORTA_CESTA",5,"cesta",36.83,184.15,"feira_e_csa","horta",NA,"direto",NA,""
"L2018_000450",2018-04-09,"receita","venda_produto","banana_agroflorestal","BANANA_CAIXA",5,"caixa",44.68,223.4,"feira_e_csa","agrofloresta","T02","direto",NA,""
"L2018_000449",2018-04-10,"receita","venda_produto","feira_local","HORTA_AVULSO",22.4,"kg",10.32,231.17,"feira_e_csa","horta",NA,"direto",NA,""
"L2018_002091",2018-04-11,"despesa","operacao","transporte_e_embalagem",NA,NA,NA,1298.98,1298.98,NA,"beneficiamento",NA,"compartilhado",NA,""
"L2018_000448",2018-04-13,"receita","venda_produto","feira_local","HORTA_CESTA",7,"cesta",38.52,269.64,"feira_e_csa","horta",NA,"direto",NA,""
"L2018_000452",2018-04-16,"receita","venda_produto","feira_local","HORTA_AVULSO",12.4,"kg",11.57,143.47,"feira_e_csa","horta",NA,"direto",NA,""
"L2018_000455",2018-04-16,"receita","venda_produto","banana_agroflorestal","BANANA_CAIXA",8,"caixa",53.97,431.76,"feira_e_csa","agrofloresta","T31","direto",NA,""
"L2018_000453",2018-04-19,"receita","venda_produto","feira_local","HORTA_CESTA",12,"cesta",41.29,495.48,"feira_e_csa","horta",NA,"direto",NA,""
"L2018_000451",2018-04-20,"receita","venda_produto","feira_local","HORTA_CESTA",9,"cesta",36.78,331.02,"feira_e_csa","horta",NA,"direto",NA,""
"L2018_000454",2018-04-20,"receita","venda_produto","feira_local","HORTA_AVULSO",26.7,"kg",11.88,317.2,"feira_e_csa","horta",NA,"direto",NA,""
"L2018_000456",2018-04-23,"receita","venda_produto","feira_local","HORTA_CESTA",12,"cesta",44.46,533.52,"feira_e_csa","horta",NA,"direto",NA,""
"L2018_002092",2018-04-26,"despesa","infraestrutura","energia_e_manutencao",NA,NA,NA,937.14,937.14,NA,"geral",NA,"compartilhado",NA,""
"L2018_000457",2018-04-27,"receita","venda_produto","feira_local","HORTA_CESTA",10,"cesta",38.01,380.1,"feira_e_csa","horta",NA,"direto",NA,""
"L2018_000459",2018-04-30,"receita","venda_produto","feira_local","HORTA_CESTA",12,"cesta",46.53,558.36,"feira_e_csa","horta",NA,"direto",NA,""
"L2018_000460",2018-04-30,"receita","venda_produto","feira_local","HORTA_CESTA",13,"cesta",40.93,532.09,"feira_e_csa","horta",NA,"direto",NA,""
"L2018_000461",2018-04-30,"receita","venda_produto","feira_local","HORTA_AVULSO",17.2,"kg",11.37,195.56,"feira_e_csa","horta",NA,"direto",NA,""
"L2018_000462",2018-04-30,"receita","venda_produto","banana_agroflorestal","BANANA_CAIXA",8,"caixa",46.55,372.4,"feira_e_csa","agrofloresta","T04","direto",NA,""
"L2018_000458",2018-05-02,"receita","venda_produto","feira_local","HORTA_CESTA",15,"cesta",36.18,542.7,"feira_e_csa","horta",NA,"direto",NA,""
"L2018_000463",2018-05-07,"receita","venda_produto","feira_local","HORTA_CESTA",12,"cesta",44.89,538.68,"feira_e_csa","horta",NA,"direto",NA,""
"L2018_000466",2018-05-07,"receita","venda_produto","banana_agroflorestal","BANANA_CAIXA",9,"caixa",41.09,369.81,"feira_e_csa","agrofloresta","T36","direto",NA,""
"L2018_002093",2018-05-08,"despesa","manejo","mao_de_obra",NA,NA,NA,6036.84,6036.84,NA,"cafeicultura",NA,"compartilhado",NA,""
"L2018_000464",2018-05-10,"receita","venda_produto","feira_local","HORTA_AVULSO",27.8,"kg",10.15,282.17,"feira_e_csa","horta",NA,"direto",NA,""
"L2018_000465",2018-05-11,"receita","venda_produto","feira_local","HORTA_CESTA",12,"cesta",51.11,613.32,"feira_e_csa","horta",NA,"direto",NA,""
"L2018_002094",2018-05-11,"despesa","operacao","transporte_e_embalagem",NA,NA,NA,1185.52,1185.52,NA,"beneficiamento",NA,"compartilhado",NA,""
"L2018_000469",2018-05-14,"receita","venda_produto","banana_agroflorestal","BANANA_CAIXA",7,"caixa",48.95,342.65,"feira_e_csa","agrofloresta","T04","direto",NA,""
"L2018_000468",2018-05-15,"receita","venda_produto","feira_local","HORTA_AVULSO",12.7,"kg",8.57,108.84,"feira_e_csa","horta",NA,"direto",NA,""
"L2018_000467",2018-05-18,"receita","venda_produto","feira_local","HORTA_AVULSO",26.2,"kg",12.72,333.26,"feira_e_csa","horta",NA,"direto",NA,""
"L2018_002095",2018-05-20,"despesa","manejo","colheita_e_beneficiamento",NA,NA,NA,5416.37,5416.37,NA,"cafeicultura",NA,"compartilhado",NA,""
"L2018_000470",2018-05-23,"receita","venda_produto","feira_local","HORTA_AVULSO",13.9,"kg",10.42,144.84,"feira_e_csa","horta",NA,"direto",NA,""
"L2018_000472",2018-05-23,"receita","venda_produto","feira_local","HORTA_AVULSO",25.6,"kg",12.19,312.06,"feira_e_csa","horta",NA,"direto",NA,""
"L2018_000473",2018-05-23,"receita","venda_produto","feira_local","HORTA_CESTA",11,"cesta",38.76,426.36,"feira_e_csa","horta",NA,"direto",NA,""
"L2018_000471",2018-05-24,"receita","venda_produto","feira_local","HORTA_CESTA",8,"cesta",37.77,302.16,"feira_e_csa","horta",NA,"direto",NA,""
"L2018_002096",2018-05-26,"despesa","infraestrutura","energia_e_manutencao",NA,NA,NA,1085.65,1085.65,NA,"geral",NA,"compartilhado",NA,""
"L2018_000474",2018-05-29,"receita","venda_produto","feira_local","HORTA_CESTA",14,"cesta",37.75,528.5,"feira_e_csa","horta",NA,"direto",NA,""
"L2018_000475",2018-05-29,"receita","venda_produto","feira_local","HORTA_AVULSO",26.2,"kg",10.47,274.31,"feira_e_csa","horta",NA,"direto",NA,""
"L2018_000480",2018-06-04,"receita","venda_produto","banana_agroflorestal","BANANA_CAIXA",3,"caixa",46.83,140.49,"feira_e_csa","agrofloresta","T31","direto",NA,""
"L2018_000481",2018-06-04,"receita","venda_produto","cafe_verde","CAF_SACA",11,"saca_60kg",872.2,9594.2,"cooperativa","cafeicultura","T09","direto",NA,"venda de safra"
"L2018_000482",2018-06-04,"receita","venda_produto","cafe_torrado","CAF_TORRADO",57,"pacote_250g",19.69,1122.33,"venda_direta","beneficiamento",NA,"direto",NA,""
"L2018_000476",2018-06-06,"receita","venda_produto","feira_local","HORTA_CESTA",5,"cesta",39.62,198.1,"feira_e_csa","horta",NA,"direto",NA,""
"L2018_000477",2018-06-06,"receita","venda_produto","feira_local","HORTA_AVULSO",10.5,"kg",12.47,130.94,"feira_e_csa","horta",NA,"direto",NA,""
"L2018_000478",2018-06-06,"receita","venda_produto","feira_local","HORTA_CESTA",11,"cesta",42.74,470.14,"feira_e_csa","horta",NA,"direto",NA,""
"L2018_000479",2018-06-07,"receita","venda_produto","feira_local","HORTA_AVULSO",26.9,"kg",10.19,274.11,"feira_e_csa","horta",NA,"direto",NA,""
"L2018_002097",2018-06-08,"despesa","manejo","mao_de_obra",NA,NA,NA,6848.75,6848.75,NA,"cafeicultura",NA,"compartilhado",NA,""
"L2018_000485",2018-06-11,"receita","venda_produto","feira_local","HORTA_CESTA",14,"cesta",41.77,584.78,"feira_e_csa","horta",NA,"direto",NA,""
"L2018_000486",2018-06-11,"receita","venda_produto","feira_local","HORTA_CESTA",5,"cesta",51.68,258.4,"feira_e_csa","horta",NA,"direto",NA,""
"L2018_000487",2018-06-11,"receita","venda_produto","cafe_torrado","CAF_TORRADO",87,"pacote_250g",19.79,1721.73,"venda_direta","beneficiamento",NA,"direto",NA,""
"L2018_002098",2018-06-11,"despesa","operacao","transporte_e_embalagem",NA,NA,NA,1393.28,1393.28,NA,"beneficiamento",NA,"compartilhado",NA,""
"L2018_000483",2018-06-15,"receita","venda_produto","feira_local","HORTA_CESTA",12,"cesta",43.92,527.04,"feira_e_csa","horta",NA,"direto",NA,""
"L2018_000484",2018-06-15,"receita","venda_produto","feira_local","HORTA_CESTA",9,"cesta",44.04,396.36,"feira_e_csa","horta",NA,"direto",NA,""
"L2018_000490",2018-06-18,"receita","venda_produto","banana_agroflorestal","BANANA_CAIXA",4,"caixa",52.2,208.8,"feira_e_csa","agrofloresta","T30","direto",NA,""
"L2018_002099",2018-06-20,"despesa","manejo","colheita_e_beneficiamento",NA,NA,NA,4614.44,4614.44,NA,"cafeicultura",NA,"compartilhado",NA,""
"L2018_000489",2018-06-21,"receita","venda_produto","feira_local","HORTA_CESTA",5,"cesta",42.14,210.7,"feira_e_csa","horta",NA,"direto",NA,""
"L2018_000488",2018-06-22,"receita","venda_produto","feira_local","HORTA_AVULSO",19.1,"kg",8.47,161.78,"feira_e_csa","horta",NA,"direto",NA,""
"L2018_000493",2018-06-25,"receita","venda_produto","cafe_verde","CAF_SACA",16,"saca_60kg",779.25,12468,"cooperativa","cafeicultura","T14","direto",NA,"venda de safra"
"L2018_002100",2018-06-26,"despesa","infraestrutura","energia_e_manutencao",NA,NA,NA,1047.79,1047.79,NA,"geral",NA,"compartilhado",NA,""
"L2018_000491",2018-06-29,"receita","venda_produto","feira_local","HORTA_AVULSO",25.2,"kg",11.7,294.84,"feira_e_csa","horta",NA,"direto",NA,""
"L2018_000492",2018-06-29,"receita","venda_produto","feira_local","HORTA_CESTA",13,"cesta",37.51,487.63,"feira_e_csa","horta",NA,"direto",NA,""
"L2018_000497",2018-07-02,"receita","venda_produto","feira_local","HORTA_AVULSO",27,"kg",11.78,318.06,"feira_e_csa","horta",NA,"direto",NA,""
"L2018_000498",2018-07-02,"receita","venda_produto","banana_agroflorestal","BANANA_CAIXA",6,"caixa",50.42,302.52,"feira_e_csa","agrofloresta","T31","direto",NA,""
"L2018_000499",2018-07-02,"receita","venda_produto","mudas","MUDA",63,"unidade",10.94,689.22,"viveiro","viveiro",NA,"direto",NA,""
"L2018_000496",2018-07-03,"receita","venda_produto","feira_local","HORTA_CESTA",10,"cesta",36.8,368,"feira_e_csa","horta",NA,"direto",NA,""
"L2018_000494",2018-07-05,"receita","venda_produto","feira_local","HORTA_CESTA",12,"cesta",43.06,516.72,"feira_e_csa","horta",NA,"direto",NA,""
"L2018_000495",2018-07-06,"receita","venda_produto","feira_local","HORTA_CESTA",15,"cesta",34.92,523.8,"feira_e_csa","horta",NA,"direto",NA,""
"L2018_002101",2018-07-08,"despesa","manejo","mao_de_obra",NA,NA,NA,7078.45,7078.45,NA,"cafeicultura",NA,"compartilhado",NA,""
"L2018_000503",2018-07-09,"receita","venda_produto","cafe_verde","CAF_SACA",8,"saca_60kg",814.73,6517.84,"cooperativa","cafeicultura","T01","direto",NA,"venda de safra"
"L2018_000500",2018-07-10,"receita","venda_produto","feira_local","HORTA_AVULSO",24.9,"kg",8.16,203.18,"feira_e_csa","horta",NA,"direto",NA,""
"L2018_000502",2018-07-10,"receita","venda_produto","feira_local","HORTA_CESTA",9,"cesta",45.99,413.91,"feira_e_csa","horta",NA,"direto",NA,""
"L2018_002102",2018-07-11,"despesa","operacao","transporte_e_embalagem",NA,NA,NA,1343.07,1343.07,NA,"beneficiamento",NA,"compartilhado",NA,""
"L2018_000501",2018-07-13,"receita","venda_produto","feira_local","HORTA_AVULSO",18.3,"kg",10.66,195.08,"feira_e_csa","horta",NA,"direto",NA,""
"L2018_000506",2018-07-16,"receita","venda_produto","feira_local","HORTA_CESTA",5,"cesta",42.35,211.75,"feira_e_csa","horta",NA,"direto",NA,""
"L2018_000507",2018-07-17,"receita","venda_produto","feira_local","HORTA_CESTA",6,"cesta",45.84,275.04,"feira_e_csa","horta",NA,"direto",NA,""
"L2018_000505",2018-07-18,"receita","venda_produto","feira_local","HORTA_CESTA",13,"cesta",46.49,604.37,"feira_e_csa","horta",NA,"direto",NA,""
"L2018_000504",2018-07-19,"receita","venda_produto","feira_local","HORTA_CESTA",9,"cesta",38.31,344.79,"feira_e_csa","horta",NA,"direto",NA,""
"L2018_002103",2018-07-20,"despesa","manejo","colheita_e_beneficiamento",NA,NA,NA,4676.07,4676.07,NA,"cafeicultura",NA,"compartilhado",NA,""
"L2018_000509",2018-07-23,"receita","venda_produto","feira_local","HORTA_AVULSO",21.7,"kg",9.33,202.46,"feira_e_csa","horta",NA,"direto",NA,""
"L2018_000510",2018-07-23,"receita","venda_produto","banana_agroflorestal","BANANA_CAIXA",8,"caixa",40.12,320.96,"feira_e_csa","agrofloresta","T04","direto",NA,""
"L2018_000508",2018-07-26,"receita","venda_produto","feira_local","HORTA_AVULSO",15.3,"kg",8.92,136.48,"feira_e_csa","horta",NA,"direto",NA,""
"L2018_002104",2018-07-26,"despesa","infraestrutura","energia_e_manutencao",NA,NA,NA,903.08,903.08,NA,"geral",NA,"compartilhado",NA,""
"L2018_000512",2018-07-30,"receita","venda_produto","feira_local","HORTA_CESTA",10,"cesta",44.97,449.7,"feira_e_csa","horta",NA,"direto",NA,""
"L2018_000513",2018-07-30,"receita","venda_produto","feira_local","HORTA_CESTA",15,"cesta",46.83,702.45,"feira_e_csa","horta",NA,"direto",NA,""
"L2018_000514",2018-07-30,"receita","venda_produto","cafe_verde","CAF_SACA",8,"saca_60kg",708.88,5671.04,"cooperativa","cafeicultura","T02","direto",NA,"venda de safra"
"L2018_000511",2018-08-03,"receita","venda_produto","feira_local","HORTA_CESTA",5,"cesta",38.18,190.9,"feira_e_csa","horta",NA,"direto",NA,""
"L2018_000517",2018-08-06,"receita","venda_produto","cafe_torrado","CAF_TORRADO",61,"pacote_250g",18.85,1149.85,"venda_direta","beneficiamento",NA,"direto",NA,""
"L2018_000516",2018-08-07,"receita","venda_produto","feira_local","HORTA_CESTA",15,"cesta",39.99,599.85,"feira_e_csa","horta",NA,"direto",NA,""
"L2018_000515",2018-08-08,"receita","venda_produto","feira_local","HORTA_CESTA",15,"cesta",40.64,609.6,"feira_e_csa","horta",NA,"direto",NA,""
"L2018_002105",2018-08-08,"despesa","manejo","mao_de_obra",NA,NA,NA,7261.62,7261.62,NA,"cafeicultura",NA,"compartilhado",NA,""
"L2018_002106",2018-08-11,"despesa","operacao","transporte_e_embalagem",NA,NA,NA,1401.89,1401.89,NA,"beneficiamento",NA,"compartilhado",NA,""
"L2018_000522",2018-08-13,"receita","venda_produto","cafe_verde","CAF_SACA",12,"saca_60kg",768.14,9217.68,"cooperativa","cafeicultura","T19","direto",NA,"venda de safra"
"L2018_000518",2018-08-14,"receita","venda_produto","feira_local","HORTA_AVULSO",19.3,"kg",10.34,199.56,"feira_e_csa","horta",NA,"direto",NA,""
"L2018_000519",2018-08-15,"receita","venda_produto","feira_local","HORTA_CESTA",9,"cesta",44.16,397.44,"feira_e_csa","horta",NA,"direto",NA,""
"L2018_000520",2018-08-15,"receita","venda_produto","feira_local","HORTA_CESTA",7,"cesta",41.18,288.26,"feira_e_csa","horta",NA,"direto",NA,""
"L2018_000521",2018-08-17,"receita","venda_produto","feira_local","HORTA_CESTA",11,"cesta",35.08,385.88,"feira_e_csa","horta",NA,"direto",NA,""
"L2018_000524",2018-08-20,"receita","venda_produto","feira_local","HORTA_CESTA",11,"cesta",44.85,493.35,"feira_e_csa","horta",NA,"direto",NA,""
"L2018_000526",2018-08-20,"receita","venda_produto","banana_agroflorestal","BANANA_CAIXA",9,"caixa",54.89,494.01,"feira_e_csa","agrofloresta","T29","direto",NA,""
"L2018_000527",2018-08-20,"receita","venda_produto","cafe_verde","CAF_SACA",20,"saca_60kg",854.02,17080.4,"cooperativa","cafeicultura","T33","direto",NA,"venda de safra"
"L2018_000523",2018-08-23,"receita","venda_produto","feira_local","HORTA_CESTA",13,"cesta",47.5,617.5,"feira_e_csa","horta",NA,"direto",NA,""
"L2018_000525",2018-08-24,"receita","venda_produto","feira_local","HORTA_AVULSO",9.2,"kg",9.67,88.96,"feira_e_csa","horta",NA,"direto",NA,""
"L2018_002107",2018-08-26,"despesa","infraestrutura","energia_e_manutencao",NA,NA,NA,1039.44,1039.44,NA,"geral",NA,"compartilhado",NA,""
"L2018_000529",2018-08-27,"receita","venda_produto","feira_local","HORTA_CESTA",15,"cesta",41.34,620.1,"feira_e_csa","horta",NA,"direto",NA,""
"L2018_000531",2018-08-27,"receita","venda_produto","cafe_verde","CAF_SACA",11,"saca_60kg",797.87,8776.57,"cooperativa","cafeicultura","T13","direto",NA,"venda de safra"
"L2018_000532",2018-08-27,"receita","venda_produto","cafe_torrado","CAF_TORRADO",58,"pacote_250g",22.6,1310.8,"venda_direta","beneficiamento",NA,"direto",NA,""
"L2018_000528",2018-08-30,"receita","venda_produto","feira_local","HORTA_CESTA",6,"cesta",48.72,292.32,"feira_e_csa","horta",NA,"direto",NA,""
"L2018_000530",2018-08-31,"receita","venda_produto","feira_local","HORTA_AVULSO",8.4,"kg",11.19,94,"feira_e_csa","horta",NA,"direto",NA,""
"L2018_000533",2018-09-03,"receita","venda_produto","feira_local","HORTA_AVULSO",23.2,"kg",11.01,255.43,"feira_e_csa","horta",NA,"direto",NA,""
"L2018_000535",2018-09-03,"receita","venda_produto","cafe_torrado","CAF_TORRADO",64,"pacote_250g",19.3,1235.2,"venda_direta","beneficiamento",NA,"direto",NA,""
"L2018_000534",2018-09-04,"receita","venda_produto","feira_local","HORTA_CESTA",10,"cesta",38.17,381.7,"feira_e_csa","horta",NA,"direto",NA,""
"L2018_002108",2018-09-08,"despesa","manejo","mao_de_obra",NA,NA,NA,5791.52,5791.52,NA,"cafeicultura",NA,"compartilhado",NA,""
"L2018_000536",2018-09-10,"receita","venda_produto","feira_local","HORTA_CESTA",14,"cesta",44.23,619.22,"feira_e_csa","horta",NA,"direto",NA,""
"L2018_000538",2018-09-10,"receita","venda_produto","cafe_torrado","CAF_TORRADO",72,"pacote_250g",17.98,1294.56,"venda_direta","beneficiamento",NA,"direto",NA,""
"L2018_002109",2018-09-11,"despesa","operacao","transporte_e_embalagem",NA,NA,NA,940.94,940.94,NA,"beneficiamento",NA,"compartilhado",NA,""
"L2018_000537",2018-09-12,"receita","venda_produto","feira_local","HORTA_AVULSO",15.9,"kg",10.6,168.54,"feira_e_csa","horta",NA,"direto",NA,""
"L2018_002110",2018-09-16,"despesa","insumo","composto_e_cobertura",NA,NA,NA,8077.49,8077.49,NA,"cafeicultura",NA,"compartilhado",NA,""
"L2018_000542",2018-09-17,"receita","venda_produto","banana_agroflorestal","BANANA_CAIXA",5,"caixa",52.12,260.6,"feira_e_csa","agrofloresta","T14","direto",NA,""
"L2018_000543",2018-09-17,"receita","venda_produto","cafe_verde","CAF_SACA",23,"saca_60kg",794.6,18275.8,"cooperativa","cafeicultura","T33","direto",NA,"venda de safra"
"L2018_000540",2018-09-18,"receita","venda_produto","feira_local","HORTA_CESTA",9,"cesta",42.15,379.35,"feira_e_csa","horta",NA,"direto",NA,""
"L2018_000539",2018-09-19,"receita","venda_produto","feira_local","HORTA_AVULSO",20.3,"kg",8.83,179.25,"feira_e_csa","horta",NA,"direto",NA,""
"L2018_000541",2018-09-21,"receita","venda_produto","feira_local","HORTA_CESTA",8,"cesta",39.39,315.12,"feira_e_csa","horta",NA,"direto",NA,""
"L2018_000544",2018-09-26,"receita","venda_produto","feira_local","HORTA_AVULSO",24.7,"kg",11.06,273.18,"feira_e_csa","horta",NA,"direto",NA,""
"L2018_000545",2018-09-26,"receita","venda_produto","feira_local","HORTA_AVULSO",14.1,"kg",10.81,152.42,"feira_e_csa","horta",NA,"direto",NA,""
"L2018_002111",2018-09-26,"despesa","infraestrutura","energia_e_manutencao",NA,NA,NA,1055.15,1055.15,NA,"geral",NA,"compartilhado",NA,""
"L2018_000546",2018-09-28,"receita","venda_produto","feira_local","HORTA_AVULSO",22,"kg",9.85,216.7,"feira_e_csa","horta",NA,"direto",NA,""
"L2018_000550",2018-10-01,"receita","venda_produto","banana_agroflorestal","BANANA_CAIXA",4,"caixa",43.36,173.44,"feira_e_csa","agrofloresta","T36","direto",NA,""
"L2018_000551",2018-10-01,"receita","venda_produto","cafe_torrado","CAF_TORRADO",47,"pacote_250g",19.72,926.84,"venda_direta","beneficiamento",NA,"direto",NA,""
"L2018_000547",2018-10-02,"receita","venda_produto","feira_local","HORTA_CESTA",14,"cesta",43.04,602.56,"feira_e_csa","horta",NA,"direto",NA,""
"L2018_000549",2018-10-02,"receita","venda_produto","feira_local","HORTA_CESTA",6,"cesta",42.38,254.28,"feira_e_csa","horta",NA,"direto",NA,""
"L2018_000548",2018-10-04,"receita","venda_produto","feira_local","HORTA_CESTA",15,"cesta",38.31,574.65,"feira_e_csa","horta",NA,"direto",NA,""
"L2018_000556",2018-10-08,"receita","venda_produto","cafe_verde","CAF_SACA",23,"saca_60kg",717.71,16507.33,"cooperativa","cafeicultura","T11","direto",NA,"venda de safra"
"L2018_002112",2018-10-08,"despesa","manejo","mao_de_obra",NA,NA,NA,5722.67,5722.67,NA,"cafeicultura",NA,"compartilhado",NA,""
"L2018_000555",2018-10-09,"receita","venda_produto","feira_local","HORTA_CESTA",10,"cesta",37.93,379.3,"feira_e_csa","horta",NA,"direto",NA,""
"L2018_000552",2018-10-10,"receita","venda_produto","feira_local","HORTA_CESTA",14,"cesta",43.48,608.72,"feira_e_csa","horta",NA,"direto",NA,""
"L2018_000553",2018-10-10,"receita","venda_produto","feira_local","HORTA_CESTA",6,"cesta",44.06,264.36,"feira_e_csa","horta",NA,"direto",NA,""
"L2018_002113",2018-10-11,"despesa","operacao","transporte_e_embalagem",NA,NA,NA,1419.41,1419.41,NA,"beneficiamento",NA,"compartilhado",NA,""
"L2018_000554",2018-10-12,"receita","venda_produto","feira_local","HORTA_AVULSO",25.8,"kg",11.49,296.44,"feira_e_csa","horta",NA,"direto",NA,""
"L2018_000559",2018-10-15,"receita","venda_produto","banana_agroflorestal","BANANA_CAIXA",10,"caixa",50.03,500.3,"feira_e_csa","agrofloresta","T17","direto",NA,""
"L2018_002114",2018-10-16,"despesa","insumo","composto_e_cobertura",NA,NA,NA,9724.69,9724.69,NA,"cafeicultura",NA,"compartilhado",NA,""
"L2018_000558",2018-10-17,"receita","venda_produto","feira_local","HORTA_CESTA",10,"cesta",51.28,512.8,"feira_e_csa","horta",NA,"direto",NA,""
"L2018_000557",2018-10-19,"receita","venda_produto","feira_local","HORTA_AVULSO",27.1,"kg",10.41,282.11,"feira_e_csa","horta",NA,"direto",NA,""
"L2018_000563",2018-10-22,"receita","venda_produto","banana_agroflorestal","BANANA_CAIXA",4,"caixa",49.75,199,"feira_e_csa","agrofloresta","T04","direto",NA,""
"L2018_000560",2018-10-23,"receita","venda_produto","feira_local","HORTA_CESTA",6,"cesta",44.78,268.68,"feira_e_csa","horta",NA,"direto",NA,""
"L2018_000561",2018-10-24,"receita","venda_produto","feira_local","HORTA_AVULSO",24.6,"kg",10.71,263.47,"feira_e_csa","horta",NA,"direto",NA,""
"L2018_000562",2018-10-24,"receita","venda_produto","feira_local","HORTA_CESTA",10,"cesta",42.9,429,"feira_e_csa","horta",NA,"direto",NA,""
"L2018_002115",2018-10-26,"despesa","infraestrutura","energia_e_manutencao",NA,NA,NA,1078.83,1078.83,NA,"geral",NA,"compartilhado",NA,""
"L2018_000567",2018-10-29,"receita","venda_produto","feira_local","HORTA_AVULSO",16.6,"kg",11.12,184.59,"feira_e_csa","horta",NA,"direto",NA,""
"L2018_000565",2018-10-30,"receita","venda_produto","feira_local","HORTA_CESTA",14,"cesta",39.51,553.14,"feira_e_csa","horta",NA,"direto",NA,""
"L2018_000566",2018-10-30,"receita","venda_produto","feira_local","HORTA_CESTA",14,"cesta",47.69,667.66,"feira_e_csa","horta",NA,"direto",NA,""
"L2018_000564",2018-11-01,"receita","venda_produto","feira_local","HORTA_CESTA",13,"cesta",43.19,561.47,"feira_e_csa","horta",NA,"direto",NA,""
"L2018_000568",2018-11-05,"receita","venda_produto","feira_local","HORTA_CESTA",9,"cesta",40.08,360.72,"feira_e_csa","horta",NA,"direto",NA,""
"L2018_000569",2018-11-05,"receita","venda_produto","feira_local","HORTA_CESTA",12,"cesta",48.94,587.28,"feira_e_csa","horta",NA,"direto",NA,""
"L2018_000570",2018-11-05,"receita","venda_produto","feira_local","HORTA_CESTA",14,"cesta",39.24,549.36,"feira_e_csa","horta",NA,"direto",NA,""
"L2018_000571",2018-11-05,"receita","venda_produto","feira_local","HORTA_CESTA",8,"cesta",48.03,384.24,"feira_e_csa","horta",NA,"direto",NA,""
"L2018_000572",2018-11-05,"receita","venda_produto","banana_agroflorestal","BANANA_CAIXA",8,"caixa",46.96,375.68,"feira_e_csa","agrofloresta","T31","direto",NA,""
"L2018_002116",2018-11-08,"despesa","manejo","mao_de_obra",NA,NA,NA,6290.07,6290.07,NA,"cafeicultura",NA,"compartilhado",NA,""
"L2018_002117",2018-11-11,"despesa","operacao","transporte_e_embalagem",NA,NA,NA,1159.51,1159.51,NA,"beneficiamento",NA,"compartilhado",NA,""
"L2018_000575",2018-11-13,"receita","venda_produto","feira_local","HORTA_AVULSO",12.8,"kg",10.23,130.94,"feira_e_csa","horta",NA,"direto",NA,""
"L2018_000573",2018-11-14,"receita","venda_produto","feira_local","HORTA_CESTA",8,"cesta",40.5,324,"feira_e_csa","horta",NA,"direto",NA,""
"L2018_000576",2018-11-14,"receita","venda_produto","feira_local","HORTA_AVULSO",23.2,"kg",10.83,251.26,"feira_e_csa","horta",NA,"direto",NA,""
"L2018_000574",2018-11-16,"receita","venda_produto","feira_local","HORTA_AVULSO",13.7,"kg",10.77,147.55,"feira_e_csa","horta",NA,"direto",NA,""
"L2018_000580",2018-11-19,"receita","venda_produto","banana_agroflorestal","BANANA_CAIXA",7,"caixa",43.28,302.96,"feira_e_csa","agrofloresta","T04","direto",NA,""
"L2018_000578",2018-11-21,"receita","venda_produto","feira_local","HORTA_CESTA",15,"cesta",40.59,608.85,"feira_e_csa","horta",NA,"direto",NA,""
"L2018_000579",2018-11-22,"receita","venda_produto","feira_local","HORTA_AVULSO",22.9,"kg",8.74,200.15,"feira_e_csa","horta",NA,"direto",NA,""
"L2018_000577",2018-11-23,"receita","venda_produto","feira_local","HORTA_AVULSO",14.2,"kg",10.94,155.35,"feira_e_csa","horta",NA,"direto",NA,""
"L2018_000582",2018-11-26,"receita","venda_produto","feira_local","HORTA_CESTA",5,"cesta",45.9,229.5,"feira_e_csa","horta",NA,"direto",NA,""
"L2018_000584",2018-11-26,"receita","venda_produto","banana_agroflorestal","BANANA_CAIXA",10,"caixa",46.85,468.5,"feira_e_csa","agrofloresta","T29","direto",NA,""
"L2018_000585",2018-11-26,"receita","venda_produto","cafe_torrado","CAF_TORRADO",93,"pacote_250g",18.28,1700.04,"venda_direta","beneficiamento",NA,"direto",NA,""
"L2018_002118",2018-11-26,"despesa","infraestrutura","energia_e_manutencao",NA,NA,NA,858.05,858.05,NA,"geral",NA,"compartilhado",NA,""
"L2018_000581",2018-11-27,"receita","venda_produto","feira_local","HORTA_CESTA",14,"cesta",42.38,593.32,"feira_e_csa","horta",NA,"direto",NA,""
"L2018_000583",2018-11-27,"receita","venda_produto","feira_local","HORTA_CESTA",6,"cesta",53.79,322.74,"feira_e_csa","horta",NA,"direto",NA,""
"L2018_000589",2018-12-03,"receita","venda_produto","feira_local","HORTA_CESTA",11,"cesta",43.2,475.2,"feira_e_csa","horta",NA,"direto",NA,""
"L2018_000586",2018-12-05,"receita","venda_produto","feira_local","HORTA_AVULSO",27.2,"kg",11.93,324.5,"feira_e_csa","horta",NA,"direto",NA,""
"L2018_000588",2018-12-06,"receita","venda_produto","feira_local","HORTA_AVULSO",22.1,"kg",9.22,203.76,"feira_e_csa","horta",NA,"direto",NA,""
"L2018_000587",2018-12-07,"receita","venda_produto","feira_local","HORTA_AVULSO",18.5,"kg",10.94,202.39,"feira_e_csa","horta",NA,"direto",NA,""
"L2018_002119",2018-12-08,"despesa","manejo","mao_de_obra",NA,NA,NA,5362.67,5362.67,NA,"cafeicultura",NA,"compartilhado",NA,""
"L2018_000592",2018-12-10,"receita","venda_produto","mudas","MUDA",28,"unidade",13.27,371.56,"viveiro","viveiro",NA,"direto",NA,""
"L2018_000591",2018-12-11,"receita","venda_produto","feira_local","HORTA_AVULSO",25,"kg",10.76,269,"feira_e_csa","horta",NA,"direto",NA,""
"L2018_002120",2018-12-11,"despesa","operacao","transporte_e_embalagem",NA,NA,NA,1256.38,1256.38,NA,"beneficiamento",NA,"compartilhado",NA,""
"L2018_000590",2018-12-12,"receita","venda_produto","feira_local","HORTA_CESTA",10,"cesta",42.43,424.3,"feira_e_csa","horta",NA,"direto",NA,""
"L2018_000595",2018-12-17,"receita","venda_produto","banana_agroflorestal","BANANA_CAIXA",10,"caixa",46.59,465.9,"feira_e_csa","agrofloresta","T17","direto",NA,""
"L2018_000596",2018-12-17,"receita","venda_produto","mel","MEL_POTE",84,"pote_300g",25.98,2182.32,"feira_local","meliponicultura",NA,"direto",NA,""
"L2018_000593",2018-12-18,"receita","venda_produto","feira_local","HORTA_AVULSO",15.2,"kg",9.88,150.18,"feira_e_csa","horta",NA,"direto",NA,""
"L2018_000594",2018-12-19,"receita","venda_produto","feira_local","HORTA_CESTA",14,"cesta",39.95,559.3,"feira_e_csa","horta",NA,"direto",NA,""
"L2018_000597",2018-12-24,"receita","venda_produto","feira_local","HORTA_CESTA",5,"cesta",46.91,234.55,"feira_e_csa","horta",NA,"direto",NA,""
"L2018_002121",2018-12-26,"despesa","infraestrutura","energia_e_manutencao",NA,NA,NA,1001.75,1001.75,NA,"geral",NA,"compartilhado",NA,""
"L2018_000598",2018-12-27,"receita","venda_produto","feira_local","HORTA_CESTA",13,"cesta",48.13,625.69,"feira_e_csa","horta",NA,"direto",NA,""
"L2018_000599",2018-12-31,"receita","venda_produto","feira_local","HORTA_CESTA",7,"cesta",37.84,264.88,"feira_e_csa","horta",NA,"direto",NA,""
"L2019_000600",2019-01-02,"receita","venda_produto","feira_local","HORTA_CESTA",8,"cesta",42.44,339.52,"feira_e_csa","horta",NA,"direto",NA,""
"L2019_000601",2019-01-04,"receita","venda_produto","feira_local","HORTA_CESTA",13,"cesta",43.06,559.78,"feira_e_csa","horta",NA,"direto",NA,""
"L2019_000603",2019-01-07,"receita","venda_produto","feira_local","HORTA_CESTA",13,"cesta",35.48,461.24,"feira_e_csa","horta",NA,"direto",NA,""
"L2019_000606",2019-01-07,"receita","venda_produto","banana_agroflorestal","BANANA_CAIXA",8,"caixa",49.45,395.6,"feira_e_csa","agrofloresta","T25","direto",NA,""
"L2019_000605",2019-01-08,"receita","venda_produto","feira_local","HORTA_CESTA",13,"cesta",43.54,566.02,"feira_e_csa","horta",NA,"direto",NA,""
"L2019_002122",2019-01-08,"despesa","manejo","mao_de_obra",NA,NA,NA,6888.56,6888.56,NA,"cafeicultura",NA,"compartilhado",NA,""
"L2019_000604",2019-01-09,"receita","venda_produto","feira_local","HORTA_CESTA",13,"cesta",44.2,574.6,"feira_e_csa","horta",NA,"direto",NA,""
"L2019_000602",2019-01-11,"receita","venda_produto","feira_local","HORTA_CESTA",5,"cesta",41.87,209.35,"feira_e_csa","horta",NA,"direto",NA,""
"L2019_002123",2019-01-11,"despesa","operacao","transporte_e_embalagem",NA,NA,NA,1265.27,1265.27,NA,"beneficiamento",NA,"compartilhado",NA,""
"L2019_000608",2019-01-17,"receita","venda_produto","feira_local","HORTA_CESTA",8,"cesta",39.88,319.04,"feira_e_csa","horta",NA,"direto",NA,""
"L2019_000607",2019-01-18,"receita","venda_produto","feira_local","HORTA_CESTA",7,"cesta",42.2,295.4,"feira_e_csa","horta",NA,"direto",NA,""
"L2019_000611",2019-01-21,"receita","venda_produto","banana_agroflorestal","BANANA_CAIXA",4,"caixa",46.69,186.76,"feira_e_csa","agrofloresta","T09","direto",NA,""
"L2019_000610",2019-01-23,"receita","venda_produto","feira_local","HORTA_CESTA",5,"cesta",41.55,207.75,"feira_e_csa","horta",NA,"direto",NA,""
"L2019_000609",2019-01-25,"receita","venda_produto","feira_local","HORTA_CESTA",8,"cesta",44.63,357.04,"feira_e_csa","horta",NA,"direto",NA,""
"L2019_002124",2019-01-26,"despesa","infraestrutura","energia_e_manutencao",NA,NA,NA,1171.1,1171.1,NA,"geral",NA,"compartilhado",NA,""
"L2019_000612",2019-01-29,"receita","venda_produto","feira_local","HORTA_CESTA",11,"cesta",41.57,457.27,"feira_e_csa","horta",NA,"direto",NA,""
"L2019_000613",2019-02-01,"receita","venda_produto","feira_local","HORTA_CESTA",11,"cesta",43.25,475.75,"feira_e_csa","horta",NA,"direto",NA,""
"L2019_000617",2019-02-04,"receita","venda_produto","banana_agroflorestal","BANANA_CAIXA",4,"caixa",53.98,215.92,"feira_e_csa","agrofloresta","T36","direto",NA,""
"L2019_000614",2019-02-07,"receita","venda_produto","feira_local","HORTA_CESTA",9,"cesta",45.36,408.24,"feira_e_csa","horta",NA,"direto",NA,""
"L2019_000615",2019-02-07,"receita","venda_produto","feira_local","HORTA_CESTA",6,"cesta",43.12,258.72,"feira_e_csa","horta",NA,"direto",NA,""
"L2019_000616",2019-02-07,"receita","venda_produto","feira_local","HORTA_CESTA",5,"cesta",44.91,224.55,"feira_e_csa","horta",NA,"direto",NA,""
"L2019_002125",2019-02-08,"despesa","manejo","mao_de_obra",NA,NA,NA,5492.57,5492.57,NA,"cafeicultura",NA,"compartilhado",NA,""
"L2019_000619",2019-02-11,"receita","venda_produto","feira_local","HORTA_CESTA",5,"cesta",43.34,216.7,"feira_e_csa","horta",NA,"direto",NA,""
"L2019_002126",2019-02-11,"despesa","operacao","transporte_e_embalagem",NA,NA,NA,1255.33,1255.33,NA,"beneficiamento",NA,"compartilhado",NA,""
"L2019_000618",2019-02-15,"receita","venda_produto","feira_local","HORTA_AVULSO",23.7,"kg",10.46,247.9,"feira_e_csa","horta",NA,"direto",NA,""
"L2019_002127",2019-02-16,"despesa","insumo","composto_e_cobertura",NA,NA,NA,7948.35,7948.35,NA,"cafeicultura",NA,"compartilhado",NA,""
"L2019_000621",2019-02-18,"receita","venda_produto","feira_local","HORTA_AVULSO",21.6,"kg",9.35,201.96,"feira_e_csa","horta",NA,"direto",NA,""
"L2019_000620",2019-02-22,"receita","venda_produto","feira_local","HORTA_CESTA",9,"cesta",39.75,357.75,"feira_e_csa","horta",NA,"direto",NA,""
"L2019_000623",2019-02-25,"receita","venda_produto","feira_local","HORTA_CESTA",10,"cesta",42.45,424.5,"feira_e_csa","horta",NA,"direto",NA,""
"L2019_000622",2019-02-26,"receita","venda_produto","feira_local","HORTA_AVULSO",12.8,"kg",10.27,131.46,"feira_e_csa","horta",NA,"direto",NA,""
"L2019_000624",2019-02-26,"receita","venda_produto","feira_local","HORTA_AVULSO",25.5,"kg",10.18,259.59,"feira_e_csa","horta",NA,"direto",NA,""
"L2019_002128",2019-02-26,"despesa","infraestrutura","energia_e_manutencao",NA,NA,NA,814.04,814.04,NA,"geral",NA,"compartilhado",NA,""
"L2019_000625",2019-02-28,"receita","venda_produto","feira_local","HORTA_AVULSO",27.2,"kg",9.11,247.79,"feira_e_csa","horta",NA,"direto",NA,""
"L2019_000630",2019-03-04,"receita","venda_produto","banana_agroflorestal","BANANA_CAIXA",7,"caixa",53.78,376.46,"feira_e_csa","agrofloresta","T17","direto",NA,""
"L2019_000629",2019-03-05,"receita","venda_produto","feira_local","HORTA_CESTA",13,"cesta",41.29,536.77,"feira_e_csa","horta",NA,"direto",NA,""
"L2019_000626",2019-03-06,"receita","venda_produto","feira_local","HORTA_CESTA",12,"cesta",41.59,499.08,"feira_e_csa","horta",NA,"direto",NA,""
"L2019_000627",2019-03-08,"receita","venda_produto","feira_local","HORTA_CESTA",8,"cesta",41.04,328.32,"feira_e_csa","horta",NA,"direto",NA,""
"L2019_000628",2019-03-08,"receita","venda_produto","feira_local","HORTA_CESTA",12,"cesta",47.79,573.48,"feira_e_csa","horta",NA,"direto",NA,""
"L2019_002129",2019-03-08,"despesa","manejo","mao_de_obra",NA,NA,NA,5563.58,5563.58,NA,"cafeicultura",NA,"compartilhado",NA,""
"L2019_000631",2019-03-11,"receita","venda_produto","feira_local","HORTA_CESTA",8,"cesta",40.81,326.48,"feira_e_csa","horta",NA,"direto",NA,""
"L2019_002130",2019-03-11,"despesa","operacao","transporte_e_embalagem",NA,NA,NA,1519.56,1519.56,NA,"beneficiamento",NA,"compartilhado",NA,""
"L2019_000632",2019-03-12,"receita","venda_produto","feira_local","HORTA_AVULSO",19.6,"kg",11.27,220.89,"feira_e_csa","horta",NA,"direto",NA,""
"L2019_000633",2019-03-12,"receita","venda_produto","feira_local","HORTA_CESTA",15,"cesta",35.43,531.45,"feira_e_csa","horta",NA,"direto",NA,""
"L2019_000634",2019-03-12,"receita","venda_produto","feira_local","HORTA_AVULSO",16.8,"kg",7.6,127.68,"feira_e_csa","horta",NA,"direto",NA,""
"L2019_002131",2019-03-16,"despesa","insumo","composto_e_cobertura",NA,NA,NA,8095.87,8095.87,NA,"cafeicultura",NA,"compartilhado",NA,""
"L2019_000635",2019-03-19,"receita","venda_produto","feira_local","HORTA_CESTA",8,"cesta",40.95,327.6,"feira_e_csa","horta",NA,"direto",NA,""
"L2019_000636",2019-03-20,"receita","venda_produto","feira_local","HORTA_AVULSO",15.2,"kg",11.54,175.41,"feira_e_csa","horta",NA,"direto",NA,""
"L2019_000637",2019-03-21,"receita","venda_produto","feira_local","HORTA_CESTA",11,"cesta",40.99,450.89,"feira_e_csa","horta",NA,"direto",NA,""
"L2019_000640",2019-03-25,"receita","venda_produto","feira_local","HORTA_CESTA",12,"cesta",50.86,610.32,"feira_e_csa","horta",NA,"direto",NA,""
"L2019_000642",2019-03-25,"receita","venda_produto","banana_agroflorestal","BANANA_CAIXA",6,"caixa",46.87,281.22,"feira_e_csa","agrofloresta","T03","direto",NA,""
"L2019_000639",2019-03-26,"receita","venda_produto","feira_local","HORTA_CESTA",8,"cesta",43.55,348.4,"feira_e_csa","horta",NA,"direto",NA,""
"L2019_002132",2019-03-26,"despesa","infraestrutura","energia_e_manutencao",NA,NA,NA,999.9,999.9,NA,"geral",NA,"compartilhado",NA,""
"L2019_000641",2019-03-28,"receita","venda_produto","feira_local","HORTA_CESTA",12,"cesta",43.41,520.92,"feira_e_csa","horta",NA,"direto",NA,""
"L2019_000638",2019-03-29,"receita","venda_produto","feira_local","HORTA_CESTA",8,"cesta",41.94,335.52,"feira_e_csa","horta",NA,"direto",NA,""
"L2019_000645",2019-04-01,"receita","venda_produto","feira_local","HORTA_CESTA",11,"cesta",41.97,461.67,"feira_e_csa","horta",NA,"direto",NA,""
"L2019_000644",2019-04-04,"receita","venda_produto","feira_local","HORTA_CESTA",5,"cesta",43.53,217.65,"feira_e_csa","horta",NA,"direto",NA,""
"L2019_000643",2019-04-05,"receita","venda_produto","feira_local","HORTA_CESTA",15,"cesta",39.14,587.1,"feira_e_csa","horta",NA,"direto",NA,""
"L2019_000647",2019-04-08,"receita","venda_produto","feira_local","HORTA_CESTA",13,"cesta",48.46,629.98,"feira_e_csa","horta",NA,"direto",NA,""
"L2019_000648",2019-04-08,"receita","venda_produto","banana_agroflorestal","BANANA_CAIXA",8,"caixa",58.64,469.12,"feira_e_csa","agrofloresta","T27","direto",NA,""
"L2019_002133",2019-04-08,"despesa","manejo","mao_de_obra",NA,NA,NA,5768.7,5768.7,NA,"cafeicultura",NA,"compartilhado",NA,""
"L2019_000646",2019-04-10,"receita","venda_produto","feira_local","HORTA_AVULSO",21.5,"kg",9.46,203.39,"feira_e_csa","horta",NA,"direto",NA,""
"L2019_002134",2019-04-11,"despesa","operacao","transporte_e_embalagem",NA,NA,NA,1331.67,1331.67,NA,"beneficiamento",NA,"compartilhado",NA,""
"L2019_000651",2019-04-15,"receita","venda_produto","mudas","MUDA",38,"unidade",10.27,390.26,"viveiro","viveiro",NA,"direto",NA,""
"L2019_000650",2019-04-18,"receita","venda_produto","feira_local","HORTA_AVULSO",21.1,"kg",9.3,196.23,"feira_e_csa","horta",NA,"direto",NA,""
"L2019_000649",2019-04-19,"receita","venda_produto","feira_local","HORTA_CESTA",7,"cesta",43.86,307.02,"feira_e_csa","horta",NA,"direto",NA,""
"L2019_000652",2019-04-24,"receita","venda_produto","feira_local","HORTA_AVULSO",14.9,"kg",12.94,192.81,"feira_e_csa","horta",NA,"direto",NA,""
"L2019_000653",2019-04-25,"receita","venda_produto","feira_local","HORTA_AVULSO",16.9,"kg",13.04,220.38,"feira_e_csa","horta",NA,"direto",NA,""
"L2019_002135",2019-04-26,"despesa","infraestrutura","energia_e_manutencao",NA,NA,NA,707.1,707.1,NA,"geral",NA,"compartilhado",NA,""
"L2019_000656",2019-04-29,"receita","venda_produto","banana_agroflorestal","BANANA_CAIXA",6,"caixa",46.69,280.14,"feira_e_csa","agrofloresta","T35","direto",NA,""
"L2019_000654",2019-05-02,"receita","venda_produto","feira_local","HORTA_CESTA",10,"cesta",41.56,415.6,"feira_e_csa","horta",NA,"direto",NA,""
"L2019_000655",2019-05-03,"receita","venda_produto","feira_local","HORTA_CESTA",14,"cesta",38.26,535.64,"feira_e_csa","horta",NA,"direto",NA,""
"L2019_000658",2019-05-08,"receita","venda_produto","feira_local","HORTA_CESTA",8,"cesta",49.11,392.88,"feira_e_csa","horta",NA,"direto",NA,""
"L2019_002136",2019-05-08,"despesa","manejo","mao_de_obra",NA,NA,NA,6935.43,6935.43,NA,"cafeicultura",NA,"compartilhado",NA,""
"L2019_000657",2019-05-09,"receita","venda_produto","feira_local","HORTA_CESTA",5,"cesta",47.64,238.2,"feira_e_csa","horta",NA,"direto",NA,""
"L2019_000659",2019-05-09,"receita","venda_produto","feira_local","HORTA_AVULSO",21.5,"kg",11.29,242.73,"feira_e_csa","horta",NA,"direto",NA,""
"L2019_002137",2019-05-11,"despesa","operacao","transporte_e_embalagem",NA,NA,NA,1216.41,1216.41,NA,"beneficiamento",NA,"compartilhado",NA,""
"L2019_000661",2019-05-13,"receita","venda_produto","feira_local","HORTA_CESTA",14,"cesta",53.35,746.9,"feira_e_csa","horta",NA,"direto",NA,""
"L2019_000662",2019-05-14,"receita","venda_produto","feira_local","HORTA_CESTA",8,"cesta",45.06,360.48,"feira_e_csa","horta",NA,"direto",NA,""
"L2019_000660",2019-05-16,"receita","venda_produto","feira_local","HORTA_CESTA",12,"cesta",38.15,457.8,"feira_e_csa","horta",NA,"direto",NA,""
"L2019_000663",2019-05-20,"receita","venda_produto","feira_local","HORTA_CESTA",6,"cesta",42.76,256.56,"feira_e_csa","horta",NA,"direto",NA,""
"L2019_000666",2019-05-20,"receita","venda_produto","mel","MEL_POTE",31,"pote_300g",24.43,757.33,"feira_local","meliponicultura",NA,"direto",NA,""
"L2019_002138",2019-05-20,"despesa","manejo","colheita_e_beneficiamento",NA,NA,NA,4442.05,4442.05,NA,"cafeicultura",NA,"compartilhado",NA,""
"L2019_000664",2019-05-21,"receita","venda_produto","feira_local","HORTA_CESTA",7,"cesta",46.04,322.28,"feira_e_csa","horta",NA,"direto",NA,""
"L2019_000665",2019-05-21,"receita","venda_produto","feira_local","HORTA_AVULSO",23.9,"kg",11.05,264.1,"feira_e_csa","horta",NA,"direto",NA,""
"L2019_002139",2019-05-26,"despesa","infraestrutura","energia_e_manutencao",NA,NA,NA,959.87,959.87,NA,"geral",NA,"compartilhado",NA,""
"L2019_000671",2019-05-27,"receita","venda_produto","banana_agroflorestal","BANANA_CAIXA",6,"caixa",53.11,318.66,"feira_e_csa","agrofloresta","T25","direto",NA,""
"L2019_000668",2019-05-28,"receita","venda_produto","feira_local","HORTA_AVULSO",18.7,"kg",10.46,195.6,"feira_e_csa","horta",NA,"direto",NA,""
"L2019_000670",2019-05-29,"receita","venda_produto","feira_local","HORTA_AVULSO",27.9,"kg",10.69,298.25,"feira_e_csa","horta",NA,"direto",NA,""
"L2019_000667",2019-05-30,"receita","venda_produto","feira_local","HORTA_AVULSO",17.9,"kg",10.68,191.17,"feira_e_csa","horta",NA,"direto",NA,""
"L2019_000669",2019-05-30,"receita","venda_produto","feira_local","HORTA_CESTA",11,"cesta",39.5,434.5,"feira_e_csa","horta",NA,"direto",NA,""
"L2019_000672",2019-06-03,"receita","venda_produto","feira_local","HORTA_AVULSO",25.7,"kg",9.96,255.97,"feira_e_csa","horta",NA,"direto",NA,""
"L2019_000673",2019-06-05,"receita","venda_produto","feira_local","HORTA_CESTA",8,"cesta",41.35,330.8,"feira_e_csa","horta",NA,"direto",NA,""
"L2019_000674",2019-06-06,"receita","venda_produto","feira_local","HORTA_AVULSO",16,"kg",11,176,"feira_e_csa","horta",NA,"direto",NA,""
"L2019_002140",2019-06-08,"despesa","manejo","mao_de_obra",NA,NA,NA,5448.27,5448.27,NA,"cafeicultura",NA,"compartilhado",NA,""
"L2019_000675",2019-06-11,"receita","venda_produto","feira_local","HORTA_CESTA",15,"cesta",48.03,720.45,"feira_e_csa","horta",NA,"direto",NA,""
"L2019_002141",2019-06-11,"despesa","operacao","transporte_e_embalagem",NA,NA,NA,1304.64,1304.64,NA,"beneficiamento",NA,"compartilhado",NA,""
"L2019_000677",2019-06-12,"receita","venda_produto","feira_local","HORTA_AVULSO",16.5,"kg",10.19,168.14,"feira_e_csa","horta",NA,"direto",NA,""
"L2019_000676",2019-06-14,"receita","venda_produto","feira_local","HORTA_CESTA",8,"cesta",45.13,361.04,"feira_e_csa","horta",NA,"direto",NA,""
"L2019_000680",2019-06-17,"receita","venda_produto","cafe_verde","CAF_SACA",9,"saca_60kg",822.81,7405.29,"cooperativa","cafeicultura","T18","direto",NA,"venda de safra"
"L2019_000678",2019-06-19,"receita","venda_produto","feira_local","HORTA_CESTA",14,"cesta",43.92,614.88,"feira_e_csa","horta",NA,"direto",NA,""
"L2019_000679",2019-06-20,"receita","venda_produto","feira_local","HORTA_CESTA",9,"cesta",43.9,395.1,"feira_e_csa","horta",NA,"direto",NA,""
"L2019_002142",2019-06-20,"despesa","manejo","colheita_e_beneficiamento",NA,NA,NA,5376.99,5376.99,NA,"cafeicultura",NA,"compartilhado",NA,""
"L2019_000685",2019-06-24,"receita","venda_produto","banana_agroflorestal","BANANA_CAIXA",3,"caixa",38.18,114.54,"feira_e_csa","agrofloresta","T36","direto",NA,""
"L2019_000683",2019-06-25,"receita","venda_produto","feira_local","HORTA_CESTA",6,"cesta",39.51,237.06,"feira_e_csa","horta",NA,"direto",NA,""
"L2019_000684",2019-06-25,"receita","venda_produto","feira_local","HORTA_CESTA",12,"cesta",50.78,609.36,"feira_e_csa","horta",NA,"direto",NA,""
"L2019_000681",2019-06-26,"receita","venda_produto","feira_local","HORTA_CESTA",14,"cesta",37.68,527.52,"feira_e_csa","horta",NA,"direto",NA,""
"L2019_002143",2019-06-26,"despesa","infraestrutura","energia_e_manutencao",NA,NA,NA,800.91,800.91,NA,"geral",NA,"compartilhado",NA,""
"L2019_000682",2019-06-28,"receita","venda_produto","feira_local","HORTA_CESTA",14,"cesta",49.77,696.78,"feira_e_csa","horta",NA,"direto",NA,""
"L2019_000688",2019-07-01,"receita","venda_produto","mudas","MUDA",22,"unidade",11.6,255.2,"viveiro","viveiro",NA,"direto",NA,""
"L2019_000686",2019-07-04,"receita","venda_produto","feira_local","HORTA_AVULSO",12,"kg",7.85,94.2,"feira_e_csa","horta",NA,"direto",NA,""
"L2019_000687",2019-07-04,"receita","venda_produto","feira_local","HORTA_CESTA",9,"cesta",36.21,325.89,"feira_e_csa","horta",NA,"direto",NA,""
"L2019_000690",2019-07-08,"receita","venda_produto","feira_local","HORTA_CESTA",15,"cesta",41.56,623.4,"feira_e_csa","horta",NA,"direto",NA,""
"L2019_000691",2019-07-08,"receita","venda_produto","banana_agroflorestal","BANANA_CAIXA",5,"caixa",51.08,255.4,"feira_e_csa","agrofloresta","T29","direto",NA,""
"L2019_002144",2019-07-08,"despesa","manejo","mao_de_obra",NA,NA,NA,6925.12,6925.12,NA,"cafeicultura",NA,"compartilhado",NA,""
"L2019_002145",2019-07-11,"despesa","operacao","transporte_e_embalagem",NA,NA,NA,1269.56,1269.56,NA,"beneficiamento",NA,"compartilhado",NA,""
"L2019_000689",2019-07-12,"receita","venda_produto","feira_local","HORTA_CESTA",14,"cesta",49.8,697.2,"feira_e_csa","horta",NA,"direto",NA,""
"L2019_000694",2019-07-15,"receita","venda_produto","cafe_verde","CAF_SACA",13,"saca_60kg",855.43,11120.59,"cooperativa","cafeicultura","T01","direto",NA,"venda de safra"
"L2019_000692",2019-07-17,"receita","venda_produto","feira_local","HORTA_CESTA",14,"cesta",41.64,582.96,"feira_e_csa","horta",NA,"direto",NA,""
"L2019_000693",2019-07-18,"receita","venda_produto","feira_local","HORTA_CESTA",12,"cesta",40.34,484.08,"feira_e_csa","horta",NA,"direto",NA,""
"L2019_002146",2019-07-20,"despesa","manejo","colheita_e_beneficiamento",NA,NA,NA,4304.97,4304.97,NA,"cafeicultura",NA,"compartilhado",NA,""
"L2019_000699",2019-07-22,"receita","venda_produto","banana_agroflorestal","BANANA_CAIXA",7,"caixa",38.83,271.81,"feira_e_csa","agrofloresta","T22","direto",NA,""
"L2019_000700",2019-07-22,"receita","venda_produto","microlote_premiado","CAF_SACA",11,"saca_60kg",2946.25,32408.75,"cafeteria_especializada","cafeicultura","T12","direto","E2019_PREMIO","lote reconhecido em concurso regional"
"L2019_000697",2019-07-23,"receita","venda_produto","feira_local","HORTA_CESTA",15,"cesta",45.65,684.75,"feira_e_csa","horta",NA,"direto",NA,""
"L2019_000698",2019-07-24,"receita","venda_produto","feira_local","HORTA_CESTA",13,"cesta",40.91,531.83,"feira_e_csa","horta",NA,"direto",NA,""
"L2019_000695",2019-07-25,"receita","venda_produto","feira_local","HORTA_CESTA",9,"cesta",41.96,377.64,"feira_e_csa","horta",NA,"direto",NA,""
"L2019_000696",2019-07-26,"receita","venda_produto","feira_local","HORTA_CESTA",7,"cesta",40.09,280.63,"feira_e_csa","horta",NA,"direto",NA,""
"L2019_002147",2019-07-26,"despesa","infraestrutura","energia_e_manutencao",NA,NA,NA,805.36,805.36,NA,"geral",NA,"compartilhado",NA,""
"L2019_000702",2019-07-29,"receita","venda_produto","feira_local","HORTA_AVULSO",19,"kg",9.91,188.29,"feira_e_csa","horta",NA,"direto",NA,""
"L2019_000703",2019-07-29,"receita","venda_produto","banana_agroflorestal","BANANA_CAIXA",3,"caixa",36.54,109.62,"feira_e_csa","agrofloresta","T03","direto",NA,""
"L2019_000701",2019-08-01,"receita","venda_produto","feira_local","HORTA_CESTA",10,"cesta",46.61,466.1,"feira_e_csa","horta",NA,"direto",NA,""
"L2019_000705",2019-08-07,"receita","venda_produto","feira_local","HORTA_CESTA",5,"cesta",35.9,179.5,"feira_e_csa","horta",NA,"direto",NA,""
"L2019_002148",2019-08-08,"despesa","manejo","mao_de_obra",NA,NA,NA,6217.16,6217.16,NA,"cafeicultura",NA,"compartilhado",NA,""
"L2019_000704",2019-08-09,"receita","venda_produto","feira_local","HORTA_CESTA",10,"cesta",43.47,434.7,"feira_e_csa","horta",NA,"direto",NA,""
"L2019_002149",2019-08-11,"despesa","operacao","transporte_e_embalagem",NA,NA,NA,1501.61,1501.61,NA,"beneficiamento",NA,"compartilhado",NA,""
"L2019_000706",2019-08-12,"receita","venda_produto","feira_local","HORTA_AVULSO",24.3,"kg",10.93,265.6,"feira_e_csa","horta",NA,"direto",NA,""
"L2019_000707",2019-08-12,"receita","venda_produto","feira_local","HORTA_CESTA",7,"cesta",41.12,287.84,"feira_e_csa","horta",NA,"direto",NA,""
"L2019_000710",2019-08-12,"receita","venda_produto","microlote_premiado","CAF_SACA",17,"saca_60kg",2738.16,46548.72,"cafeteria_especializada","cafeicultura","T28","direto","E2019_PREMIO","lote reconhecido em concurso regional"
"L2019_000708",2019-08-13,"receita","venda_produto","feira_local","HORTA_CESTA",13,"cesta",44.09,573.17,"feira_e_csa","horta",NA,"direto",NA,""
"L2019_000709",2019-08-15,"receita","venda_produto","feira_local","HORTA_AVULSO",26.3,"kg",8.53,224.34,"feira_e_csa","horta",NA,"direto",NA,""
"L2019_000714",2019-08-19,"receita","venda_produto","cafe_torrado","CAF_TORRADO",63,"pacote_250g",19.39,1221.57,"venda_direta","beneficiamento",NA,"direto",NA,""
"L2019_000713",2019-08-21,"receita","venda_produto","feira_local","HORTA_CESTA",9,"cesta",38.81,349.29,"feira_e_csa","horta",NA,"direto",NA,""
"L2019_000711",2019-08-22,"receita","venda_produto","feira_local","HORTA_CESTA",13,"cesta",44.38,576.94,"feira_e_csa","horta",NA,"direto",NA,""
"L2019_000712",2019-08-22,"receita","venda_produto","feira_local","HORTA_AVULSO",18.6,"kg",8.73,162.38,"feira_e_csa","horta",NA,"direto",NA,""
"L2019_000718",2019-08-26,"receita","venda_produto","banana_agroflorestal","BANANA_CAIXA",10,"caixa",49.7,497,"feira_e_csa","agrofloresta","T30","direto",NA,""
"L2019_002150",2019-08-26,"despesa","infraestrutura","energia_e_manutencao",NA,NA,NA,1056.71,1056.71,NA,"geral",NA,"compartilhado",NA,""
"L2019_000715",2019-08-28,"receita","venda_produto","feira_local","HORTA_CESTA",13,"cesta",38.81,504.53,"feira_e_csa","horta",NA,"direto",NA,""
"L2019_000716",2019-08-28,"receita","venda_produto","feira_local","HORTA_AVULSO",26.1,"kg",10.28,268.31,"feira_e_csa","horta",NA,"direto",NA,""
"L2019_000717",2019-08-29,"receita","venda_produto","feira_local","HORTA_CESTA",14,"cesta",45.78,640.92,"feira_e_csa","horta",NA,"direto",NA,""
"L2019_000719",2019-09-03,"receita","venda_produto","feira_local","HORTA_CESTA",8,"cesta",37.75,302,"feira_e_csa","horta",NA,"direto",NA,""
"L2019_000720",2019-09-03,"receita","venda_produto","feira_local","HORTA_CESTA",6,"cesta",46.47,278.82,"feira_e_csa","horta",NA,"direto",NA,""
"L2019_000721",2019-09-03,"receita","venda_produto","feira_local","HORTA_CESTA",13,"cesta",39.02,507.26,"feira_e_csa","horta",NA,"direto",NA,""
"L2019_000722",2019-09-03,"receita","venda_produto","feira_local","HORTA_CESTA",7,"cesta",44.54,311.78,"feira_e_csa","horta",NA,"direto",NA,""
"L2019_002151",2019-09-08,"despesa","manejo","mao_de_obra",NA,NA,NA,4725.15,4725.15,NA,"cafeicultura",NA,"compartilhado",NA,""
"L2019_000725",2019-09-09,"receita","venda_produto","cafe_torrado","CAF_TORRADO",63,"pacote_250g",20.02,1261.26,"venda_direta","beneficiamento",NA,"direto",NA,""
"L2019_000723",2019-09-11,"receita","venda_produto","feira_local","HORTA_CESTA",6,"cesta",43.85,263.1,"feira_e_csa","horta",NA,"direto",NA,""
"L2019_002152",2019-09-11,"despesa","operacao","transporte_e_embalagem",NA,NA,NA,923.94,923.94,NA,"beneficiamento",NA,"compartilhado",NA,""
"L2019_000724",2019-09-12,"receita","venda_produto","feira_local","HORTA_CESTA",5,"cesta",46.25,231.25,"feira_e_csa","horta",NA,"direto",NA,""
"L2019_000728",2019-09-16,"receita","venda_produto","mudas","MUDA",54,"unidade",13.37,721.98,"viveiro","viveiro",NA,"direto",NA,""
"L2019_002153",2019-09-16,"despesa","insumo","composto_e_cobertura",NA,NA,NA,7967.68,7967.68,NA,"cafeicultura",NA,"compartilhado",NA,""
"L2019_000726",2019-09-17,"receita","venda_produto","feira_local","HORTA_CESTA",11,"cesta",44.04,484.44,"feira_e_csa","horta",NA,"direto",NA,""
"L2019_000727",2019-09-17,"receita","venda_produto","feira_local","HORTA_AVULSO",9.7,"kg",10.43,101.17,"feira_e_csa","horta",NA,"direto",NA,""
"L2019_000732",2019-09-23,"receita","venda_produto","banana_agroflorestal","BANANA_CAIXA",7,"caixa",48.57,339.99,"feira_e_csa","agrofloresta","T26","direto",NA,""
"L2019_000733",2019-09-23,"receita","venda_produto","microlote_premiado","CAF_SACA",18,"saca_60kg",3339.13,60104.34,"cafeteria_especializada","cafeicultura","T14","direto","E2019_PREMIO","lote reconhecido em concurso regional"
"L2019_000731",2019-09-25,"receita","venda_produto","feira_local","HORTA_CESTA",12,"cesta",40.81,489.72,"feira_e_csa","horta",NA,"direto",NA,""
"L2019_002154",2019-09-26,"despesa","infraestrutura","energia_e_manutencao",NA,NA,NA,1002.37,1002.37,NA,"geral",NA,"compartilhado",NA,""
"L2019_000729",2019-09-27,"receita","venda_produto","feira_local","HORTA_AVULSO",10.2,"kg",10.42,106.28,"feira_e_csa","horta",NA,"direto",NA,""
"L2019_000730",2019-09-27,"receita","venda_produto","feira_local","HORTA_CESTA",8,"cesta",46.7,373.6,"feira_e_csa","horta",NA,"direto",NA,""
"L2019_000736",2019-09-30,"receita","venda_produto","banana_agroflorestal","BANANA_CAIXA",8,"caixa",42.99,343.92,"feira_e_csa","agrofloresta","T30","direto",NA,""
"L2019_000737",2019-09-30,"receita","venda_produto","cafe_torrado","CAF_TORRADO",92,"pacote_250g",19.86,1827.12,"venda_direta","beneficiamento",NA,"direto",NA,""
"L2019_000734",2019-10-02,"receita","venda_produto","feira_local","HORTA_CESTA",15,"cesta",46.94,704.1,"feira_e_csa","horta",NA,"direto",NA,""
"L2019_000735",2019-10-03,"receita","venda_produto","feira_local","HORTA_CESTA",8,"cesta",36.22,289.76,"feira_e_csa","horta",NA,"direto",NA,""
"L2019_000739",2019-10-07,"receita","venda_produto","feira_local","HORTA_CESTA",8,"cesta",38.92,311.36,"feira_e_csa","horta",NA,"direto",NA,""
"L2019_000740",2019-10-07,"receita","venda_produto","banana_agroflorestal","BANANA_CAIXA",6,"caixa",47.91,287.46,"feira_e_csa","agrofloresta","T19","direto",NA,""
"L2019_000741",2019-10-07,"receita","venda_produto","microlote_premiado","CAF_SACA",13,"saca_60kg",3357.98,43653.74,"cafeteria_especializada","cafeicultura","T31","direto","E2019_PREMIO","lote reconhecido em concurso regional"
"L2019_000742",2019-10-07,"receita","venda_produto","cafe_torrado","CAF_TORRADO",61,"pacote_250g",21.68,1322.48,"venda_direta","beneficiamento",NA,"direto",NA,""
"L2019_002155",2019-10-08,"despesa","manejo","mao_de_obra",NA,NA,NA,5659.45,5659.45,NA,"cafeicultura",NA,"compartilhado",NA,""
"L2019_000738",2019-10-09,"receita","venda_produto","feira_local","HORTA_CESTA",11,"cesta",36.38,400.18,"feira_e_csa","horta",NA,"direto",NA,""
"L2019_002156",2019-10-11,"despesa","operacao","transporte_e_embalagem",NA,NA,NA,1799.09,1799.09,NA,"beneficiamento",NA,"compartilhado",NA,""
"L2019_000745",2019-10-16,"receita","venda_produto","feira_local","HORTA_AVULSO",17,"kg",11.1,188.7,"feira_e_csa","horta",NA,"direto",NA,""
"L2019_002157",2019-10-16,"despesa","insumo","composto_e_cobertura",NA,NA,NA,8624.9,8624.9,NA,"cafeicultura",NA,"compartilhado",NA,""
"L2019_000743",2019-10-17,"receita","venda_produto","feira_local","HORTA_AVULSO",20.5,"kg",10.28,210.74,"feira_e_csa","horta",NA,"direto",NA,""
"L2019_000744",2019-10-17,"receita","venda_produto","feira_local","HORTA_AVULSO",27.4,"kg",11.09,303.87,"feira_e_csa","horta",NA,"direto",NA,""
"L2019_000748",2019-10-21,"receita","venda_produto","feira_local","HORTA_CESTA",6,"cesta",43.28,259.68,"feira_e_csa","horta",NA,"direto",NA,""
"L2019_000749",2019-10-21,"receita","venda_produto","banana_agroflorestal","BANANA_CAIXA",5,"caixa",35.03,175.15,"feira_e_csa","agrofloresta","T17","direto",NA,""
"L2019_000750",2019-10-21,"receita","venda_produto","cafe_verde","CAF_SACA",8,"saca_60kg",830.61,6644.88,"cooperativa","cafeicultura","T25","direto",NA,"venda de safra"
"L2019_000746",2019-10-24,"receita","venda_produto","feira_local","HORTA_CESTA",15,"cesta",40,600,"feira_e_csa","horta",NA,"direto",NA,""
"L2019_000747",2019-10-25,"receita","venda_produto","feira_local","HORTA_CESTA",15,"cesta",48.43,726.45,"feira_e_csa","horta",NA,"direto",NA,""
"L2019_002158",2019-10-26,"despesa","infraestrutura","energia_e_manutencao",NA,NA,NA,929.41,929.41,NA,"geral",NA,"compartilhado",NA,""
"L2019_000754",2019-10-28,"receita","venda_produto","banana_agroflorestal","BANANA_CAIXA",7,"caixa",49.17,344.19,"feira_e_csa","agrofloresta","T14","direto",NA,""
"L2019_000755",2019-10-28,"receita","venda_produto","microlote_premiado","CAF_SACA",13,"saca_60kg",2980.39,38745.07,"cafeteria_especializada","cafeicultura","T07","direto","E2019_PREMIO","lote reconhecido em concurso regional"
"L2019_000752",2019-10-29,"receita","venda_produto","feira_local","HORTA_AVULSO",7.8,"kg",11.36,88.61,"feira_e_csa","horta",NA,"direto",NA,""
"L2019_000751",2019-10-31,"receita","venda_produto","feira_local","HORTA_AVULSO",20.8,"kg",13.04,271.23,"feira_e_csa","horta",NA,"direto",NA,""
"L2019_000753",2019-10-31,"receita","venda_produto","feira_local","HORTA_CESTA",12,"cesta",43.74,524.88,"feira_e_csa","horta",NA,"direto",NA,""
"L2019_000758",2019-11-04,"receita","venda_produto","banana_agroflorestal","BANANA_CAIXA",3,"caixa",44.91,134.73,"feira_e_csa","agrofloresta","T30","direto",NA,""
"L2019_000756",2019-11-05,"receita","venda_produto","feira_local","HORTA_CESTA",9,"cesta",49.3,443.7,"feira_e_csa","horta",NA,"direto",NA,""
"L2019_000757",2019-11-07,"receita","venda_produto","feira_local","HORTA_CESTA",15,"cesta",45.02,675.3,"feira_e_csa","horta",NA,"direto",NA,""
"L2019_002159",2019-11-08,"despesa","manejo","mao_de_obra",NA,NA,NA,6110.59,6110.59,NA,"cafeicultura",NA,"compartilhado",NA,""
"L2019_000759",2019-11-11,"receita","venda_produto","feira_local","HORTA_CESTA",8,"cesta",50.09,400.72,"feira_e_csa","horta",NA,"direto",NA,""
"L2019_000760",2019-11-11,"receita","venda_produto","feira_local","HORTA_CESTA",15,"cesta",37.85,567.75,"feira_e_csa","horta",NA,"direto",NA,""
"L2019_000761",2019-11-11,"receita","venda_produto","microlote_premiado","CAF_SACA",21,"saca_60kg",3080.2,64684.2,"cafeteria_especializada","cafeicultura","T03","direto","E2019_PREMIO","lote reconhecido em concurso regional"
"L2019_002160",2019-11-11,"despesa","operacao","transporte_e_embalagem",NA,NA,NA,1340.07,1340.07,NA,"beneficiamento",NA,"compartilhado",NA,""
"L2019_000762",2019-11-18,"receita","venda_produto","feira_local","HORTA_CESTA",15,"cesta",38.96,584.4,"feira_e_csa","horta",NA,"direto",NA,""
"L2019_000766",2019-11-18,"receita","venda_produto","banana_agroflorestal","BANANA_CAIXA",8,"caixa",44,352,"feira_e_csa","agrofloresta","T30","direto",NA,""
"L2019_000767",2019-11-18,"receita","venda_produto","microlote_premiado","CAF_SACA",22,"saca_60kg",3189.78,70175.16,"cafeteria_especializada","cafeicultura","T01","direto","E2019_PREMIO","lote reconhecido em concurso regional"
"L2019_000765",2019-11-19,"receita","venda_produto","feira_local","HORTA_CESTA",9,"cesta",42.61,383.49,"feira_e_csa","horta",NA,"direto",NA,""
"L2019_000763",2019-11-22,"receita","venda_produto","feira_local","HORTA_CESTA",10,"cesta",41.8,418,"feira_e_csa","horta",NA,"direto",NA,""
"L2019_000764",2019-11-22,"receita","venda_produto","feira_local","HORTA_AVULSO",23.6,"kg",10.47,247.09,"feira_e_csa","horta",NA,"direto",NA,""
"L2019_000771",2019-11-25,"receita","venda_produto","banana_agroflorestal","BANANA_CAIXA",5,"caixa",46.41,232.05,"feira_e_csa","agrofloresta","T04","direto",NA,""
"L2019_000772",2019-11-25,"receita","venda_produto","cafe_torrado","CAF_TORRADO",110,"pacote_250g",19,2090,"venda_direta","beneficiamento",NA,"direto",NA,""
"L2019_000768",2019-11-26,"receita","venda_produto","feira_local","HORTA_AVULSO",15.2,"kg",11.45,174.04,"feira_e_csa","horta",NA,"direto",NA,""
"L2019_002161",2019-11-26,"despesa","infraestrutura","energia_e_manutencao",NA,NA,NA,1079.34,1079.34,NA,"geral",NA,"compartilhado",NA,""
"L2019_000770",2019-11-27,"receita","venda_produto","feira_local","HORTA_CESTA",13,"cesta",41.77,543.01,"feira_e_csa","horta",NA,"direto",NA,""
"L2019_000769",2019-11-28,"receita","venda_produto","feira_local","HORTA_AVULSO",13.4,"kg",9.3,124.62,"feira_e_csa","horta",NA,"direto",NA,""
"L2019_000774",2019-12-03,"receita","venda_produto","feira_local","HORTA_CESTA",7,"cesta",41.68,291.76,"feira_e_csa","horta",NA,"direto",NA,""
"L2019_000773",2019-12-06,"receita","venda_produto","feira_local","HORTA_CESTA",8,"cesta",41.77,334.16,"feira_e_csa","horta",NA,"direto",NA,""
"L2019_002162",2019-12-08,"despesa","manejo","mao_de_obra",NA,NA,NA,6633.05,6633.05,NA,"cafeicultura",NA,"compartilhado",NA,""
"L2019_000776",2019-12-09,"receita","venda_produto","feira_local","HORTA_CESTA",13,"cesta",43.66,567.58,"feira_e_csa","horta",NA,"direto",NA,""
"L2019_000775",2019-12-10,"receita","venda_produto","feira_local","HORTA_CESTA",9,"cesta",39.39,354.51,"feira_e_csa","horta",NA,"direto",NA,""
"L2019_002163",2019-12-11,"despesa","operacao","transporte_e_embalagem",NA,NA,NA,1336.77,1336.77,NA,"beneficiamento",NA,"compartilhado",NA,""
"L2019_000779",2019-12-16,"receita","venda_produto","banana_agroflorestal","BANANA_CAIXA",6,"caixa",51.51,309.06,"feira_e_csa","agrofloresta","T09","direto",NA,""
"L2019_000777",2019-12-18,"receita","venda_produto","feira_local","HORTA_CESTA",12,"cesta",40.96,491.52,"feira_e_csa","horta",NA,"direto",NA,""
"L2019_000778",2019-12-19,"receita","venda_produto","feira_local","HORTA_AVULSO",23.2,"kg",11.76,272.83,"feira_e_csa","horta",NA,"direto",NA,""
"L2019_000781",2019-12-23,"receita","venda_produto","feira_local","HORTA_CESTA",5,"cesta",39.07,195.35,"feira_e_csa","horta",NA,"direto",NA,""
"L2019_000780",2019-12-24,"receita","venda_produto","feira_local","HORTA_AVULSO",8.8,"kg",10.42,91.7,"feira_e_csa","horta",NA,"direto",NA,""
"L2019_000782",2019-12-25,"receita","venda_produto","feira_local","HORTA_AVULSO",7.9,"kg",10.3,81.37,"feira_e_csa","horta",NA,"direto",NA,""
"L2019_002164",2019-12-26,"despesa","infraestrutura","energia_e_manutencao",NA,NA,NA,775.88,775.88,NA,"geral",NA,"compartilhado",NA,""
"L2019_000784",2019-12-30,"receita","venda_produto","feira_local","HORTA_AVULSO",22.4,"kg",10.22,228.93,"feira_e_csa","horta",NA,"direto",NA,""
"L2019_000785",2019-12-30,"receita","venda_produto","feira_local","HORTA_AVULSO",11.8,"kg",11.97,141.25,"feira_e_csa","horta",NA,"direto",NA,""
"L2019_000786",2019-12-30,"receita","venda_produto","mel","MEL_POTE",45,"pote_300g",22.67,1020.15,"feira_local","meliponicultura",NA,"direto",NA,""
"L2020_000783",2020-01-03,"receita","venda_produto","feira_local","HORTA_CESTA",15,"cesta",39.25,588.75,"feira_e_csa","horta",NA,"direto",NA,""
"L2020_000788",2020-01-06,"receita","venda_produto","feira_local","HORTA_CESTA",9,"cesta",41.87,376.83,"feira_e_csa","horta",NA,"direto",NA,""
"L2020_000790",2020-01-06,"receita","venda_produto","banana_agroflorestal","BANANA_CAIXA",3,"caixa",54.6,163.8,"feira_e_csa","agrofloresta","T26","direto",NA,""
"L2020_000787",2020-01-08,"receita","venda_produto","feira_local","HORTA_CESTA",9,"cesta",35.98,323.82,"feira_e_csa","horta",NA,"direto",NA,""
"L2020_000789",2020-01-08,"receita","venda_produto","feira_local","HORTA_CESTA",15,"cesta",50.94,764.1,"feira_e_csa","horta",NA,"direto",NA,""
"L2020_002165",2020-01-08,"despesa","manejo","mao_de_obra",NA,NA,NA,5364.62,5364.62,NA,"cafeicultura",NA,"compartilhado",NA,""
"L2020_002166",2020-01-11,"despesa","operacao","transporte_e_embalagem",NA,NA,NA,1590.85,1590.85,NA,"beneficiamento",NA,"compartilhado",NA,""
"L2020_000791",2020-01-16,"receita","venda_produto","feira_local","HORTA_AVULSO",26.9,"kg",9.78,263.08,"feira_e_csa","horta",NA,"direto",NA,""
"L2020_000792",2020-01-16,"receita","venda_produto","feira_local","HORTA_CESTA",9,"cesta",42.51,382.59,"feira_e_csa","horta",NA,"direto",NA,""
"L2020_000793",2020-01-20,"receita","venda_produto","feira_local","HORTA_CESTA",5,"cesta",38.91,194.55,"feira_e_csa","horta",NA,"direto",NA,""
"L2020_000796",2020-01-20,"receita","venda_produto","banana_agroflorestal","BANANA_CAIXA",7,"caixa",46.26,323.82,"feira_e_csa","agrofloresta","T31","direto",NA,""
"L2020_000797",2020-01-20,"receita","venda_produto","mudas","MUDA",22,"unidade",12.85,282.7,"viveiro","viveiro",NA,"direto",NA,""
"L2020_000794",2020-01-22,"receita","venda_produto","feira_local","HORTA_AVULSO",26.2,"kg",13.04,341.65,"feira_e_csa","horta",NA,"direto",NA,""
"L2020_000795",2020-01-22,"receita","venda_produto","feira_local","HORTA_AVULSO",10.7,"kg",9.67,103.47,"feira_e_csa","horta",NA,"direto",NA,""
"L2020_002167",2020-01-26,"despesa","infraestrutura","energia_e_manutencao",NA,NA,NA,948.99,948.99,NA,"geral",NA,"compartilhado",NA,""
"L2020_000801",2020-01-28,"receita","venda_produto","feira_local","HORTA_CESTA",12,"cesta",43.09,517.08,"feira_e_csa","horta",NA,"direto",NA,""
"L2020_000798",2020-01-29,"receita","venda_produto","feira_local","HORTA_AVULSO",13.6,"kg",8.84,120.22,"feira_e_csa","horta",NA,"direto",NA,""
"L2020_000799",2020-01-30,"receita","venda_produto","feira_local","HORTA_CESTA",6,"cesta",39.24,235.44,"feira_e_csa","horta",NA,"direto",NA,""
"L2020_000800",2020-01-30,"receita","venda_produto","feira_local","HORTA_CESTA",11,"cesta",40.71,447.81,"feira_e_csa","horta",NA,"direto",NA,""
"L2020_000802",2020-02-03,"receita","venda_produto","feira_local","HORTA_CESTA",9,"cesta",44.63,401.67,"feira_e_csa","horta",NA,"direto",NA,""
"L2020_000805",2020-02-03,"receita","venda_produto","feira_local","HORTA_CESTA",8,"cesta",42.5,340,"feira_e_csa","horta",NA,"direto",NA,""
"L2020_000806",2020-02-03,"receita","venda_produto","banana_agroflorestal","BANANA_CAIXA",6,"caixa",46.7,280.2,"feira_e_csa","agrofloresta","T19","direto",NA,""
"L2020_000807",2020-02-03,"receita","venda_produto","mudas","MUDA",47,"unidade",11.35,533.45,"viveiro","viveiro",NA,"direto",NA,""
"L2020_000803",2020-02-05,"receita","venda_produto","feira_local","HORTA_AVULSO",10.7,"kg",8.7,93.09,"feira_e_csa","horta",NA,"direto",NA,""
"L2020_000804",2020-02-05,"receita","venda_produto","feira_local","HORTA_CESTA",8,"cesta",38.97,311.76,"feira_e_csa","horta",NA,"direto",NA,""
"L2020_002168",2020-02-08,"despesa","manejo","mao_de_obra",NA,NA,NA,5695.86,5695.86,NA,"cafeicultura",NA,"compartilhado",NA,""
"L2020_002169",2020-02-11,"despesa","operacao","transporte_e_embalagem",NA,NA,NA,1466.83,1466.83,NA,"beneficiamento",NA,"compartilhado",NA,""
"L2020_000809",2020-02-13,"receita","venda_produto","feira_local","HORTA_CESTA",11,"cesta",39.14,430.54,"feira_e_csa","horta",NA,"direto",NA,""
"L2020_000811",2020-02-13,"receita","venda_produto","feira_local","HORTA_AVULSO",26.4,"kg",9.76,257.66,"feira_e_csa","horta",NA,"direto",NA,""
"L2020_000808",2020-02-14,"receita","venda_produto","feira_local","HORTA_CESTA",13,"cesta",37.95,493.35,"feira_e_csa","horta",NA,"direto",NA,""
"L2020_000810",2020-02-14,"receita","venda_produto","feira_local","HORTA_AVULSO",13.9,"kg",9.5,132.05,"feira_e_csa","horta",NA,"direto",NA,""
"L2020_002170",2020-02-16,"despesa","insumo","composto_e_cobertura",NA,NA,NA,9513.39,9513.39,NA,"cafeicultura",NA,"compartilhado",NA,""
"L2020_000812",2020-02-18,"receita","venda_produto","feira_local","HORTA_CESTA",8,"cesta",42.06,336.48,"feira_e_csa","horta",NA,"direto",NA,""
"L2020_000814",2020-02-18,"receita","venda_produto","feira_local","HORTA_CESTA",11,"cesta",46.33,509.63,"feira_e_csa","horta",NA,"direto",NA,""
"L2020_000815",2020-02-19,"receita","venda_produto","feira_local","HORTA_CESTA",8,"cesta",45.61,364.88,"feira_e_csa","horta",NA,"direto",NA,""
"L2020_000813",2020-02-21,"receita","venda_produto","feira_local","HORTA_AVULSO",26.5,"kg",9.68,256.52,"feira_e_csa","horta",NA,"direto",NA,""
"L2020_000816",2020-02-25,"receita","venda_produto","feira_local","HORTA_CESTA",10,"cesta",41.32,413.2,"feira_e_csa","horta",NA,"direto",NA,""
"L2020_000817",2020-02-26,"receita","venda_produto","feira_local","HORTA_CESTA",6,"cesta",39.94,239.64,"feira_e_csa","horta",NA,"direto",NA,""
"L2020_002171",2020-02-26,"despesa","infraestrutura","energia_e_manutencao",NA,NA,NA,645.67,645.67,NA,"geral",NA,"compartilhado",NA,""
"L2020_000818",2020-02-27,"receita","venda_produto","feira_local","HORTA_AVULSO",17.3,"kg",10.53,182.17,"feira_e_csa","horta",NA,"direto",NA,""
"L2020_000819",2020-02-27,"receita","venda_produto","feira_local","HORTA_AVULSO",27.8,"kg",9.4,261.32,"feira_e_csa","horta",NA,"direto",NA,""
"L2020_000824",2020-03-02,"receita","venda_produto","banana_agroflorestal","BANANA_CAIXA",10,"caixa",55.62,556.2,"feira_e_csa","agrofloresta","T25","direto",NA,""
"L2020_000820",2020-03-03,"receita","venda_produto","feira_local","HORTA_CESTA",9,"cesta",43.08,387.72,"feira_e_csa","horta",NA,"direto",NA,""
"L2020_000821",2020-03-05,"receita","venda_produto","feira_local","HORTA_CESTA",15,"cesta",45.08,676.2,"feira_e_csa","horta",NA,"direto",NA,""
"L2020_000823",2020-03-05,"receita","venda_produto","feira_local","HORTA_CESTA",14,"cesta",46.59,652.26,"feira_e_csa","horta",NA,"direto",NA,""
"L2020_000822",2020-03-06,"receita","venda_produto","feira_local","HORTA_CESTA",8,"cesta",38.52,308.16,"feira_e_csa","horta",NA,"direto",NA,""
"L2020_002172",2020-03-08,"despesa","manejo","mao_de_obra",NA,NA,NA,6244.52,6244.52,NA,"cafeicultura",NA,"compartilhado",NA,""
"L2020_002173",2020-03-11,"despesa","operacao","transporte_e_embalagem",NA,NA,NA,1396,1396,NA,"beneficiamento",NA,"compartilhado",NA,""
"L2020_000825",2020-03-13,"receita","venda_produto","feira_local","HORTA_CESTA",6,"cesta",38.59,231.54,"feira_e_csa","horta",NA,"direto",NA,""
"L2020_000826",2020-03-13,"receita","venda_produto","feira_local","HORTA_CESTA",13,"cesta",46.88,609.44,"feira_e_csa","horta",NA,"direto",NA,""
"L2020_000827",2020-03-16,"receita","venda_produto","feira_local","HORTA_AVULSO",10.6,"kg",10.78,114.27,"feira_e_csa","horta",NA,"direto",NA,""
"L2020_000829",2020-03-16,"receita","venda_produto","banana_agroflorestal","BANANA_CAIXA",4,"caixa",58.62,234.48,"feira_e_csa","agrofloresta","T03","direto",NA,""
"L2020_002174",2020-03-16,"despesa","insumo","composto_e_cobertura",NA,NA,NA,6189.92,6189.92,NA,"cafeicultura",NA,"compartilhado",NA,""
"L2020_000828",2020-03-17,"receita","venda_produto","feira_local","HORTA_AVULSO",27.5,"kg",10.97,301.68,"feira_e_csa","horta",NA,"direto",NA,""
"L2020_000833",2020-03-23,"receita","venda_produto","feira_local","HORTA_AVULSO",16.3,"kg",11.91,194.13,"feira_e_csa","horta",NA,"direto",NA,""
"L2020_000830",2020-03-24,"receita","venda_produto","feira_local","HORTA_CESTA",8,"cesta",45.94,367.52,"feira_e_csa","horta",NA,"direto",NA,""
"L2020_000831",2020-03-25,"receita","venda_produto","feira_local","HORTA_CESTA",5,"cesta",42.1,210.5,"feira_e_csa","horta",NA,"direto",NA,""
"L2020_000832",2020-03-25,"receita","venda_produto","feira_local","HORTA_AVULSO",21.7,"kg",10.29,223.29,"feira_e_csa","horta",NA,"direto",NA,""
"L2020_002175",2020-03-26,"despesa","infraestrutura","energia_e_manutencao",NA,NA,NA,846.06,846.06,NA,"geral",NA,"compartilhado",NA,""
"L2020_000836",2020-03-30,"receita","venda_produto","mel","MEL_POTE",57,"pote_300g",24.9,1419.3,"feira_local","meliponicultura",NA,"direto",NA,""
"L2020_000834",2020-03-31,"receita","venda_produto","feira_local","HORTA_AVULSO",24.8,"kg",11.32,280.74,"feira_e_csa","horta",NA,"direto",NA,""
"L2020_000835",2020-04-01,"receita","venda_produto","feira_local","HORTA_AVULSO",10,"kg",12.03,120.3,"feira_e_csa","horta",NA,"direto",NA,""
"L2020_000837",2020-04-06,"receita","venda_produto","feira_local","HORTA_AVULSO",9,"kg",11.22,100.98,"feira_e_csa","horta",NA,"direto",NA,""
"L2020_002176",2020-04-08,"despesa","manejo","mao_de_obra",NA,NA,NA,7088.9,7088.9,NA,"cafeicultura",NA,"compartilhado",NA,""
"L2020_000838",2020-04-09,"receita","venda_produto","feira_local","HORTA_CESTA",7,"cesta",43.73,306.11,"feira_e_csa","horta",NA,"direto",NA,""
"L2020_002177",2020-04-11,"despesa","operacao","transporte_e_embalagem",NA,NA,NA,1476.92,1476.92,NA,"beneficiamento",NA,"compartilhado",NA,""
"L2020_000840",2020-04-13,"receita","venda_produto","feira_local","HORTA_CESTA",14,"cesta",44.89,628.46,"feira_e_csa","horta",NA,"direto",NA,""
"L2020_000841",2020-04-13,"receita","venda_produto","feira_local","HORTA_AVULSO",18,"kg",11.46,206.28,"feira_e_csa","horta",NA,"direto",NA,""
"L2020_000843",2020-04-13,"receita","venda_produto","banana_agroflorestal","BANANA_CAIXA",4,"caixa",47.47,189.88,"feira_e_csa","agrofloresta","T31","direto",NA,""
"L2020_000842",2020-04-15,"receita","venda_produto","feira_local","HORTA_AVULSO",10,"kg",10.32,103.2,"feira_e_csa","horta",NA,"direto",NA,""
"L2020_000839",2020-04-17,"receita","venda_produto","feira_local","HORTA_CESTA",13,"cesta",37.48,487.24,"feira_e_csa","horta",NA,"direto",NA,""
"L2020_000844",2020-04-20,"receita","venda_produto","feira_local","HORTA_CESTA",9,"cesta",45.24,407.16,"feira_e_csa","horta",NA,"direto",NA,""
"L2020_000845",2020-04-20,"receita","venda_produto","feira_local","HORTA_CESTA",6,"cesta",42.33,253.98,"feira_e_csa","horta",NA,"direto",NA,""
"L2020_000847",2020-04-20,"receita","venda_produto","mudas","MUDA",28,"unidade",12.99,363.72,"viveiro","viveiro",NA,"direto",NA,""
"L2020_000846",2020-04-21,"receita","venda_produto","feira_local","HORTA_CESTA",7,"cesta",42.38,296.66,"feira_e_csa","horta",NA,"direto",NA,""
"L2020_002178",2020-04-26,"despesa","infraestrutura","energia_e_manutencao",NA,NA,NA,739.45,739.45,NA,"geral",NA,"compartilhado",NA,""
"L2020_000851",2020-04-27,"receita","venda_produto","banana_agroflorestal","BANANA_CAIXA",4,"caixa",53.03,212.12,"feira_e_csa","agrofloresta","T25","direto",NA,""
"L2020_000850",2020-04-29,"receita","venda_produto","feira_local","HORTA_CESTA",6,"cesta",37.9,227.4,"feira_e_csa","horta",NA,"direto",NA,""
"L2020_000849",2020-04-30,"receita","venda_produto","feira_local","HORTA_AVULSO",10,"kg",9.37,93.7,"feira_e_csa","horta",NA,"direto",NA,""
"L2020_000848",2020-05-01,"receita","venda_produto","feira_local","HORTA_CESTA",5,"cesta",39.75,198.75,"feira_e_csa","horta",NA,"direto",NA,""
"L2020_000855",2020-05-04,"receita","venda_produto","banana_agroflorestal","BANANA_CAIXA",8,"caixa",39.01,312.08,"feira_e_csa","agrofloresta","T02","direto",NA,""
"L2020_000852",2020-05-06,"receita","venda_produto","feira_local","HORTA_AVULSO",25.2,"kg",13.3,335.16,"feira_e_csa","horta",NA,"direto",NA,""
"L2020_000853",2020-05-06,"receita","venda_produto","feira_local","HORTA_AVULSO",10.3,"kg",9.47,97.54,"feira_e_csa","horta",NA,"direto",NA,""
"L2020_000854",2020-05-07,"receita","venda_produto","feira_local","HORTA_CESTA",14,"cesta",43.98,615.72,"feira_e_csa","horta",NA,"direto",NA,""
"L2020_002179",2020-05-08,"despesa","manejo","mao_de_obra",NA,NA,NA,5982.93,5982.93,NA,"cafeicultura",NA,"compartilhado",NA,""
"L2020_000858",2020-05-11,"receita","venda_produto","mel","MEL_POTE",69,"pote_300g",26.38,1820.22,"feira_local","meliponicultura",NA,"direto",NA,""
"L2020_002180",2020-05-11,"despesa","operacao","transporte_e_embalagem",NA,NA,NA,1412.82,1412.82,NA,"beneficiamento",NA,"compartilhado",NA,""
"L2020_000857",2020-05-12,"receita","venda_produto","feira_local","HORTA_CESTA",13,"cesta",42.46,551.98,"feira_e_csa","horta",NA,"direto",NA,""
"L2020_000856",2020-05-15,"receita","venda_produto","feira_local","HORTA_CESTA",5,"cesta",42.81,214.05,"feira_e_csa","horta",NA,"direto",NA,""
"L2020_000859",2020-05-18,"receita","venda_produto","feira_local","HORTA_CESTA",13,"cesta",42.16,548.08,"feira_e_csa","horta",NA,"direto",NA,""
"L2020_000860",2020-05-18,"receita","venda_produto","feira_local","HORTA_CESTA",8,"cesta",42.93,343.44,"feira_e_csa","horta",NA,"direto",NA,""
"L2020_000861",2020-05-18,"receita","venda_produto","banana_agroflorestal","BANANA_CAIXA",3,"caixa",40.39,121.17,"feira_e_csa","agrofloresta","T04","direto",NA,""
"L2020_002181",2020-05-20,"despesa","manejo","colheita_e_beneficiamento",NA,NA,NA,4081.49,4081.49,NA,"cafeicultura",NA,"compartilhado",NA,""
"L2020_000864",2020-05-25,"receita","venda_produto","mudas","MUDA",69,"unidade",13.09,903.21,"viveiro","viveiro",NA,"direto",NA,""
"L2020_000862",2020-05-26,"receita","venda_produto","feira_local","HORTA_CESTA",13,"cesta",40.98,532.74,"feira_e_csa","horta",NA,"direto",NA,""
"L2020_000863",2020-05-26,"receita","venda_produto","feira_local","HORTA_CESTA",7,"cesta",42.68,298.76,"feira_e_csa","horta",NA,"direto",NA,""
"L2020_002182",2020-05-26,"despesa","infraestrutura","energia_e_manutencao",NA,NA,NA,1106.72,1106.72,NA,"geral",NA,"compartilhado",NA,""
"L2020_000865",2020-06-01,"receita","venda_produto","feira_local","HORTA_AVULSO",26.6,"kg",9.26,246.32,"feira_e_csa","horta",NA,"direto",NA,""
"L2020_000867",2020-06-01,"receita","venda_produto","feira_local","HORTA_AVULSO",13.6,"kg",9.6,130.56,"feira_e_csa","horta",NA,"direto",NA,""
"L2020_000868",2020-06-01,"receita","venda_produto","cafe_verde","CAF_SACA",12,"saca_60kg",898.43,10781.16,"cooperativa","cafeicultura","T27","direto",NA,"venda de safra"
"L2020_000866",2020-06-04,"receita","venda_produto","feira_local","HORTA_AVULSO",17,"kg",9.45,160.65,"feira_e_csa","horta",NA,"direto",NA,""
"L2020_000872",2020-06-08,"receita","venda_produto","cafe_verde","CAF_SACA",12,"saca_60kg",888.6,10663.2,"cooperativa","cafeicultura","T17","direto",NA,"venda de safra"
"L2020_002183",2020-06-08,"despesa","manejo","mao_de_obra",NA,NA,NA,6921.44,6921.44,NA,"cafeicultura",NA,"compartilhado",NA,""
"L2020_000869",2020-06-09,"receita","venda_produto","feira_local","HORTA_CESTA",12,"cesta",43.57,522.84,"feira_e_csa","horta",NA,"direto",NA,""
"L2020_000871",2020-06-09,"receita","venda_produto","feira_local","HORTA_CESTA",7,"cesta",45.07,315.49,"feira_e_csa","horta",NA,"direto",NA,""
"L2020_002184",2020-06-11,"despesa","operacao","transporte_e_embalagem",NA,NA,NA,1339.47,1339.47,NA,"beneficiamento",NA,"compartilhado",NA,""
"L2020_000870",2020-06-12,"receita","venda_produto","feira_local","HORTA_CESTA",7,"cesta",44.93,314.51,"feira_e_csa","horta",NA,"direto",NA,""
"L2020_000877",2020-06-15,"receita","venda_produto","mudas","MUDA",16,"unidade",9.55,152.8,"viveiro","viveiro",NA,"direto",NA,""
"L2020_000873",2020-06-16,"receita","venda_produto","feira_local","HORTA_CESTA",7,"cesta",43.42,303.94,"feira_e_csa","horta",NA,"direto",NA,""
"L2020_000875",2020-06-17,"receita","venda_produto","feira_local","HORTA_CESTA",7,"cesta",44.69,312.83,"feira_e_csa","horta",NA,"direto",NA,""
"L2020_000876",2020-06-17,"receita","venda_produto","feira_local","HORTA_CESTA",14,"cesta",41.85,585.9,"feira_e_csa","horta",NA,"direto",NA,""
"L2020_000874",2020-06-19,"receita","venda_produto","feira_local","HORTA_AVULSO",13.3,"kg",9.5,126.35,"feira_e_csa","horta",NA,"direto",NA,""
"L2020_002185",2020-06-20,"despesa","manejo","colheita_e_beneficiamento",NA,NA,NA,4938.9,4938.9,NA,"cafeicultura",NA,"compartilhado",NA,""
"L2020_000881",2020-06-22,"receita","venda_produto","banana_agroflorestal","BANANA_CAIXA",10,"caixa",48.22,482.2,"feira_e_csa","agrofloresta","T25","direto",NA,""
"L2020_000882",2020-06-22,"receita","venda_produto","cafe_verde","CAF_SACA",10,"saca_60kg",937.85,9378.5,"cooperativa","cafeicultura","T12","direto",NA,"venda de safra"
"L2020_000879",2020-06-24,"receita","venda_produto","feira_local","HORTA_CESTA",10,"cesta",41.48,414.8,"feira_e_csa","horta",NA,"direto",NA,""
"L2020_000878",2020-06-25,"receita","venda_produto","feira_local","HORTA_CESTA",14,"cesta",42.33,592.62,"feira_e_csa","horta",NA,"direto",NA,""
"L2020_000880",2020-06-26,"receita","venda_produto","feira_local","HORTA_CESTA",7,"cesta",39.96,279.72,"feira_e_csa","horta",NA,"direto",NA,""
"L2020_002186",2020-06-26,"despesa","infraestrutura","energia_e_manutencao",NA,NA,NA,1058.39,1058.39,NA,"geral",NA,"compartilhado",NA,""
"L2020_000886",2020-06-29,"receita","venda_produto","cafe_torrado","CAF_TORRADO",41,"pacote_250g",18.69,766.29,"venda_direta","beneficiamento",NA,"direto",NA,""
"L2020_000885",2020-07-02,"receita","venda_produto","feira_local","HORTA_CESTA",12,"cesta",44.11,529.32,"feira_e_csa","horta",NA,"direto",NA,""
"L2020_000883",2020-07-03,"receita","venda_produto","feira_local","HORTA_CESTA",14,"cesta",47.78,668.92,"feira_e_csa","horta",NA,"direto",NA,""
"L2020_000884",2020-07-03,"receita","venda_produto","feira_local","HORTA_AVULSO",25.5,"kg",10.76,274.38,"feira_e_csa","horta",NA,"direto",NA,""
"L2020_000888",2020-07-06,"receita","venda_produto","feira_local","HORTA_CESTA",8,"cesta",34.14,273.12,"feira_e_csa","horta",NA,"direto",NA,""
"L2020_000889",2020-07-06,"receita","venda_produto","feira_local","HORTA_AVULSO",17.7,"kg",11.08,196.12,"feira_e_csa","horta",NA,"direto",NA,""
"L2020_000891",2020-07-06,"receita","venda_produto","banana_agroflorestal","BANANA_CAIXA",10,"caixa",56.17,561.7,"feira_e_csa","agrofloresta","T09","direto",NA,""
"L2020_000892",2020-07-06,"receita","venda_produto","cafe_torrado","CAF_TORRADO",68,"pacote_250g",20.23,1375.64,"venda_direta","beneficiamento",NA,"direto",NA,""
"L2020_000887",2020-07-07,"receita","venda_produto","feira_local","HORTA_AVULSO",13.4,"kg",11.84,158.66,"feira_e_csa","horta",NA,"direto",NA,""
"L2020_002187",2020-07-08,"despesa","manejo","mao_de_obra",NA,NA,NA,6531.49,6531.49,NA,"cafeicultura",NA,"compartilhado",NA,""
"L2020_000890",2020-07-10,"receita","venda_produto","feira_local","HORTA_CESTA",8,"cesta",41.79,334.32,"feira_e_csa","horta",NA,"direto",NA,""
"L2020_002188",2020-07-11,"despesa","operacao","transporte_e_embalagem",NA,NA,NA,1216.65,1216.65,NA,"beneficiamento",NA,"compartilhado",NA,""
"L2020_000893",2020-07-13,"receita","venda_produto","feira_local","HORTA_CESTA",13,"cesta",46.26,601.38,"feira_e_csa","horta",NA,"direto",NA,""
"L2020_000896",2020-07-13,"receita","venda_produto","cafe_torrado","CAF_TORRADO",103,"pacote_250g",17.81,1834.43,"venda_direta","beneficiamento",NA,"direto",NA,""
"L2020_000897",2020-07-13,"receita","venda_produto","mudas","MUDA",58,"unidade",12.51,725.58,"viveiro","viveiro",NA,"direto",NA,""
"L2020_000895",2020-07-14,"receita","venda_produto","feira_local","HORTA_CESTA",5,"cesta",36.88,184.4,"feira_e_csa","horta",NA,"direto",NA,""
"L2020_000894",2020-07-17,"receita","venda_produto","feira_local","HORTA_AVULSO",16.9,"kg",10.62,179.48,"feira_e_csa","horta",NA,"direto",NA,""
"L2020_000900",2020-07-20,"receita","venda_produto","cafe_torrado","CAF_TORRADO",66,"pacote_250g",18.94,1250.04,"venda_direta","beneficiamento",NA,"direto",NA,""
"L2020_002189",2020-07-20,"despesa","manejo","colheita_e_beneficiamento",NA,NA,NA,4237.32,4237.32,NA,"cafeicultura",NA,"compartilhado",NA,""
"L2020_000899",2020-07-22,"receita","venda_produto","feira_local","HORTA_CESTA",7,"cesta",40.04,280.28,"feira_e_csa","horta",NA,"direto",NA,""
"L2020_000898",2020-07-23,"receita","venda_produto","feira_local","HORTA_CESTA",9,"cesta",41.58,374.22,"feira_e_csa","horta",NA,"direto",NA,""
"L2020_002190",2020-07-26,"despesa","infraestrutura","energia_e_manutencao",NA,NA,NA,1084.78,1084.78,NA,"geral",NA,"compartilhado",NA,""
"L2020_000901",2020-07-27,"receita","venda_produto","feira_local","HORTA_CESTA",9,"cesta",30.29,272.61,"feira_e_csa","horta",NA,"direto",NA,""
"L2020_000902",2020-07-29,"receita","venda_produto","feira_local","HORTA_CESTA",8,"cesta",42.58,340.64,"feira_e_csa","horta",NA,"direto",NA,""
"L2020_000904",2020-08-03,"receita","venda_produto","feira_local","HORTA_AVULSO",11.1,"kg",12.59,139.75,"feira_e_csa","horta",NA,"direto",NA,""
"L2020_000906",2020-08-03,"receita","venda_produto","feira_local","HORTA_CESTA",14,"cesta",44.68,625.52,"feira_e_csa","horta",NA,"direto",NA,""
"L2020_000907",2020-08-03,"receita","venda_produto","cafe_verde","CAF_SACA",20,"saca_60kg",850.72,17014.4,"cooperativa","cafeicultura","T26","direto",NA,"venda de safra"
"L2020_000903",2020-08-05,"receita","venda_produto","feira_local","HORTA_AVULSO",13.3,"kg",9.91,131.8,"feira_e_csa","horta",NA,"direto",NA,""
"L2020_000905",2020-08-05,"receita","venda_produto","feira_local","HORTA_AVULSO",26.4,"kg",10.2,269.28,"feira_e_csa","horta",NA,"direto",NA,""
"L2020_002191",2020-08-08,"despesa","manejo","mao_de_obra",NA,NA,NA,6775.4,6775.4,NA,"cafeicultura",NA,"compartilhado",NA,""
"L2020_000908",2020-08-10,"receita","venda_produto","feira_local","HORTA_AVULSO",25.4,"kg",10.61,269.49,"feira_e_csa","horta",NA,"direto",NA,""
"L2020_000910",2020-08-10,"receita","venda_produto","cafe_verde","CAF_SACA",17,"saca_60kg",865.64,14715.88,"cooperativa","cafeicultura","T27","direto",NA,"venda de safra"
"L2020_000909",2020-08-11,"receita","venda_produto","feira_local","HORTA_CESTA",11,"cesta",43.13,474.43,"feira_e_csa","horta",NA,"direto",NA,""
"L2020_002192",2020-08-11,"despesa","operacao","transporte_e_embalagem",NA,NA,NA,1060.33,1060.33,NA,"beneficiamento",NA,"compartilhado",NA,""
"L2020_000913",2020-08-17,"receita","venda_produto","feira_local","HORTA_AVULSO",21.6,"kg",10.3,222.48,"feira_e_csa","horta",NA,"direto",NA,""
"L2020_000912",2020-08-18,"receita","venda_produto","feira_local","HORTA_AVULSO",25.3,"kg",11.01,278.55,"feira_e_csa","horta",NA,"direto",NA,""
"L2020_000911",2020-08-20,"receita","venda_produto","feira_local","HORTA_CESTA",7,"cesta",40.03,280.21,"feira_e_csa","horta",NA,"direto",NA,""
"L2020_000914",2020-08-24,"receita","venda_produto","feira_local","HORTA_CESTA",7,"cesta",45.83,320.81,"feira_e_csa","horta",NA,"direto",NA,""
"L2020_000915",2020-08-24,"receita","venda_produto","feira_local","HORTA_CESTA",12,"cesta",39.7,476.4,"feira_e_csa","horta",NA,"direto",NA,""
"L2020_000918",2020-08-24,"receita","venda_produto","banana_agroflorestal","BANANA_CAIXA",9,"caixa",49.88,448.92,"feira_e_csa","agrofloresta","T19","direto",NA,""
"L2020_000919",2020-08-24,"receita","venda_produto","mudas","MUDA",26,"unidade",11.59,301.34,"viveiro","viveiro",NA,"direto",NA,""
"L2020_002193",2020-08-26,"despesa","infraestrutura","energia_e_manutencao",NA,NA,NA,983.38,983.38,NA,"geral",NA,"compartilhado",NA,""
"L2020_000916",2020-08-27,"receita","venda_produto","feira_local","HORTA_CESTA",10,"cesta",40.27,402.7,"feira_e_csa","horta",NA,"direto",NA,""
"L2020_000917",2020-08-27,"receita","venda_produto","feira_local","HORTA_AVULSO",17.6,"kg",9.43,165.97,"feira_e_csa","horta",NA,"direto",NA,""
"L2020_000922",2020-08-31,"receita","venda_produto","cafe_verde","CAF_SACA",18,"saca_60kg",778.29,14009.22,"cooperativa","cafeicultura","T28","direto",NA,"venda de safra"
"L2020_000921",2020-09-01,"receita","venda_produto","feira_local","HORTA_AVULSO",21.4,"kg",7.19,153.87,"feira_e_csa","horta",NA,"direto",NA,""
"L2020_000920",2020-09-04,"receita","venda_produto","feira_local","HORTA_CESTA",12,"cesta",44.18,530.16,"feira_e_csa","horta",NA,"direto",NA,""
"L2020_000926",2020-09-07,"receita","venda_produto","banana_agroflorestal","BANANA_CAIXA",8,"caixa",49.4,395.2,"feira_e_csa","agrofloresta","T04","direto",NA,""
"L2020_002194",2020-09-08,"despesa","manejo","mao_de_obra",NA,NA,NA,6006.96,6006.96,NA,"cafeicultura",NA,"compartilhado",NA,""
"L2020_000924",2020-09-09,"receita","venda_produto","feira_local","HORTA_CESTA",10,"cesta",39.76,397.6,"feira_e_csa","horta",NA,"direto",NA,""
"L2020_000925",2020-09-09,"receita","venda_produto","feira_local","HORTA_CESTA",11,"cesta",33.73,371.03,"feira_e_csa","horta",NA,"direto",NA,""
"L2020_000923",2020-09-11,"receita","venda_produto","feira_local","HORTA_CESTA",12,"cesta",46.6,559.2,"feira_e_csa","horta",NA,"direto",NA,""
"L2020_002195",2020-09-11,"despesa","operacao","transporte_e_embalagem",NA,NA,NA,1303.23,1303.23,NA,"beneficiamento",NA,"compartilhado",NA,""
"L2020_000931",2020-09-14,"receita","venda_produto","cafe_torrado","CAF_TORRADO",35,"pacote_250g",18.33,641.55,"venda_direta","beneficiamento",NA,"direto",NA,""
"L2020_000927",2020-09-15,"receita","venda_produto","feira_local","HORTA_CESTA",6,"cesta",36.15,216.9,"feira_e_csa","horta",NA,"direto",NA,""
"L2020_002196",2020-09-16,"despesa","insumo","composto_e_cobertura",NA,NA,NA,6946.49,6946.49,NA,"cafeicultura",NA,"compartilhado",NA,""
"L2020_000928",2020-09-17,"receita","venda_produto","feira_local","HORTA_CESTA",10,"cesta",47.3,473,"feira_e_csa","horta",NA,"direto",NA,""
"L2020_000929",2020-09-17,"receita","venda_produto","feira_local","HORTA_CESTA",14,"cesta",42.89,600.46,"feira_e_csa","horta",NA,"direto",NA,""
"L2020_000930",2020-09-17,"receita","venda_produto","feira_local","HORTA_CESTA",15,"cesta",44.94,674.1,"feira_e_csa","horta",NA,"direto",NA,""
"L2020_000935",2020-09-21,"receita","venda_produto","banana_agroflorestal","BANANA_CAIXA",8,"caixa",48.59,388.72,"feira_e_csa","agrofloresta","T36","direto",NA,""
"L2020_000936",2020-09-21,"receita","venda_produto","cafe_verde","CAF_SACA",21,"saca_60kg",919.55,19310.55,"cooperativa","cafeicultura","T33","direto",NA,"venda de safra"
"L2020_000932",2020-09-24,"receita","venda_produto","feira_local","HORTA_AVULSO",19.9,"kg",10.51,209.15,"feira_e_csa","horta",NA,"direto",NA,""
"L2020_000933",2020-09-24,"receita","venda_produto","feira_local","HORTA_CESTA",15,"cesta",41.04,615.6,"feira_e_csa","horta",NA,"direto",NA,""
"L2020_000934",2020-09-24,"receita","venda_produto","feira_local","HORTA_CESTA",14,"cesta",40.82,571.48,"feira_e_csa","horta",NA,"direto",NA,""
"L2020_002197",2020-09-26,"despesa","infraestrutura","energia_e_manutencao",NA,NA,NA,845.53,845.53,NA,"geral",NA,"compartilhado",NA,""
"L2020_000939",2020-09-28,"receita","venda_produto","feira_local","HORTA_AVULSO",27.8,"kg",10.85,301.63,"feira_e_csa","horta",NA,"direto",NA,""
"L2020_000940",2020-09-28,"receita","venda_produto","banana_agroflorestal","BANANA_CAIXA",8,"caixa",55.98,447.84,"feira_e_csa","agrofloresta","T06","direto",NA,""
"L2020_000937",2020-10-01,"receita","venda_produto","feira_local","HORTA_CESTA",6,"cesta",42.4,254.4,"feira_e_csa","horta",NA,"direto",NA,""
"L2020_000938",2020-10-02,"receita","venda_produto","feira_local","HORTA_CESTA",14,"cesta",47.71,667.94,"feira_e_csa","horta",NA,"direto",NA,""
"L2020_000942",2020-10-05,"receita","venda_produto","feira_local","HORTA_CESTA",10,"cesta",34.29,342.9,"feira_e_csa","horta",NA,"direto",NA,""
"L2020_000943",2020-10-05,"receita","venda_produto","cafe_verde","CAF_SACA",8,"saca_60kg",755.61,6044.88,"cooperativa","cafeicultura","T16","direto",NA,"venda de safra"
"L2020_000944",2020-10-05,"receita","venda_produto","mudas","MUDA",20,"unidade",12.4,248,"viveiro","viveiro",NA,"direto",NA,""
"L2020_000941",2020-10-06,"receita","venda_produto","feira_local","HORTA_CESTA",14,"cesta",44.79,627.06,"feira_e_csa","horta",NA,"direto",NA,""
"L2020_002198",2020-10-08,"despesa","manejo","mao_de_obra",NA,NA,NA,5620.96,5620.96,NA,"cafeicultura",NA,"compartilhado",NA,""
"L2020_002199",2020-10-11,"despesa","operacao","transporte_e_embalagem",NA,NA,NA,1216.54,1216.54,NA,"beneficiamento",NA,"compartilhado",NA,""
"L2020_000948",2020-10-12,"receita","venda_produto","feira_local","HORTA_CESTA",7,"cesta",48.29,338.03,"feira_e_csa","horta",NA,"direto",NA,""
"L2020_000949",2020-10-12,"receita","venda_produto","banana_agroflorestal","BANANA_CAIXA",7,"caixa",47.2,330.4,"feira_e_csa","agrofloresta","T03","direto",NA,""
"L2020_000950",2020-10-12,"receita","venda_produto","cafe_verde","CAF_SACA",15,"saca_60kg",822.67,12340.05,"cooperativa","cafeicultura","T10","direto",NA,"venda de safra"
"L2020_000947",2020-10-13,"receita","venda_produto","feira_local","HORTA_CESTA",5,"cesta",39.97,199.85,"feira_e_csa","horta",NA,"direto",NA,""
"L2020_000945",2020-10-16,"receita","venda_produto","feira_local","HORTA_CESTA",5,"cesta",47.88,239.4,"feira_e_csa","horta",NA,"direto",NA,""
"L2020_000946",2020-10-16,"receita","venda_produto","feira_local","HORTA_CESTA",7,"cesta",42.56,297.92,"feira_e_csa","horta",NA,"direto",NA,""
"L2020_002200",2020-10-16,"despesa","insumo","composto_e_cobertura",NA,NA,NA,7386.21,7386.21,NA,"cafeicultura",NA,"compartilhado",NA,""
"L2020_000952",2020-10-19,"receita","venda_produto","feira_local","HORTA_CESTA",13,"cesta",43.43,564.59,"feira_e_csa","horta",NA,"direto",NA,""
"L2020_000953",2020-10-19,"receita","venda_produto","feira_local","HORTA_CESTA",5,"cesta",43.27,216.35,"feira_e_csa","horta",NA,"direto",NA,""
"L2020_000954",2020-10-19,"receita","venda_produto","banana_agroflorestal","BANANA_CAIXA",8,"caixa",37.94,303.52,"feira_e_csa","agrofloresta","T04","direto",NA,""
"L2020_000955",2020-10-19,"receita","venda_produto","mel","MEL_POTE",84,"pote_300g",25.97,2181.48,"feira_local","meliponicultura",NA,"direto",NA,""
"L2020_000951",2020-10-22,"receita","venda_produto","feira_local","HORTA_CESTA",7,"cesta",42.95,300.65,"feira_e_csa","horta",NA,"direto",NA,""
"L2020_000956",2020-10-26,"receita","venda_produto","feira_local","HORTA_CESTA",6,"cesta",43.24,259.44,"feira_e_csa","horta",NA,"direto",NA,""
"L2020_000958",2020-10-26,"receita","venda_produto","feira_local","HORTA_CESTA",10,"cesta",51.29,512.9,"feira_e_csa","horta",NA,"direto",NA,""
"L2020_000960",2020-10-26,"receita","venda_produto","banana_agroflorestal","BANANA_CAIXA",10,"caixa",47.62,476.2,"feira_e_csa","agrofloresta","T03","direto",NA,""
"L2020_000961",2020-10-26,"receita","venda_produto","cafe_verde","CAF_SACA",14,"saca_60kg",859.22,12029.08,"cooperativa","cafeicultura","T11","direto",NA,"venda de safra"
"L2020_000962",2020-10-26,"receita","venda_produto","cafe_torrado","CAF_TORRADO",76,"pacote_250g",21.53,1636.28,"venda_direta","beneficiamento",NA,"direto",NA,""
"L2020_002201",2020-10-26,"despesa","infraestrutura","energia_e_manutencao",NA,NA,NA,877.22,877.22,NA,"geral",NA,"compartilhado",NA,""
"L2020_000957",2020-10-27,"receita","venda_produto","feira_local","HORTA_AVULSO",16.1,"kg",10.35,166.64,"feira_e_csa","horta",NA,"direto",NA,""
"L2020_000959",2020-10-28,"receita","venda_produto","feira_local","HORTA_CESTA",9,"cesta",38.16,343.44,"feira_e_csa","horta",NA,"direto",NA,""
"L2020_000966",2020-11-02,"receita","venda_produto","feira_local","HORTA_CESTA",11,"cesta",50.16,551.76,"feira_e_csa","horta",NA,"direto",NA,""
"L2020_000967",2020-11-02,"receita","venda_produto","cafe_verde","CAF_SACA",8,"saca_60kg",865.04,6920.32,"cooperativa","cafeicultura","T17","direto",NA,"venda de safra"
"L2020_000968",2020-11-02,"receita","venda_produto","mel","MEL_POTE",26,"pote_300g",21.03,546.78,"feira_local","meliponicultura",NA,"direto",NA,""
"L2020_000965",2020-11-05,"receita","venda_produto","feira_local","HORTA_CESTA",14,"cesta",46.22,647.08,"feira_e_csa","horta",NA,"direto",NA,""
"L2020_000963",2020-11-06,"receita","venda_produto","feira_local","HORTA_CESTA",9,"cesta",43.16,388.44,"feira_e_csa","horta",NA,"direto",NA,""
"L2020_000964",2020-11-06,"receita","venda_produto","feira_local","HORTA_AVULSO",11.7,"kg",10.4,121.68,"feira_e_csa","horta",NA,"direto",NA,""
"L2020_002202",2020-11-08,"despesa","manejo","mao_de_obra",NA,NA,NA,7199.42,7199.42,NA,"cafeicultura",NA,"compartilhado",NA,""
"L2020_000970",2020-11-09,"receita","venda_produto","feira_local","HORTA_AVULSO",9.2,"kg",10.6,97.52,"feira_e_csa","horta",NA,"direto",NA,""
"L2020_000971",2020-11-09,"receita","venda_produto","feira_local","HORTA_AVULSO",25.7,"kg",8.91,228.99,"feira_e_csa","horta",NA,"direto",NA,""
"L2020_000972",2020-11-09,"receita","venda_produto","banana_agroflorestal","BANANA_CAIXA",5,"caixa",48.43,242.15,"feira_e_csa","agrofloresta","T25","direto",NA,""
"L2020_000969",2020-11-11,"receita","venda_produto","feira_local","HORTA_AVULSO",16.7,"kg",9.67,161.49,"feira_e_csa","horta",NA,"direto",NA,""
"L2020_002203",2020-11-11,"despesa","operacao","transporte_e_embalagem",NA,NA,NA,1234.2,1234.2,NA,"beneficiamento",NA,"compartilhado",NA,""
"L2020_000973",2020-11-16,"receita","venda_produto","feira_local","HORTA_CESTA",6,"cesta",41.67,250.02,"feira_e_csa","horta",NA,"direto",NA,""
"L2020_000974",2020-11-16,"receita","venda_produto","feira_local","HORTA_CESTA",10,"cesta",43.05,430.5,"feira_e_csa","horta",NA,"direto",NA,""
"L2020_000977",2020-11-24,"receita","venda_produto","feira_local","HORTA_CESTA",11,"cesta",46.49,511.39,"feira_e_csa","horta",NA,"direto",NA,""
"L2020_000976",2020-11-26,"receita","venda_produto","feira_local","HORTA_CESTA",14,"cesta",31.18,436.52,"feira_e_csa","horta",NA,"direto",NA,""
"L2020_002204",2020-11-26,"despesa","infraestrutura","energia_e_manutencao",NA,NA,NA,729.09,729.09,NA,"geral",NA,"compartilhado",NA,""
"L2020_000975",2020-11-27,"receita","venda_produto","feira_local","HORTA_AVULSO",10.5,"kg",10.08,105.84,"feira_e_csa","horta",NA,"direto",NA,""
"L2020_000980",2020-11-30,"receita","venda_produto","banana_agroflorestal","BANANA_CAIXA",10,"caixa",47.59,475.9,"feira_e_csa","agrofloresta","T27","direto",NA,""
"L2020_000981",2020-11-30,"receita","venda_produto","cafe_verde","CAF_SACA",16,"saca_60kg",912.31,14596.96,"cooperativa","cafeicultura","T27","direto",NA,"venda de safra"
"L2020_000979",2020-12-01,"receita","venda_produto","feira_local","HORTA_AVULSO",13.6,"kg",10.53,143.21,"feira_e_csa","horta",NA,"direto",NA,""
"L2020_000978",2020-12-03,"receita","venda_produto","feira_local","HORTA_AVULSO",17.7,"kg",9.75,172.57,"feira_e_csa","horta",NA,"direto",NA,""
"L2020_000983",2020-12-07,"receita","venda_produto","feira_local","HORTA_AVULSO",20.9,"kg",11.87,248.08,"feira_e_csa","horta",NA,"direto",NA,""
"L2020_000984",2020-12-07,"receita","venda_produto","banana_agroflorestal","BANANA_CAIXA",7,"caixa",36.71,256.97,"feira_e_csa","agrofloresta","T31","direto",NA,""
"L2020_000982",2020-12-08,"receita","venda_produto","feira_local","HORTA_CESTA",12,"cesta",39.43,473.16,"feira_e_csa","horta",NA,"direto",NA,""
"L2020_002205",2020-12-08,"despesa","manejo","mao_de_obra",NA,NA,NA,6420.08,6420.08,NA,"cafeicultura",NA,"compartilhado",NA,""
"L2020_002206",2020-12-11,"despesa","operacao","transporte_e_embalagem",NA,NA,NA,1357.89,1357.89,NA,"beneficiamento",NA,"compartilhado",NA,""
"L2020_000985",2020-12-14,"receita","venda_produto","feira_local","HORTA_AVULSO",20,"kg",10,200,"feira_e_csa","horta",NA,"direto",NA,""
"L2020_000988",2020-12-14,"receita","venda_produto","feira_local","HORTA_CESTA",8,"cesta",35.86,286.88,"feira_e_csa","horta",NA,"direto",NA,""
"L2020_000986",2020-12-15,"receita","venda_produto","feira_local","HORTA_AVULSO",21.9,"kg",8.57,187.68,"feira_e_csa","horta",NA,"direto",NA,""
"L2020_000987",2020-12-17,"receita","venda_produto","feira_local","HORTA_CESTA",15,"cesta",40.38,605.7,"feira_e_csa","horta",NA,"direto",NA,""
"L2020_000989",2020-12-21,"receita","venda_produto","feira_local","HORTA_AVULSO",22.8,"kg",8.89,202.69,"feira_e_csa","horta",NA,"direto",NA,""
"L2020_000990",2020-12-21,"receita","venda_produto","feira_local","HORTA_AVULSO",8.5,"kg",9.94,84.49,"feira_e_csa","horta",NA,"direto",NA,""
"L2020_002207",2020-12-26,"despesa","infraestrutura","energia_e_manutencao",NA,NA,NA,738.3,738.3,NA,"geral",NA,"compartilhado",NA,""
"L2020_000991",2020-12-28,"receita","venda_produto","feira_local","HORTA_CESTA",10,"cesta",46.24,462.4,"feira_e_csa","horta",NA,"direto",NA,""
"L2020_000994",2020-12-28,"receita","venda_produto","banana_agroflorestal","BANANA_CAIXA",4,"caixa",58.49,233.96,"feira_e_csa","agrofloresta","T36","direto",NA,""
"L2020_000992",2020-12-29,"receita","venda_produto","feira_local","HORTA_CESTA",6,"cesta",38.46,230.76,"feira_e_csa","horta",NA,"direto",NA,""
"L2021_000993",2021-01-01,"receita","venda_produto","feira_local","HORTA_CESTA",14,"cesta",40.3,564.2,"feira_e_csa","horta",NA,"direto",NA,""
"L2021_000995",2021-01-05,"receita","venda_produto","feira_local","HORTA_CESTA",8,"cesta",43.09,344.72,"feira_e_csa","horta",NA,"direto",NA,""
"L2021_000996",2021-01-06,"receita","venda_produto","feira_local","HORTA_CESTA",11,"cesta",38.37,422.07,"feira_e_csa","horta",NA,"direto",NA,""
"L2021_002208",2021-01-08,"despesa","manejo","mao_de_obra",NA,NA,NA,5836.74,5836.74,NA,"cafeicultura",NA,"compartilhado",NA,""
"L2021_000999",2021-01-11,"receita","venda_produto","feira_local","HORTA_AVULSO",17.7,"kg",9.99,176.82,"feira_e_csa","horta",NA,"direto",NA,""
"L2021_002209",2021-01-11,"despesa","operacao","transporte_e_embalagem",NA,NA,NA,1324.2,1324.2,NA,"beneficiamento",NA,"compartilhado",NA,""
"L2021_001000",2021-01-12,"receita","venda_produto","feira_local","HORTA_CESTA",6,"cesta",45.65,273.9,"feira_e_csa","horta",NA,"direto",NA,""
"L2021_000997",2021-01-15,"receita","venda_produto","feira_local","HORTA_CESTA",6,"cesta",48.37,290.22,"feira_e_csa","horta",NA,"direto",NA,""
"L2021_000998",2021-01-15,"receita","venda_produto","feira_local","HORTA_AVULSO",20.9,"kg",12.18,254.56,"feira_e_csa","horta",NA,"direto",NA,""
"L2021_001001",2021-01-18,"receita","venda_produto","feira_local","HORTA_AVULSO",9.7,"kg",10.44,101.27,"feira_e_csa","horta",NA,"direto",NA,""
"L2021_001005",2021-01-18,"receita","venda_produto","banana_agroflorestal","BANANA_CAIXA",6,"caixa",43.13,258.78,"feira_e_csa","agrofloresta","T25","direto",NA,""
"L2021_001002",2021-01-20,"receita","venda_produto","feira_local","HORTA_AVULSO",21,"kg",11.13,233.73,"feira_e_csa","horta",NA,"direto",NA,""
"L2021_001003",2021-01-21,"receita","venda_produto","feira_local","HORTA_AVULSO",16.3,"kg",10.84,176.69,"feira_e_csa","horta",NA,"direto",NA,""
"L2021_001004",2021-01-21,"receita","venda_produto","feira_local","HORTA_CESTA",9,"cesta",44.07,396.63,"feira_e_csa","horta",NA,"direto",NA,""
"L2021_001006",2021-01-25,"receita","venda_produto","feira_local","HORTA_CESTA",14,"cesta",40.25,563.5,"feira_e_csa","horta",NA,"direto",NA,""
"L2021_001007",2021-01-25,"receita","venda_produto","feira_local","HORTA_CESTA",5,"cesta",47.25,236.25,"feira_e_csa","horta",NA,"direto",NA,""
"L2021_001008",2021-01-25,"receita","venda_produto","feira_local","HORTA_CESTA",12,"cesta",47.34,568.08,"feira_e_csa","horta",NA,"direto",NA,""
"L2021_002210",2021-01-26,"despesa","infraestrutura","energia_e_manutencao",NA,NA,NA,864.68,864.68,NA,"geral",NA,"compartilhado",NA,""
"L2021_001010",2021-02-03,"receita","venda_produto","feira_local","HORTA_CESTA",5,"cesta",42.95,214.75,"feira_e_csa","horta",NA,"direto",NA,""
"L2021_001011",2021-02-04,"receita","venda_produto","feira_local","HORTA_AVULSO",27.1,"kg",11.58,313.82,"feira_e_csa","horta",NA,"direto",NA,""
"L2021_001009",2021-02-05,"receita","venda_produto","feira_local","HORTA_AVULSO",20.4,"kg",9.07,185.03,"feira_e_csa","horta",NA,"direto",NA,""
"L2021_001012",2021-02-05,"receita","venda_produto","feira_local","HORTA_CESTA",10,"cesta",42.69,426.9,"feira_e_csa","horta",NA,"direto",NA,""
"L2021_001014",2021-02-08,"receita","venda_produto","feira_local","HORTA_CESTA",14,"cesta",44.54,623.56,"feira_e_csa","horta",NA,"direto",NA,""
"L2021_002211",2021-02-08,"despesa","manejo","mao_de_obra",NA,NA,NA,5472.61,5472.61,NA,"cafeicultura",NA,"compartilhado",NA,""
"L2021_001013",2021-02-11,"receita","venda_produto","feira_local","HORTA_AVULSO",11.6,"kg",8.89,103.12,"feira_e_csa","horta",NA,"direto",NA,""
"L2021_001015",2021-02-11,"receita","venda_produto","feira_local","HORTA_CESTA",14,"cesta",45.47,636.58,"feira_e_csa","horta",NA,"direto",NA,""
"L2021_002212",2021-02-11,"despesa","operacao","transporte_e_embalagem",NA,NA,NA,1419.37,1419.37,NA,"beneficiamento",NA,"compartilhado",NA,""
"L2021_001018",2021-02-15,"receita","venda_produto","feira_local","HORTA_CESTA",11,"cesta",40.86,449.46,"feira_e_csa","horta",NA,"direto",NA,""
"L2021_001019",2021-02-15,"receita","venda_produto","banana_agroflorestal","BANANA_CAIXA",10,"caixa",48.79,487.9,"feira_e_csa","agrofloresta","T22","direto",NA,""
"L2021_002213",2021-02-16,"despesa","insumo","composto_e_cobertura",NA,NA,NA,8246.04,8246.04,NA,"cafeicultura",NA,"compartilhado",NA,""
"L2021_001016",2021-02-19,"receita","venda_produto","feira_local","HORTA_CESTA",10,"cesta",39.22,392.2,"feira_e_csa","horta",NA,"direto",NA,""
"L2021_001017",2021-02-19,"receita","venda_produto","feira_local","HORTA_AVULSO",11.9,"kg",9.27,110.31,"feira_e_csa","horta",NA,"direto",NA,""
"L2021_001023",2021-02-22,"receita","venda_produto","banana_agroflorestal","BANANA_CAIXA",7,"caixa",50.38,352.66,"feira_e_csa","agrofloresta","T29","direto",NA,""
"L2021_001021",2021-02-24,"receita","venda_produto","feira_local","HORTA_CESTA",11,"cesta",43.39,477.29,"feira_e_csa","horta",NA,"direto",NA,""
"L2021_001020",2021-02-25,"receita","venda_produto","feira_local","HORTA_AVULSO",17,"kg",10.72,182.24,"feira_e_csa","horta",NA,"direto",NA,""
"L2021_001022",2021-02-26,"receita","venda_produto","feira_local","HORTA_CESTA",13,"cesta",48.1,625.3,"feira_e_csa","horta",NA,"direto",NA,""
"L2021_002214",2021-02-26,"despesa","infraestrutura","energia_e_manutencao",NA,NA,NA,724.05,724.05,NA,"geral",NA,"compartilhado",NA,""
"L2021_001026",2021-03-01,"receita","venda_produto","banana_agroflorestal","BANANA_CAIXA",5,"caixa",45.06,225.3,"feira_e_csa","agrofloresta","T25","direto",NA,""
"L2021_001024",2021-03-03,"receita","venda_produto","feira_local","HORTA_CESTA",8,"cesta",45.1,360.8,"feira_e_csa","horta",NA,"direto",NA,""
"L2021_001025",2021-03-05,"receita","venda_produto","feira_local","HORTA_CESTA",7,"cesta",44.52,311.64,"feira_e_csa","horta",NA,"direto",NA,""
"L2021_001030",2021-03-08,"receita","venda_produto","banana_agroflorestal","BANANA_CAIXA",6,"caixa",55.75,334.5,"feira_e_csa","agrofloresta","T13","direto",NA,""
"L2021_002215",2021-03-08,"despesa","manejo","mao_de_obra",NA,NA,NA,5878.53,5878.53,NA,"cafeicultura",NA,"compartilhado",NA,""
"L2021_001028",2021-03-09,"receita","venda_produto","feira_local","HORTA_CESTA",15,"cesta",44.42,666.3,"feira_e_csa","horta",NA,"direto",NA,""
"L2021_001029",2021-03-09,"receita","venda_produto","feira_local","HORTA_CESTA",6,"cesta",50.63,303.78,"feira_e_csa","horta",NA,"direto",NA,""
"L2021_001027",2021-03-10,"receita","venda_produto","feira_local","HORTA_CESTA",8,"cesta",31.82,254.56,"feira_e_csa","horta",NA,"direto",NA,""
"L2021_002216",2021-03-11,"despesa","operacao","transporte_e_embalagem",NA,NA,NA,1219.19,1219.19,NA,"beneficiamento",NA,"compartilhado",NA,""
"L2021_002217",2021-03-16,"despesa","insumo","composto_e_cobertura",NA,NA,NA,8461.51,8461.51,NA,"cafeicultura",NA,"compartilhado",NA,""
"L2021_001031",2021-03-17,"receita","venda_produto","feira_local","HORTA_CESTA",6,"cesta",41.94,251.64,"feira_e_csa","horta",NA,"direto",NA,""
"L2021_001032",2021-03-17,"receita","venda_produto","feira_local","HORTA_CESTA",6,"cesta",34.2,205.2,"feira_e_csa","horta",NA,"direto",NA,""
"L2021_001034",2021-03-17,"receita","venda_produto","feira_local","HORTA_CESTA",12,"cesta",36.57,438.84,"feira_e_csa","horta",NA,"direto",NA,""
"L2021_001033",2021-03-18,"receita","venda_produto","feira_local","HORTA_AVULSO",8.9,"kg",11.76,104.66,"feira_e_csa","horta",NA,"direto",NA,""
"L2021_001038",2021-03-22,"receita","venda_produto","feira_local","HORTA_AVULSO",18.7,"kg",9.53,178.21,"feira_e_csa","horta",NA,"direto",NA,""
"L2021_001039",2021-03-22,"receita","venda_produto","banana_agroflorestal","BANANA_CAIXA",3,"caixa",50.99,152.97,"feira_e_csa","agrofloresta","T36","direto",NA,""
"L2021_001035",2021-03-25,"receita","venda_produto","feira_local","HORTA_CESTA",9,"cesta",48.36,435.24,"feira_e_csa","horta",NA,"direto",NA,""
"L2021_001036",2021-03-25,"receita","venda_produto","feira_local","HORTA_CESTA",8,"cesta",42.21,337.68,"feira_e_csa","horta",NA,"direto",NA,""
"L2021_001037",2021-03-26,"receita","venda_produto","feira_local","HORTA_CESTA",12,"cesta",43.31,519.72,"feira_e_csa","horta",NA,"direto",NA,""
"L2021_002218",2021-03-26,"despesa","infraestrutura","energia_e_manutencao",NA,NA,NA,939.54,939.54,NA,"geral",NA,"compartilhado",NA,""
"L2021_001043",2021-03-29,"receita","venda_produto","banana_agroflorestal","BANANA_CAIXA",9,"caixa",56.6,509.4,"feira_e_csa","agrofloresta","T19","direto",NA,""
"L2021_001040",2021-03-30,"receita","venda_produto","feira_local","HORTA_CESTA",15,"cesta",41.62,624.3,"feira_e_csa","horta",NA,"direto",NA,""
"L2021_001041",2021-03-31,"receita","venda_produto","feira_local","HORTA_CESTA",7,"cesta",40.73,285.11,"feira_e_csa","horta",NA,"direto",NA,""
"L2021_001042",2021-04-02,"receita","venda_produto","feira_local","HORTA_CESTA",6,"cesta",44.22,265.32,"feira_e_csa","horta",NA,"direto",NA,""
"L2021_001045",2021-04-05,"receita","venda_produto","feira_local","HORTA_CESTA",13,"cesta",41.55,540.15,"feira_e_csa","horta",NA,"direto",NA,""
"L2021_001046",2021-04-05,"receita","venda_produto","banana_agroflorestal","BANANA_CAIXA",6,"caixa",46.54,279.24,"feira_e_csa","agrofloresta","T09","direto",NA,""
"L2021_001044",2021-04-06,"receita","venda_produto","feira_local","HORTA_CESTA",5,"cesta",37.49,187.45,"feira_e_csa","horta",NA,"direto",NA,""
"L2021_002219",2021-04-08,"despesa","manejo","mao_de_obra",NA,NA,NA,5493.94,5493.94,NA,"cafeicultura",NA,"compartilhado",NA,""
"L2021_002220",2021-04-11,"despesa","operacao","transporte_e_embalagem",NA,NA,NA,1106.75,1106.75,NA,"beneficiamento",NA,"compartilhado",NA,""
"L2021_001047",2021-04-12,"receita","venda_produto","feira_local","HORTA_CESTA",14,"cesta",40.4,565.6,"feira_e_csa","horta",NA,"direto",NA,""
"L2021_001049",2021-04-13,"receita","venda_produto","feira_local","HORTA_CESTA",15,"cesta",42.25,633.75,"feira_e_csa","horta",NA,"direto",NA,""
"L2021_001048",2021-04-15,"receita","venda_produto","feira_local","HORTA_CESTA",9,"cesta",49.38,444.42,"feira_e_csa","horta",NA,"direto",NA,""
"L2021_001050",2021-04-16,"receita","venda_produto","feira_local","HORTA_CESTA",13,"cesta",42.22,548.86,"feira_e_csa","horta",NA,"direto",NA,""
"L2021_001053",2021-04-19,"receita","venda_produto","feira_local","HORTA_CESTA",11,"cesta",39.25,431.75,"feira_e_csa","horta",NA,"direto",NA,""
"L2021_001051",2021-04-21,"receita","venda_produto","feira_local","HORTA_CESTA",12,"cesta",47.67,572.04,"feira_e_csa","horta",NA,"direto",NA,""
"L2021_001052",2021-04-23,"receita","venda_produto","feira_local","HORTA_CESTA",14,"cesta",40.61,568.54,"feira_e_csa","horta",NA,"direto",NA,""
"L2021_001056",2021-04-26,"receita","venda_produto","banana_agroflorestal","BANANA_CAIXA",7,"caixa",48.2,337.4,"feira_e_csa","agrofloresta","T29","direto",NA,""
"L2021_001057",2021-04-26,"receita","venda_produto","mel","MEL_POTE",54,"pote_300g",23.64,1276.56,"feira_local","meliponicultura",NA,"direto",NA,""
"L2021_002221",2021-04-26,"despesa","infraestrutura","energia_e_manutencao",NA,NA,NA,1124.42,1124.42,NA,"geral",NA,"compartilhado",NA,""
"L2021_001054",2021-04-28,"receita","venda_produto","feira_local","HORTA_CESTA",11,"cesta",38.01,418.11,"feira_e_csa","horta",NA,"direto",NA,""
"L2021_001055",2021-04-30,"receita","venda_produto","feira_local","HORTA_CESTA",8,"cesta",35.92,287.36,"feira_e_csa","horta",NA,"direto",NA,""
"L2021_001058",2021-05-03,"receita","venda_produto","feira_local","HORTA_CESTA",7,"cesta",36.96,258.72,"feira_e_csa","horta",NA,"direto",NA,""
"L2021_001061",2021-05-03,"receita","venda_produto","banana_agroflorestal","BANANA_CAIXA",5,"caixa",49.2,246,"feira_e_csa","agrofloresta","T26","direto",NA,""
"L2021_001062",2021-05-03,"receita","venda_produto","mel","MEL_POTE",61,"pote_300g",23.47,1431.67,"feira_local","meliponicultura",NA,"direto",NA,""
"L2021_001059",2021-05-04,"receita","venda_produto","feira_local","HORTA_AVULSO",26.6,"kg",10.24,272.38,"feira_e_csa","horta",NA,"direto",NA,""
"L2021_001060",2021-05-05,"receita","venda_produto","feira_local","HORTA_CESTA",11,"cesta",37.34,410.74,"feira_e_csa","horta",NA,"direto",NA,""
"L2021_002222",2021-05-08,"despesa","manejo","mao_de_obra",NA,NA,NA,5444.7,5444.7,NA,"cafeicultura",NA,"compartilhado",NA,""
"L2021_001065",2021-05-10,"receita","venda_produto","feira_local","HORTA_CESTA",15,"cesta",45.56,683.4,"feira_e_csa","horta",NA,"direto",NA,""
"L2021_002223",2021-05-11,"despesa","operacao","transporte_e_embalagem",NA,NA,NA,1459.88,1459.88,NA,"beneficiamento",NA,"compartilhado",NA,""
"L2021_001063",2021-05-14,"receita","venda_produto","feira_local","HORTA_CESTA",15,"cesta",40.32,604.8,"feira_e_csa","horta",NA,"direto",NA,""
"L2021_001064",2021-05-14,"receita","venda_produto","feira_local","HORTA_AVULSO",23.9,"kg",9.55,228.24,"feira_e_csa","horta",NA,"direto",NA,""
"L2021_001067",2021-05-18,"receita","venda_produto","feira_local","HORTA_CESTA",5,"cesta",38.67,193.35,"feira_e_csa","horta",NA,"direto",NA,""
"L2021_001068",2021-05-19,"receita","venda_produto","feira_local","HORTA_CESTA",13,"cesta",43,559,"feira_e_csa","horta",NA,"direto",NA,""
"L2021_001069",2021-05-20,"receita","venda_produto","feira_local","HORTA_CESTA",15,"cesta",37,555,"feira_e_csa","horta",NA,"direto",NA,""
"L2021_002224",2021-05-20,"despesa","manejo","colheita_e_beneficiamento",NA,NA,NA,3712.19,3712.19,NA,"cafeicultura",NA,"compartilhado",NA,""
"L2021_001066",2021-05-21,"receita","venda_produto","feira_local","HORTA_CESTA",8,"cesta",38.25,306,"feira_e_csa","horta",NA,"direto",NA,""
"L2021_001070",2021-05-24,"receita","venda_produto","feira_local","HORTA_CESTA",12,"cesta",42.3,507.6,"feira_e_csa","horta",NA,"direto",NA,""
"L2021_001072",2021-05-24,"receita","venda_produto","banana_agroflorestal","BANANA_CAIXA",9,"caixa",43.7,393.3,"feira_e_csa","agrofloresta","T26","direto",NA,""
"L2021_002225",2021-05-26,"despesa","infraestrutura","energia_e_manutencao",NA,NA,NA,794.96,794.96,NA,"geral",NA,"compartilhado",NA,""
"L2021_001071",2021-05-28,"receita","venda_produto","feira_local","HORTA_CESTA",13,"cesta",38.97,506.61,"feira_e_csa","horta",NA,"direto",NA,""
"L2021_001077",2021-05-31,"receita","venda_produto","banana_agroflorestal","BANANA_CAIXA",4,"caixa",36.81,147.24,"feira_e_csa","agrofloresta","T35","direto",NA,""
"L2021_001075",2021-06-01,"receita","venda_produto","feira_local","HORTA_CESTA",12,"cesta",44.6,535.2,"feira_e_csa","horta",NA,"direto",NA,""
"L2021_001073",2021-06-03,"receita","venda_produto","feira_local","HORTA_AVULSO",19.7,"kg",9.73,191.68,"feira_e_csa","horta",NA,"direto",NA,""
"L2021_001074",2021-06-03,"receita","venda_produto","feira_local","HORTA_CESTA",7,"cesta",38.95,272.65,"feira_e_csa","horta",NA,"direto",NA,""
"L2021_001076",2021-06-03,"receita","venda_produto","feira_local","HORTA_AVULSO",16.6,"kg",9.31,154.55,"feira_e_csa","horta",NA,"direto",NA,""
"L2021_001078",2021-06-08,"receita","venda_produto","feira_local","HORTA_AVULSO",9.9,"kg",10.41,103.06,"feira_e_csa","horta",NA,"direto",NA,""
"L2021_002226",2021-06-08,"despesa","manejo","mao_de_obra",NA,NA,NA,5941.9,5941.9,NA,"cafeicultura",NA,"compartilhado",NA,""
"L2021_001079",2021-06-09,"receita","venda_produto","feira_local","HORTA_AVULSO",16.1,"kg",11.26,181.29,"feira_e_csa","horta",NA,"direto",NA,""
"L2021_002227",2021-06-11,"despesa","operacao","transporte_e_embalagem",NA,NA,NA,1627.24,1627.24,NA,"beneficiamento",NA,"compartilhado",NA,""
"L2021_001081",2021-06-14,"receita","venda_produto","feira_local","HORTA_CESTA",10,"cesta",38.48,384.8,"feira_e_csa","horta",NA,"direto",NA,""
"L2021_001083",2021-06-14,"receita","venda_produto","feira_local","HORTA_CESTA",11,"cesta",37.6,413.6,"feira_e_csa","horta",NA,"direto",NA,""
"L2021_001082",2021-06-16,"receita","venda_produto","feira_local","HORTA_CESTA",10,"cesta",50.09,500.9,"feira_e_csa","horta",NA,"direto",NA,""
"L2021_001080",2021-06-18,"receita","venda_produto","feira_local","HORTA_CESTA",8,"cesta",49.63,397.04,"feira_e_csa","horta",NA,"direto",NA,""
"L2021_002228",2021-06-20,"despesa","manejo","colheita_e_beneficiamento",NA,NA,NA,3350.68,3350.68,NA,"cafeicultura",NA,"compartilhado",NA,""
"L2021_001087",2021-06-21,"receita","venda_produto","feira_local","HORTA_CESTA",6,"cesta",32.34,194.04,"feira_e_csa","horta",NA,"direto",NA,""
"L2021_001088",2021-06-21,"receita","venda_produto","cafe_verde","CAF_SACA",24,"saca_60kg",835.61,20054.64,"cooperativa","cafeicultura","T06","direto",NA,"venda de safra"
"L2021_001089",2021-06-21,"receita","venda_produto","cafe_torrado","CAF_TORRADO",89,"pacote_250g",18.78,1671.42,"venda_direta","beneficiamento",NA,"direto",NA,""
"L2021_001085",2021-06-22,"receita","venda_produto","feira_local","HORTA_CESTA",10,"cesta",46.1,461,"feira_e_csa","horta",NA,"direto",NA,""
"L2021_001086",2021-06-24,"receita","venda_produto","feira_local","HORTA_CESTA",8,"cesta",43.61,348.88,"feira_e_csa","horta",NA,"direto",NA,""
"L2021_001084",2021-06-25,"receita","venda_produto","feira_local","HORTA_CESTA",12,"cesta",41.02,492.24,"feira_e_csa","horta",NA,"direto",NA,""
"L2021_002229",2021-06-26,"despesa","infraestrutura","energia_e_manutencao",NA,NA,NA,1002.99,1002.99,NA,"geral",NA,"compartilhado",NA,""
"L2021_001092",2021-06-28,"receita","venda_produto","feira_local","HORTA_CESTA",14,"cesta",44.05,616.7,"feira_e_csa","horta",NA,"direto",NA,""
"L2021_001090",2021-06-30,"receita","venda_produto","feira_local","HORTA_CESTA",6,"cesta",47.71,286.26,"feira_e_csa","horta",NA,"direto",NA,""
"L2021_001091",2021-06-30,"receita","venda_produto","feira_local","HORTA_CESTA",7,"cesta",47.38,331.66,"feira_e_csa","horta",NA,"direto",NA,""
"L2021_001093",2021-07-02,"receita","venda_produto","feira_local","HORTA_CESTA",12,"cesta",37.97,455.64,"feira_e_csa","horta",NA,"direto",NA,""
"L2021_001097",2021-07-05,"receita","venda_produto","feira_local","HORTA_CESTA",10,"cesta",36.75,367.5,"feira_e_csa","horta",NA,"direto",NA,""
"L2021_001098",2021-07-05,"receita","venda_produto","banana_agroflorestal","BANANA_CAIXA",7,"caixa",49.5,346.5,"feira_e_csa","agrofloresta","T30","direto",NA,""
"L2021_001095",2021-07-06,"receita","venda_produto","feira_local","HORTA_AVULSO",27.5,"kg",10.7,294.25,"feira_e_csa","horta",NA,"direto",NA,""
"L2021_001094",2021-07-07,"receita","venda_produto","feira_local","HORTA_AVULSO",17.2,"kg",10.95,188.34,"feira_e_csa","horta",NA,"direto",NA,""
"L2021_001096",2021-07-08,"receita","venda_produto","feira_local","HORTA_CESTA",12,"cesta",38.89,466.68,"feira_e_csa","horta",NA,"direto",NA,""
"L2021_002230",2021-07-08,"despesa","manejo","mao_de_obra",NA,NA,NA,5878.01,5878.01,NA,"cafeicultura",NA,"compartilhado",NA,""
"L2021_002231",2021-07-11,"despesa","operacao","transporte_e_embalagem",NA,NA,NA,1310.5,1310.5,NA,"beneficiamento",NA,"compartilhado",NA,""
"L2021_001103",2021-07-12,"receita","venda_produto","banana_agroflorestal","BANANA_CAIXA",9,"caixa",49.33,443.97,"feira_e_csa","agrofloresta","T25","direto",NA,""
"L2021_001099",2021-07-13,"receita","venda_produto","feira_local","HORTA_CESTA",8,"cesta",40.71,325.68,"feira_e_csa","horta",NA,"direto",NA,""
"L2021_001101",2021-07-13,"receita","venda_produto","feira_local","HORTA_CESTA",8,"cesta",46.51,372.08,"feira_e_csa","horta",NA,"direto",NA,""
"L2021_001100",2021-07-15,"receita","venda_produto","feira_local","HORTA_CESTA",9,"cesta",34.99,314.91,"feira_e_csa","horta",NA,"direto",NA,""
"L2021_001102",2021-07-16,"receita","venda_produto","feira_local","HORTA_CESTA",12,"cesta",33.04,396.48,"feira_e_csa","horta",NA,"direto",NA,""
"L2021_001104",2021-07-20,"receita","venda_produto","feira_local","HORTA_AVULSO",11.7,"kg",11.71,137.01,"feira_e_csa","horta",NA,"direto",NA,""
"L2021_001105",2021-07-20,"receita","venda_produto","feira_local","HORTA_CESTA",14,"cesta",37.88,530.32,"feira_e_csa","horta",NA,"direto",NA,""
"L2021_002232",2021-07-20,"despesa","manejo","colheita_e_beneficiamento",NA,NA,NA,4197.77,4197.77,NA,"cafeicultura",NA,"compartilhado",NA,""
"L2021_001108",2021-07-26,"receita","venda_produto","feira_local","HORTA_AVULSO",26.6,"kg",10.4,276.64,"feira_e_csa","horta",NA,"direto",NA,""
"L2021_001110",2021-07-26,"receita","venda_produto","cafe_verde","CAF_SACA",12,"saca_60kg",906.44,10877.28,"cooperativa","cafeicultura","T33","direto",NA,"venda de safra"
"L2021_002233",2021-07-26,"despesa","infraestrutura","energia_e_manutencao",NA,NA,NA,1270.84,1270.84,NA,"geral",NA,"compartilhado",NA,""
"L2021_001106",2021-07-28,"receita","venda_produto","feira_local","HORTA_AVULSO",22,"kg",10.85,238.7,"feira_e_csa","horta",NA,"direto",NA,""
"L2021_001109",2021-07-29,"receita","venda_produto","feira_local","HORTA_AVULSO",20.9,"kg",9.75,203.77,"feira_e_csa","horta",NA,"direto",NA,""
"L2021_001107",2021-07-30,"receita","venda_produto","feira_local","HORTA_AVULSO",19.6,"kg",9.41,184.44,"feira_e_csa","horta",NA,"direto",NA,""
"L2021_001113",2021-08-02,"receita","venda_produto","banana_agroflorestal","BANANA_CAIXA",7,"caixa",47.32,331.24,"feira_e_csa","agrofloresta","T29","direto",NA,""
"L2021_001114",2021-08-02,"receita","venda_produto","cafe_verde","CAF_SACA",11,"saca_60kg",839.35,9232.85,"cooperativa","cafeicultura","T23","direto",NA,"venda de safra"
"L2021_001115",2021-08-02,"receita","venda_produto","mel","MEL_POTE",55,"pote_300g",26.36,1449.8,"feira_local","meliponicultura",NA,"direto",NA,""
"L2021_001111",2021-08-06,"receita","venda_produto","feira_local","HORTA_CESTA",13,"cesta",36.76,477.88,"feira_e_csa","horta",NA,"direto",NA,""
"L2021_001112",2021-08-06,"receita","venda_produto","feira_local","HORTA_CESTA",11,"cesta",42.64,469.04,"feira_e_csa","horta",NA,"direto",NA,""
"L2021_002234",2021-08-08,"despesa","manejo","mao_de_obra",NA,NA,NA,6091.96,6091.96,NA,"cafeicultura",NA,"compartilhado",NA,""
"L2021_001116",2021-08-09,"receita","venda_produto","feira_local","HORTA_CESTA",5,"cesta",47.12,235.6,"feira_e_csa","horta",NA,"direto",NA,""
"L2021_001117",2021-08-09,"receita","venda_produto","feira_local","HORTA_AVULSO",23.8,"kg",10.46,248.95,"feira_e_csa","horta",NA,"direto",NA,""
"L2021_002235",2021-08-11,"despesa","operacao","transporte_e_embalagem",NA,NA,NA,1053.07,1053.07,NA,"beneficiamento",NA,"compartilhado",NA,""
"L2021_001119",2021-08-16,"receita","venda_produto","feira_local","HORTA_CESTA",8,"cesta",54.8,438.4,"feira_e_csa","horta",NA,"direto",NA,""
"L2021_001121",2021-08-16,"receita","venda_produto","banana_agroflorestal","BANANA_CAIXA",10,"caixa",42.2,422,"feira_e_csa","agrofloresta","T25","direto",NA,""
"L2021_001118",2021-08-17,"receita","venda_produto","feira_local","HORTA_AVULSO",16.7,"kg",10.59,176.85,"feira_e_csa","horta",NA,"direto",NA,""
"L2021_001120",2021-08-20,"receita","venda_produto","feira_local","HORTA_CESTA",15,"cesta",37.98,569.7,"feira_e_csa","horta",NA,"direto",NA,""
"L2021_001125",2021-08-23,"receita","venda_produto","cafe_verde","CAF_SACA",12,"saca_60kg",888.84,10666.08,"cooperativa","cafeicultura","T35","direto",NA,"venda de safra"
"L2021_001123",2021-08-25,"receita","venda_produto","feira_local","HORTA_AVULSO",11.6,"kg",9.57,111.01,"feira_e_csa","horta",NA,"direto",NA,""
"L2021_001124",2021-08-25,"receita","venda_produto","feira_local","HORTA_CESTA",13,"cesta",44.44,577.72,"feira_e_csa","horta",NA,"direto",NA,""
"L2021_002236",2021-08-26,"despesa","infraestrutura","energia_e_manutencao",NA,NA,NA,910.08,910.08,NA,"geral",NA,"compartilhado",NA,""
"L2021_001122",2021-08-27,"receita","venda_produto","feira_local","HORTA_CESTA",10,"cesta",43.45,434.5,"feira_e_csa","horta",NA,"direto",NA,""
"L2021_001129",2021-08-30,"receita","venda_produto","banana_agroflorestal","BANANA_CAIXA",4,"caixa",54.82,219.28,"feira_e_csa","agrofloresta","T02","direto",NA,""
"L2021_001130",2021-08-30,"receita","venda_produto","cafe_torrado","CAF_TORRADO",100,"pacote_250g",21.14,2114,"venda_direta","beneficiamento",NA,"direto",NA,""
"L2021_001127",2021-08-31,"receita","venda_produto","feira_local","HORTA_CESTA",13,"cesta",38.64,502.32,"feira_e_csa","horta",NA,"direto",NA,""
"L2021_001128",2021-08-31,"receita","venda_produto","feira_local","HORTA_AVULSO",19.1,"kg",11.34,216.59,"feira_e_csa","horta",NA,"direto",NA,""
"L2021_001126",2021-09-02,"receita","venda_produto","feira_local","HORTA_CESTA",11,"cesta",48.68,535.48,"feira_e_csa","horta",NA,"direto",NA,""
"L2021_001131",2021-09-06,"receita","venda_produto","feira_local","HORTA_CESTA",6,"cesta",42.01,252.06,"feira_e_csa","horta",NA,"direto",NA,""
"L2021_001133",2021-09-06,"receita","venda_produto","banana_agroflorestal","BANANA_CAIXA",10,"caixa",53.06,530.6,"feira_e_csa","agrofloresta","T13","direto",NA,""
"L2021_001132",2021-09-08,"receita","venda_produto","feira_local","HORTA_CESTA",13,"cesta",36.52,474.76,"feira_e_csa","horta",NA,"direto",NA,""
"L2021_002237",2021-09-08,"despesa","manejo","mao_de_obra",NA,NA,NA,5586.09,5586.09,NA,"cafeicultura",NA,"compartilhado",NA,""
"L2021_002238",2021-09-11,"despesa","operacao","transporte_e_embalagem",NA,NA,NA,1527.52,1527.52,NA,"beneficiamento",NA,"compartilhado",NA,""
"L2021_001135",2021-09-13,"receita","venda_produto","feira_local","HORTA_CESTA",12,"cesta",43.76,525.12,"feira_e_csa","horta",NA,"direto",NA,""
"L2021_001138",2021-09-13,"receita","venda_produto","cafe_verde","CAF_SACA",23,"saca_60kg",872.08,20057.84,"cooperativa","cafeicultura","T15","direto",NA,"venda de safra"
"L2021_001136",2021-09-14,"receita","venda_produto","feira_local","HORTA_AVULSO",20.2,"kg",11.03,222.81,"feira_e_csa","horta",NA,"direto",NA,""
"L2021_001134",2021-09-16,"receita","venda_produto","feira_local","HORTA_AVULSO",14.6,"kg",10.94,159.72,"feira_e_csa","horta",NA,"direto",NA,""
"L2021_001137",2021-09-16,"receita","venda_produto","feira_local","HORTA_CESTA",6,"cesta",38.8,232.8,"feira_e_csa","horta",NA,"direto",NA,""
"L2021_002239",2021-09-16,"despesa","insumo","composto_e_cobertura",NA,NA,NA,8339.3,8339.3,NA,"cafeicultura",NA,"compartilhado",NA,""
"L2021_001139",2021-09-20,"receita","venda_produto","feira_local","HORTA_CESTA",9,"cesta",40.46,364.14,"feira_e_csa","horta",NA,"direto",NA,""
"L2021_001140",2021-09-22,"receita","venda_produto","feira_local","HORTA_AVULSO",9.6,"kg",12.94,124.22,"feira_e_csa","horta",NA,"direto",NA,""
"L2021_002240",2021-09-26,"despesa","infraestrutura","energia_e_manutencao",NA,NA,NA,914.94,914.94,NA,"geral",NA,"compartilhado",NA,""
"L2021_001141",2021-09-27,"receita","venda_produto","feira_local","HORTA_AVULSO",7.5,"kg",9.21,69.08,"feira_e_csa","horta",NA,"direto",NA,""
"L2021_001145",2021-09-27,"receita","venda_produto","cafe_torrado","CAF_TORRADO",75,"pacote_250g",18.89,1416.75,"venda_direta","beneficiamento",NA,"direto",NA,""
"L2021_001142",2021-09-28,"receita","venda_produto","feira_local","HORTA_AVULSO",14.3,"kg",9.63,137.71,"feira_e_csa","horta",NA,"direto",NA,""
"L2021_001144",2021-09-28,"receita","venda_produto","feira_local","HORTA_CESTA",7,"cesta",42.43,297.01,"feira_e_csa","horta",NA,"direto",NA,""
"L2021_001143",2021-09-29,"receita","venda_produto","feira_local","HORTA_CESTA",12,"cesta",36.99,443.88,"feira_e_csa","horta",NA,"direto",NA,""
"L2021_001146",2021-10-04,"receita","venda_produto","feira_local","HORTA_AVULSO",14.5,"kg",11.39,165.16,"feira_e_csa","horta",NA,"direto",NA,""
"L2021_001147",2021-10-08,"receita","venda_produto","feira_local","HORTA_AVULSO",20.7,"kg",8.22,170.15,"feira_e_csa","horta",NA,"direto",NA,""
"L2021_002241",2021-10-08,"despesa","manejo","mao_de_obra",NA,NA,NA,5773.56,5773.56,NA,"cafeicultura",NA,"compartilhado",NA,""
"L2021_001148",2021-10-11,"receita","venda_produto","feira_local","HORTA_CESTA",14,"cesta",42.77,598.78,"feira_e_csa","horta",NA,"direto",NA,""
"L2021_002242",2021-10-11,"despesa","operacao","transporte_e_embalagem",NA,NA,NA,1149.04,1149.04,NA,"beneficiamento",NA,"compartilhado",NA,""
"L2021_001149",2021-10-14,"receita","venda_produto","feira_local","HORTA_CESTA",5,"cesta",46.22,231.1,"feira_e_csa","horta",NA,"direto",NA,""
"L2021_002243",2021-10-16,"despesa","insumo","composto_e_cobertura",NA,NA,NA,6858.05,6858.05,NA,"cafeicultura",NA,"compartilhado",NA,""
"L2021_001151",2021-10-18,"receita","venda_produto","feira_local","HORTA_AVULSO",14.6,"kg",10.37,151.4,"feira_e_csa","horta",NA,"direto",NA,""
"L2021_001153",2021-10-18,"receita","venda_produto","banana_agroflorestal","BANANA_CAIXA",10,"caixa",39.13,391.3,"feira_e_csa","agrofloresta","T29","direto",NA,""
"L2021_001152",2021-10-19,"receita","venda_produto","feira_local","HORTA_AVULSO",24.4,"kg",10.77,262.79,"feira_e_csa","horta",NA,"direto",NA,""
"L2021_001150",2021-10-22,"receita","venda_produto","feira_local","HORTA_AVULSO",8.5,"kg",9.06,77.01,"feira_e_csa","horta",NA,"direto",NA,""
"L2021_001154",2021-10-25,"receita","venda_produto","feira_local","HORTA_CESTA",14,"cesta",44.76,626.64,"feira_e_csa","horta",NA,"direto",NA,""
"L2021_001156",2021-10-25,"receita","venda_produto","feira_local","HORTA_CESTA",12,"cesta",41.66,499.92,"feira_e_csa","horta",NA,"direto",NA,""
"L2021_001157",2021-10-25,"receita","venda_produto","banana_agroflorestal","BANANA_CAIXA",9,"caixa",45.5,409.5,"feira_e_csa","agrofloresta","T14","direto",NA,""
"L2021_002244",2021-10-26,"despesa","infraestrutura","energia_e_manutencao",NA,NA,NA,850.63,850.63,NA,"geral",NA,"compartilhado",NA,""
"L2021_001155",2021-10-28,"receita","venda_produto","feira_local","HORTA_AVULSO",27.9,"kg",12.25,341.78,"feira_e_csa","horta",NA,"direto",NA,""
"L2021_001162",2021-11-01,"receita","venda_produto","banana_agroflorestal","BANANA_CAIXA",7,"caixa",48.84,341.88,"feira_e_csa","agrofloresta","T35","direto",NA,""
"L2021_001163",2021-11-01,"receita","venda_produto","cafe_verde","CAF_SACA",18,"saca_60kg",755.35,13596.3,"cooperativa","cafeicultura","T19","direto",NA,"venda de safra"
"L2021_001161",2021-11-04,"receita","venda_produto","feira_local","HORTA_CESTA",11,"cesta",45.6,501.6,"feira_e_csa","horta",NA,"direto",NA,""
"L2021_001158",2021-11-05,"receita","venda_produto","feira_local","HORTA_CESTA",14,"cesta",40.14,561.96,"feira_e_csa","horta",NA,"direto",NA,""
"L2021_001159",2021-11-05,"receita","venda_produto","feira_local","HORTA_CESTA",8,"cesta",43.58,348.64,"feira_e_csa","horta",NA,"direto",NA,""
"L2021_001160",2021-11-05,"receita","venda_produto","feira_local","HORTA_AVULSO",13.5,"kg",10.48,141.48,"feira_e_csa","horta",NA,"direto",NA,""
"L2021_001166",2021-11-08,"receita","venda_produto","cafe_verde","CAF_SACA",14,"saca_60kg",852.41,11933.74,"cooperativa","cafeicultura","T28","direto",NA,"venda de safra"
"L2021_002245",2021-11-08,"despesa","manejo","mao_de_obra",NA,NA,NA,5437.31,5437.31,NA,"cafeicultura",NA,"compartilhado",NA,""
"L2021_001164",2021-11-09,"receita","venda_produto","feira_local","HORTA_CESTA",12,"cesta",44,528,"feira_e_csa","horta",NA,"direto",NA,""
"L2021_001165",2021-11-11,"receita","venda_produto","feira_local","HORTA_CESTA",15,"cesta",44.24,663.6,"feira_e_csa","horta",NA,"direto",NA,""
"L2021_002246",2021-11-11,"despesa","operacao","transporte_e_embalagem",NA,NA,NA,885.15,885.15,NA,"beneficiamento",NA,"compartilhado",NA,""
"L2021_001167",2021-11-15,"receita","venda_produto","feira_local","HORTA_CESTA",7,"cesta",43.46,304.22,"feira_e_csa","horta",NA,"direto",NA,""
"L2021_001169",2021-11-15,"receita","venda_produto","feira_local","HORTA_CESTA",9,"cesta",38.09,342.81,"feira_e_csa","horta",NA,"direto",NA,""
"L2021_001171",2021-11-15,"receita","venda_produto","banana_agroflorestal","BANANA_CAIXA",4,"caixa",50.69,202.76,"feira_e_csa","agrofloresta","T09","direto",NA,""
"L2021_001172",2021-11-15,"receita","venda_produto","cafe_verde","CAF_SACA",14,"saca_60kg",950.74,13310.36,"cooperativa","cafeicultura","T21","direto",NA,"venda de safra"
"L2021_001168",2021-11-18,"receita","venda_produto","feira_local","HORTA_CESTA",8,"cesta",43.02,344.16,"feira_e_csa","horta",NA,"direto",NA,""
"L2021_001170",2021-11-19,"receita","venda_produto","feira_local","HORTA_CESTA",11,"cesta",42.02,462.22,"feira_e_csa","horta",NA,"direto",NA,""
"L2021_001175",2021-11-22,"receita","venda_produto","feira_local","HORTA_CESTA",15,"cesta",38.48,577.2,"feira_e_csa","horta",NA,"direto",NA,""
"L2021_001176",2021-11-22,"receita","venda_produto","banana_agroflorestal","BANANA_CAIXA",7,"caixa",43.89,307.23,"feira_e_csa","agrofloresta","T19","direto",NA,""
"L2021_001173",2021-11-24,"receita","venda_produto","feira_local","HORTA_CESTA",10,"cesta",42.75,427.5,"feira_e_csa","horta",NA,"direto",NA,""
"L2021_001174",2021-11-24,"receita","venda_produto","feira_local","HORTA_AVULSO",19.5,"kg",11.85,231.07,"feira_e_csa","horta",NA,"direto",NA,""
"L2021_002247",2021-11-26,"despesa","infraestrutura","energia_e_manutencao",NA,NA,NA,974.58,974.58,NA,"geral",NA,"compartilhado",NA,""
"L2021_001180",2021-11-29,"receita","venda_produto","banana_agroflorestal","BANANA_CAIXA",10,"caixa",45.63,456.3,"feira_e_csa","agrofloresta","T25","direto",NA,""
"L2021_001177",2021-12-01,"receita","venda_produto","feira_local","HORTA_AVULSO",26,"kg",10.82,281.32,"feira_e_csa","horta",NA,"direto",NA,""
"L2021_001178",2021-12-02,"receita","venda_produto","feira_local","HORTA_AVULSO",21.8,"kg",9.37,204.27,"feira_e_csa","horta",NA,"direto",NA,""
"L2021_001179",2021-12-02,"receita","venda_produto","feira_local","HORTA_CESTA",14,"cesta",47.77,668.78,"feira_e_csa","horta",NA,"direto",NA,""
"L2021_001185",2021-12-06,"receita","venda_produto","mel","MEL_POTE",53,"pote_300g",26.1,1383.3,"feira_local","meliponicultura",NA,"direto",NA,""
"L2021_001184",2021-12-08,"receita","venda_produto","feira_local","HORTA_AVULSO",7,"kg",9.07,63.49,"feira_e_csa","horta",NA,"direto",NA,""
"L2021_002248",2021-12-08,"despesa","manejo","mao_de_obra",NA,NA,NA,6046.25,6046.25,NA,"cafeicultura",NA,"compartilhado",NA,""
"L2021_001181",2021-12-09,"receita","venda_produto","feira_local","HORTA_CESTA",6,"cesta",40.31,241.86,"feira_e_csa","horta",NA,"direto",NA,""
"L2021_001182",2021-12-09,"receita","venda_produto","feira_local","HORTA_AVULSO",14.4,"kg",10.66,153.5,"feira_e_csa","horta",NA,"direto",NA,""
"L2021_001183",2021-12-09,"receita","venda_produto","feira_local","HORTA_CESTA",8,"cesta",53.27,426.16,"feira_e_csa","horta",NA,"direto",NA,""
"L2021_002249",2021-12-11,"despesa","operacao","transporte_e_embalagem",NA,NA,NA,1210.54,1210.54,NA,"beneficiamento",NA,"compartilhado",NA,""
"L2021_001188",2021-12-13,"receita","venda_produto","feira_local","HORTA_CESTA",11,"cesta",40.32,443.52,"feira_e_csa","horta",NA,"direto",NA,""
"L2021_001190",2021-12-13,"receita","venda_produto","banana_agroflorestal","BANANA_CAIXA",7,"caixa",50.98,356.86,"feira_e_csa","agrofloresta","T03","direto",NA,""
"L2021_001186",2021-12-14,"receita","venda_produto","feira_local","HORTA_AVULSO",9.6,"kg",10.21,98.02,"feira_e_csa","horta",NA,"direto",NA,""
"L2021_001187",2021-12-14,"receita","venda_produto","feira_local","HORTA_CESTA",9,"cesta",34.52,310.68,"feira_e_csa","horta",NA,"direto",NA,""
"L2021_001189",2021-12-16,"receita","venda_produto","feira_local","HORTA_AVULSO",24.8,"kg",11.26,279.25,"feira_e_csa","horta",NA,"direto",NA,""
"L2021_001192",2021-12-20,"receita","venda_produto","feira_local","HORTA_CESTA",15,"cesta",43.3,649.5,"feira_e_csa","horta",NA,"direto",NA,""
"L2021_001193",2021-12-20,"receita","venda_produto","mudas","MUDA",24,"unidade",11.19,268.56,"viveiro","viveiro",NA,"direto",NA,""
"L2021_001191",2021-12-23,"receita","venda_produto","feira_local","HORTA_CESTA",5,"cesta",32.5,162.5,"feira_e_csa","horta",NA,"direto",NA,""
"L2021_002250",2021-12-26,"despesa","infraestrutura","energia_e_manutencao",NA,NA,NA,1095.56,1095.56,NA,"geral",NA,"compartilhado",NA,""
"L2021_001196",2021-12-27,"receita","venda_produto","feira_local","HORTA_AVULSO",24.3,"kg",9.87,239.84,"feira_e_csa","horta",NA,"direto",NA,""
"L2021_001197",2021-12-27,"receita","venda_produto","banana_agroflorestal","BANANA_CAIXA",6,"caixa",63.43,380.58,"feira_e_csa","agrofloresta","T30","direto",NA,""
"L2021_001194",2021-12-28,"receita","venda_produto","feira_local","HORTA_AVULSO",27.4,"kg",9.89,270.99,"feira_e_csa","horta",NA,"direto",NA,""
"L2021_001195",2021-12-29,"receita","venda_produto","feira_local","HORTA_CESTA",5,"cesta",44.37,221.85,"feira_e_csa","horta",NA,"direto",NA,""
"L2022_001202",2022-01-03,"receita","venda_produto","mel","MEL_POTE",52,"pote_300g",25.05,1302.6,"feira_local","meliponicultura",NA,"direto",NA,""
"L2022_001198",2022-01-04,"receita","venda_produto","feira_local","HORTA_AVULSO",20.8,"kg",10.69,222.35,"feira_e_csa","horta",NA,"direto",NA,""
"L2022_001200",2022-01-04,"receita","venda_produto","feira_local","HORTA_CESTA",8,"cesta",42.55,340.4,"feira_e_csa","horta",NA,"direto",NA,""
"L2022_001199",2022-01-05,"receita","venda_produto","feira_local","HORTA_CESTA",13,"cesta",37.74,490.62,"feira_e_csa","horta",NA,"direto",NA,""
"L2022_001201",2022-01-06,"receita","venda_produto","feira_local","HORTA_CESTA",10,"cesta",40.39,403.9,"feira_e_csa","horta",NA,"direto",NA,""
"L2022_002251",2022-01-08,"despesa","manejo","mao_de_obra",NA,NA,NA,4640.88,4640.88,NA,"cafeicultura",NA,"compartilhado",NA,""
"L2022_001205",2022-01-10,"receita","venda_produto","feira_local","HORTA_CESTA",15,"cesta",42.32,634.8,"feira_e_csa","horta",NA,"direto",NA,""
"L2022_001207",2022-01-10,"receita","venda_produto","banana_agroflorestal","BANANA_CAIXA",8,"caixa",55.5,444,"feira_e_csa","agrofloresta","T04","direto",NA,""
"L2022_001204",2022-01-11,"receita","venda_produto","feira_local","HORTA_CESTA",12,"cesta",44.39,532.68,"feira_e_csa","horta",NA,"direto",NA,""
"L2022_001206",2022-01-11,"receita","venda_produto","feira_local","HORTA_AVULSO",12.5,"kg",9.92,124,"feira_e_csa","horta",NA,"direto",NA,""
"L2022_002252",2022-01-11,"despesa","operacao","transporte_e_embalagem",NA,NA,NA,1398.26,1398.26,NA,"beneficiamento",NA,"compartilhado",NA,""
"L2022_001203",2022-01-12,"receita","venda_produto","feira_local","HORTA_AVULSO",9.4,"kg",10.48,98.51,"feira_e_csa","horta",NA,"direto",NA,""
"L2022_001211",2022-01-17,"receita","venda_produto","feira_local","HORTA_CESTA",13,"cesta",48.04,624.52,"feira_e_csa","horta",NA,"direto",NA,""
"L2022_001212",2022-01-17,"receita","venda_produto","banana_agroflorestal","BANANA_CAIXA",4,"caixa",51.02,204.08,"feira_e_csa","agrofloresta","T19","direto",NA,""
"L2022_001208",2022-01-19,"receita","venda_produto","feira_local","HORTA_CESTA",5,"cesta",44.37,221.85,"feira_e_csa","horta",NA,"direto",NA,""
"L2022_001209",2022-01-21,"receita","venda_produto","feira_local","HORTA_CESTA",12,"cesta",44.71,536.52,"feira_e_csa","horta",NA,"direto",NA,""
"L2022_001210",2022-01-21,"receita","venda_produto","feira_local","HORTA_AVULSO",10.7,"kg",11.14,119.2,"feira_e_csa","horta",NA,"direto",NA,""
"L2022_001214",2022-01-24,"receita","venda_produto","feira_local","HORTA_CESTA",9,"cesta",33.83,304.47,"feira_e_csa","horta",NA,"direto",NA,""
"L2022_001216",2022-01-24,"receita","venda_produto","banana_agroflorestal","BANANA_CAIXA",4,"caixa",47.36,189.44,"feira_e_csa","agrofloresta","T13","direto",NA,""
"L2022_001215",2022-01-25,"receita","venda_produto","feira_local","HORTA_AVULSO",27.9,"kg",9.55,266.44,"feira_e_csa","horta",NA,"direto",NA,""
"L2022_002253",2022-01-26,"despesa","infraestrutura","energia_e_manutencao",NA,NA,NA,1100.83,1100.83,NA,"geral",NA,"compartilhado",NA,""
"L2022_001213",2022-01-27,"receita","venda_produto","feira_local","HORTA_CESTA",8,"cesta",46.34,370.72,"feira_e_csa","horta",NA,"direto",NA,""
"L2022_001219",2022-01-31,"receita","venda_produto","feira_local","HORTA_CESTA",13,"cesta",39.2,509.6,"feira_e_csa","horta",NA,"direto",NA,""
"L2022_001221",2022-01-31,"receita","venda_produto","banana_agroflorestal","BANANA_CAIXA",8,"caixa",43.43,347.44,"feira_e_csa","agrofloresta","T06","direto",NA,""
"L2022_001218",2022-02-01,"receita","venda_produto","feira_local","HORTA_AVULSO",20.5,"kg",10.71,219.56,"feira_e_csa","horta",NA,"direto",NA,""
"L2022_001217",2022-02-03,"receita","venda_produto","feira_local","HORTA_AVULSO",18.3,"kg",10.75,196.72,"feira_e_csa","horta",NA,"direto",NA,""
"L2022_001220",2022-02-03,"receita","venda_produto","feira_local","HORTA_CESTA",14,"cesta",40.04,560.56,"feira_e_csa","horta",NA,"direto",NA,""
"L2022_001222",2022-02-07,"receita","venda_produto","feira_local","HORTA_CESTA",13,"cesta",40.54,527.02,"feira_e_csa","horta",NA,"direto",NA,""
"L2022_001224",2022-02-07,"receita","venda_produto","feira_local","HORTA_CESTA",14,"cesta",36.92,516.88,"feira_e_csa","horta",NA,"direto",NA,""
"L2022_001226",2022-02-07,"receita","venda_produto","banana_agroflorestal","BANANA_CAIXA",10,"caixa",49.17,491.7,"feira_e_csa","agrofloresta","T36","direto",NA,""
"L2022_001225",2022-02-08,"receita","venda_produto","feira_local","HORTA_CESTA",7,"cesta",43.32,303.24,"feira_e_csa","horta",NA,"direto",NA,""
"L2022_002254",2022-02-08,"despesa","manejo","mao_de_obra",NA,NA,NA,6404.3,6404.3,NA,"cafeicultura",NA,"compartilhado",NA,""
"L2022_001223",2022-02-10,"receita","venda_produto","feira_local","HORTA_CESTA",11,"cesta",35.54,390.94,"feira_e_csa","horta",NA,"direto",NA,""
"L2022_002255",2022-02-11,"despesa","operacao","transporte_e_embalagem",NA,NA,NA,1550.08,1550.08,NA,"beneficiamento",NA,"compartilhado",NA,""
"L2022_001229",2022-02-14,"receita","venda_produto","banana_agroflorestal","BANANA_CAIXA",7,"caixa",44.25,309.75,"feira_e_csa","agrofloresta","T06","direto",NA,""
"L2022_001228",2022-02-16,"receita","venda_produto","feira_local","HORTA_CESTA",13,"cesta",46.23,600.99,"feira_e_csa","horta",NA,"direto",NA,""
"L2022_002256",2022-02-16,"despesa","insumo","composto_e_cobertura",NA,NA,NA,7177.87,7177.87,NA,"cafeicultura",NA,"compartilhado",NA,""
"L2022_001227",2022-02-17,"receita","venda_produto","feira_local","HORTA_CESTA",5,"cesta",44.08,220.4,"feira_e_csa","horta",NA,"direto",NA,""
"L2022_001233",2022-02-21,"receita","venda_produto","banana_agroflorestal","BANANA_CAIXA",6,"caixa",50.63,303.78,"feira_e_csa","agrofloresta","T06","direto",NA,""
"L2022_001230",2022-02-24,"receita","venda_produto","feira_local","HORTA_CESTA",6,"cesta",43.01,258.06,"feira_e_csa","horta",NA,"direto",NA,""
"L2022_001232",2022-02-24,"receita","venda_produto","feira_local","HORTA_CESTA",6,"cesta",46.45,278.7,"feira_e_csa","horta",NA,"direto",NA,""
"L2022_001231",2022-02-25,"receita","venda_produto","feira_local","HORTA_CESTA",11,"cesta",49.8,547.8,"feira_e_csa","horta",NA,"direto",NA,""
"L2022_002257",2022-02-26,"despesa","infraestrutura","energia_e_manutencao",NA,NA,NA,922.21,922.21,NA,"geral",NA,"compartilhado",NA,""
"L2022_001237",2022-02-28,"receita","venda_produto","banana_agroflorestal","BANANA_CAIXA",10,"caixa",46.95,469.5,"feira_e_csa","agrofloresta","T02","direto",NA,""
"L2022_001235",2022-03-02,"receita","venda_produto","feira_local","HORTA_AVULSO",9.4,"kg",11.14,104.72,"feira_e_csa","horta",NA,"direto",NA,""
"L2022_001234",2022-03-03,"receita","venda_produto","feira_local","HORTA_CESTA",13,"cesta",40.76,529.88,"feira_e_csa","horta",NA,"direto",NA,""
"L2022_001236",2022-03-04,"receita","venda_produto","feira_local","HORTA_CESTA",9,"cesta",46.78,421.02,"feira_e_csa","horta",NA,"direto",NA,""
"L2022_001242",2022-03-07,"receita","venda_produto","banana_agroflorestal","BANANA_CAIXA",3,"caixa",52.57,157.71,"feira_e_csa","agrofloresta","T09","direto",NA,""
"L2022_002258",2022-03-08,"despesa","manejo","mao_de_obra",NA,NA,NA,5192.28,5192.28,NA,"cafeicultura",NA,"compartilhado",NA,""
"L2022_001238",2022-03-09,"receita","venda_produto","feira_local","HORTA_CESTA",8,"cesta",38.41,307.28,"feira_e_csa","horta",NA,"direto",NA,""
"L2022_001239",2022-03-11,"receita","venda_produto","feira_local","HORTA_AVULSO",22.6,"kg",11.45,258.77,"feira_e_csa","horta",NA,"direto",NA,""
"L2022_001240",2022-03-11,"receita","venda_produto","feira_local","HORTA_CESTA",6,"cesta",47.56,285.36,"feira_e_csa","horta",NA,"direto",NA,""
"L2022_001241",2022-03-11,"receita","venda_produto","feira_local","HORTA_AVULSO",10.6,"kg",10.58,112.15,"feira_e_csa","horta",NA,"direto",NA,""
"L2022_002259",2022-03-11,"despesa","operacao","transporte_e_embalagem",NA,NA,NA,1358.61,1358.61,NA,"beneficiamento",NA,"compartilhado",NA,""
"L2022_001245",2022-03-15,"receita","venda_produto","feira_local","HORTA_AVULSO",26.4,"kg",9.27,244.73,"feira_e_csa","horta",NA,"direto",NA,""
"L2022_001243",2022-03-16,"receita","venda_produto","feira_local","HORTA_AVULSO",14.2,"kg",9.2,130.64,"feira_e_csa","horta",NA,"direto",NA,""
"L2022_001244",2022-03-16,"receita","venda_produto","feira_local","HORTA_CESTA",10,"cesta",41.06,410.6,"feira_e_csa","horta",NA,"direto",NA,""
"L2022_002260",2022-03-16,"despesa","insumo","composto_e_cobertura",NA,NA,NA,8252.17,8252.17,NA,"cafeicultura",NA,"compartilhado",NA,""
"L2022_001246",2022-03-18,"receita","venda_produto","feira_local","HORTA_CESTA",15,"cesta",36.99,554.85,"feira_e_csa","horta",NA,"direto",NA,""
"L2022_001248",2022-03-21,"receita","venda_produto","feira_local","HORTA_AVULSO",19.7,"kg",10.86,213.94,"feira_e_csa","horta",NA,"direto",NA,""
"L2022_001250",2022-03-21,"receita","venda_produto","banana_agroflorestal","BANANA_CAIXA",7,"caixa",39.51,276.57,"feira_e_csa","agrofloresta","T30","direto",NA,""
"L2022_001249",2022-03-24,"receita","venda_produto","feira_local","HORTA_CESTA",8,"cesta",38.78,310.24,"feira_e_csa","horta",NA,"direto",NA,""
"L2022_001247",2022-03-25,"receita","venda_produto","feira_local","HORTA_CESTA",13,"cesta",38.65,502.45,"feira_e_csa","horta",NA,"direto",NA,""
"L2022_002261",2022-03-26,"despesa","infraestrutura","energia_e_manutencao",NA,NA,NA,1135.17,1135.17,NA,"geral",NA,"compartilhado",NA,""
"L2022_001254",2022-03-28,"receita","venda_produto","feira_local","HORTA_CESTA",15,"cesta",44.13,661.95,"feira_e_csa","horta",NA,"direto",NA,""
"L2022_001255",2022-03-28,"receita","venda_produto","banana_agroflorestal","BANANA_CAIXA",4,"caixa",45.23,180.92,"feira_e_csa","agrofloresta","T09","direto",NA,""
"L2022_001252",2022-03-29,"receita","venda_produto","feira_local","HORTA_CESTA",9,"cesta",43.02,387.18,"feira_e_csa","horta",NA,"direto",NA,""
"L2022_001253",2022-03-29,"receita","venda_produto","feira_local","HORTA_AVULSO",7.9,"kg",8.96,70.78,"feira_e_csa","horta",NA,"direto",NA,""
"L2022_001251",2022-03-31,"receita","venda_produto","feira_local","HORTA_CESTA",7,"cesta",45.42,317.94,"feira_e_csa","horta",NA,"direto",NA,""
"L2022_001258",2022-04-04,"receita","venda_produto","feira_local","HORTA_AVULSO",24,"kg",9.44,226.56,"feira_e_csa","horta",NA,"direto",NA,""
"L2022_001259",2022-04-04,"receita","venda_produto","banana_agroflorestal","BANANA_CAIXA",10,"caixa",42.22,422.2,"feira_e_csa","agrofloresta","T27","direto",NA,""
"L2022_001256",2022-04-07,"receita","venda_produto","feira_local","HORTA_CESTA",11,"cesta",44.28,487.08,"feira_e_csa","horta",NA,"direto",NA,""
"L2022_001257",2022-04-07,"receita","venda_produto","feira_local","HORTA_AVULSO",24,"kg",10.31,247.44,"feira_e_csa","horta",NA,"direto",NA,""
"L2022_002262",2022-04-08,"despesa","manejo","mao_de_obra",NA,NA,NA,4762.82,4762.82,NA,"cafeicultura",NA,"compartilhado",NA,""
"L2022_001262",2022-04-11,"receita","venda_produto","banana_agroflorestal","BANANA_CAIXA",6,"caixa",45.29,271.74,"feira_e_csa","agrofloresta","T27","direto",NA,""
"L2022_002263",2022-04-11,"despesa","operacao","transporte_e_embalagem",NA,NA,NA,1248.3,1248.3,NA,"beneficiamento",NA,"compartilhado",NA,""
"L2022_001260",2022-04-14,"receita","venda_produto","feira_local","HORTA_AVULSO",23.8,"kg",10.23,243.47,"feira_e_csa","horta",NA,"direto",NA,""
"L2022_001261",2022-04-14,"receita","venda_produto","feira_local","HORTA_CESTA",5,"cesta",47.45,237.25,"feira_e_csa","horta",NA,"direto",NA,""
"L2022_001263",2022-04-19,"receita","venda_produto","feira_local","HORTA_CESTA",15,"cesta",40.37,605.55,"feira_e_csa","horta",NA,"direto",NA,""
"L2022_001264",2022-04-19,"receita","venda_produto","feira_local","HORTA_CESTA",6,"cesta",44.29,265.74,"feira_e_csa","horta",NA,"direto",NA,""
"L2022_001266",2022-04-26,"receita","venda_produto","feira_local","HORTA_CESTA",12,"cesta",46.19,554.28,"feira_e_csa","horta",NA,"direto",NA,""
"L2022_001267",2022-04-26,"receita","venda_produto","feira_local","HORTA_CESTA",6,"cesta",37.93,227.58,"feira_e_csa","horta",NA,"direto",NA,""
"L2022_002264",2022-04-26,"despesa","infraestrutura","energia_e_manutencao",NA,NA,NA,1094.48,1094.48,NA,"geral",NA,"compartilhado",NA,""
"L2022_001265",2022-04-28,"receita","venda_produto","feira_local","HORTA_AVULSO",15.5,"kg",9.22,142.91,"feira_e_csa","horta",NA,"direto",NA,""
"L2022_001270",2022-05-02,"receita","venda_produto","feira_local","HORTA_AVULSO",7.8,"kg",10.24,79.87,"feira_e_csa","horta",NA,"direto",NA,""
"L2022_001268",2022-05-03,"receita","venda_produto","feira_local","HORTA_CESTA",5,"cesta",44.94,224.7,"feira_e_csa","horta",NA,"direto",NA,""
"L2022_001269",2022-05-03,"receita","venda_produto","feira_local","HORTA_AVULSO",10.4,"kg",11.72,121.89,"feira_e_csa","horta",NA,"direto",NA,""
"L2022_002265",2022-05-08,"despesa","manejo","mao_de_obra",NA,NA,NA,6052.77,6052.77,NA,"cafeicultura",NA,"compartilhado",NA,""
"L2022_001271",2022-05-09,"receita","venda_produto","feira_local","HORTA_AVULSO",9,"kg",10.31,92.79,"feira_e_csa","horta",NA,"direto",NA,""
"L2022_001274",2022-05-09,"receita","venda_produto","feira_local","HORTA_CESTA",15,"cesta",37.96,569.4,"feira_e_csa","horta",NA,"direto",NA,""
"L2022_002266",2022-05-11,"despesa","operacao","transporte_e_embalagem",NA,NA,NA,1618.97,1618.97,NA,"beneficiamento",NA,"compartilhado",NA,""
"L2022_001272",2022-05-12,"receita","venda_produto","feira_local","HORTA_CESTA",10,"cesta",43.53,435.3,"feira_e_csa","horta",NA,"direto",NA,""
"L2022_001273",2022-05-12,"receita","venda_produto","feira_local","HORTA_CESTA",13,"cesta",37.3,484.9,"feira_e_csa","horta",NA,"direto",NA,""
"L2022_001276",2022-05-18,"receita","venda_produto","feira_local","HORTA_CESTA",5,"cesta",33.59,167.95,"feira_e_csa","horta",NA,"direto",NA,""
"L2022_001275",2022-05-19,"receita","venda_produto","feira_local","HORTA_AVULSO",14.8,"kg",10.57,156.44,"feira_e_csa","horta",NA,"direto",NA,""
"L2022_002267",2022-05-20,"despesa","manejo","colheita_e_beneficiamento",NA,NA,NA,4645.08,4645.08,NA,"cafeicultura",NA,"compartilhado",NA,""
"L2022_001278",2022-05-25,"receita","venda_produto","feira_local","HORTA_CESTA",7,"cesta",39.62,277.34,"feira_e_csa","horta",NA,"direto",NA,""
"L2022_001277",2022-05-26,"receita","venda_produto","feira_local","HORTA_CESTA",7,"cesta",41.39,289.73,"feira_e_csa","horta",NA,"direto",NA,""
"L2022_002268",2022-05-26,"despesa","infraestrutura","energia_e_manutencao",NA,NA,NA,1064.76,1064.76,NA,"geral",NA,"compartilhado",NA,""
"L2022_001279",2022-05-30,"receita","venda_produto","feira_local","HORTA_CESTA",8,"cesta",43.39,347.12,"feira_e_csa","horta",NA,"direto",NA,""
"L2022_001280",2022-05-30,"receita","venda_produto","feira_local","HORTA_AVULSO",8,"kg",10.04,80.32,"feira_e_csa","horta",NA,"direto",NA,""
"L2022_001281",2022-06-01,"receita","venda_produto","feira_local","HORTA_AVULSO",17.9,"kg",11.01,197.08,"feira_e_csa","horta",NA,"direto",NA,""
"L2022_001282",2022-06-02,"receita","venda_produto","feira_local","HORTA_CESTA",10,"cesta",40.36,403.6,"feira_e_csa","horta",NA,"direto",NA,""
"L2022_001285",2022-06-06,"receita","venda_produto","banana_agroflorestal","BANANA_CAIXA",6,"caixa",48.82,292.92,"feira_e_csa","agrofloresta","T22","direto",NA,""
"L2022_001284",2022-06-08,"receita","venda_produto","feira_local","HORTA_AVULSO",11.8,"kg",9.95,117.41,"feira_e_csa","horta",NA,"direto",NA,""
"L2022_002269",2022-06-08,"despesa","manejo","mao_de_obra",NA,NA,NA,6772.76,6772.76,NA,"cafeicultura",NA,"compartilhado",NA,""
"L2022_001283",2022-06-10,"receita","venda_produto","feira_local","HORTA_AVULSO",10.3,"kg",10.27,105.78,"feira_e_csa","horta",NA,"direto",NA,""
"L2022_002270",2022-06-11,"despesa","operacao","transporte_e_embalagem",NA,NA,NA,1316.51,1316.51,NA,"beneficiamento",NA,"compartilhado",NA,""
"L2022_001288",2022-06-13,"receita","venda_produto","banana_agroflorestal","BANANA_CAIXA",3,"caixa",39.4,118.2,"feira_e_csa","agrofloresta","T25","direto",NA,""
"L2022_001286",2022-06-14,"receita","venda_produto","feira_local","HORTA_CESTA",8,"cesta",45.93,367.44,"feira_e_csa","horta",NA,"direto",NA,""
"L2022_001287",2022-06-17,"receita","venda_produto","feira_local","HORTA_CESTA",10,"cesta",45.93,459.3,"feira_e_csa","horta",NA,"direto",NA,""
"L2022_001289",2022-06-20,"receita","venda_produto","feira_local","HORTA_CESTA",11,"cesta",40.47,445.17,"feira_e_csa","horta",NA,"direto",NA,""
"L2022_001292",2022-06-20,"receita","venda_produto","cafe_torrado","CAF_TORRADO",69,"pacote_250g",21.05,1452.45,"venda_direta","beneficiamento",NA,"direto",NA,""
"L2022_002271",2022-06-20,"despesa","manejo","colheita_e_beneficiamento",NA,NA,NA,4669.67,4669.67,NA,"cafeicultura",NA,"compartilhado",NA,""
"L2022_001290",2022-06-22,"receita","venda_produto","feira_local","HORTA_CESTA",15,"cesta",51.85,777.75,"feira_e_csa","horta",NA,"direto",NA,""
"L2022_001291",2022-06-22,"receita","venda_produto","feira_local","HORTA_CESTA",15,"cesta",39.55,593.25,"feira_e_csa","horta",NA,"direto",NA,""
"L2022_002272",2022-06-26,"despesa","infraestrutura","energia_e_manutencao",NA,NA,NA,949.2,949.2,NA,"geral",NA,"compartilhado",NA,""
"L2022_001295",2022-06-27,"receita","venda_produto","banana_agroflorestal","BANANA_CAIXA",8,"caixa",46.64,373.12,"feira_e_csa","agrofloresta","T17","direto",NA,""
"L2022_001293",2022-06-29,"receita","venda_produto","feira_local","HORTA_CESTA",12,"cesta",45.09,541.08,"feira_e_csa","horta",NA,"direto",NA,""
"L2022_001294",2022-06-30,"receita","venda_produto","feira_local","HORTA_AVULSO",10.6,"kg",9.77,103.56,"feira_e_csa","horta",NA,"direto",NA,""
"L2022_001297",2022-07-04,"receita","venda_produto","feira_local","HORTA_CESTA",7,"cesta",45.19,316.33,"feira_e_csa","horta",NA,"direto",NA,""
"L2022_001296",2022-07-06,"receita","venda_produto","feira_local","HORTA_CESTA",11,"cesta",40.61,446.71,"feira_e_csa","horta",NA,"direto",NA,""
"L2022_001298",2022-07-08,"receita","venda_produto","feira_local","HORTA_CESTA",13,"cesta",45.78,595.14,"feira_e_csa","horta",NA,"direto",NA,""
"L2022_002273",2022-07-08,"despesa","manejo","mao_de_obra",NA,NA,NA,6411.08,6411.08,NA,"cafeicultura",NA,"compartilhado",NA,""
"L2022_001299",2022-07-11,"receita","venda_produto","feira_local","HORTA_AVULSO",11.1,"kg",9.92,110.11,"feira_e_csa","horta",NA,"direto",NA,""
"L2022_001303",2022-07-11,"receita","venda_produto","cafe_torrado","CAF_TORRADO",91,"pacote_250g",24.35,2215.85,"venda_direta","beneficiamento",NA,"direto",NA,""
"L2022_002274",2022-07-11,"despesa","operacao","transporte_e_embalagem",NA,NA,NA,1363.99,1363.99,NA,"beneficiamento",NA,"compartilhado",NA,""
"L2022_001300",2022-07-13,"receita","venda_produto","feira_local","HORTA_CESTA",5,"cesta",41.93,209.65,"feira_e_csa","horta",NA,"direto",NA,""
"L2022_001301",2022-07-14,"receita","venda_produto","feira_local","HORTA_CESTA",6,"cesta",50.63,303.78,"feira_e_csa","horta",NA,"direto",NA,""
"L2022_001302",2022-07-14,"receita","venda_produto","feira_local","HORTA_AVULSO",10.8,"kg",9.63,104,"feira_e_csa","horta",NA,"direto",NA,""
"L2022_001305",2022-07-18,"receita","venda_produto","feira_local","HORTA_AVULSO",23,"kg",10.89,250.47,"feira_e_csa","horta",NA,"direto",NA,""
"L2022_001307",2022-07-18,"receita","venda_produto","banana_agroflorestal","BANANA_CAIXA",5,"caixa",51.28,256.4,"feira_e_csa","agrofloresta","T25","direto",NA,""
"L2022_001308",2022-07-18,"receita","venda_produto","cafe_verde","CAF_SACA",14,"saca_60kg",796.1,11145.4,"cooperativa","cafeicultura","T10","direto",NA,"venda de safra"
"L2022_001309",2022-07-18,"receita","venda_produto","mudas","MUDA",22,"unidade",11.34,249.48,"viveiro","viveiro",NA,"direto",NA,""
"L2022_002275",2022-07-20,"despesa","manejo","colheita_e_beneficiamento",NA,NA,NA,5257.88,5257.88,NA,"cafeicultura",NA,"compartilhado",NA,""
"L2022_001304",2022-07-22,"receita","venda_produto","feira_local","HORTA_CESTA",6,"cesta",47.36,284.16,"feira_e_csa","horta",NA,"direto",NA,""
"L2022_001306",2022-07-22,"receita","venda_produto","feira_local","HORTA_CESTA",9,"cesta",39.07,351.63,"feira_e_csa","horta",NA,"direto",NA,""
"L2022_002276",2022-07-26,"despesa","infraestrutura","energia_e_manutencao",NA,NA,NA,1046.49,1046.49,NA,"geral",NA,"compartilhado",NA,""
"L2022_001311",2022-07-27,"receita","venda_produto","feira_local","HORTA_CESTA",7,"cesta",38.97,272.79,"feira_e_csa","horta",NA,"direto",NA,""
"L2022_001312",2022-07-27,"receita","venda_produto","feira_local","HORTA_AVULSO",27.5,"kg",12.26,337.15,"feira_e_csa","horta",NA,"direto",NA,""
"L2022_001310",2022-07-29,"receita","venda_produto","feira_local","HORTA_CESTA",10,"cesta",35.37,353.7,"feira_e_csa","horta",NA,"direto",NA,""
"L2022_001315",2022-08-01,"receita","venda_produto","feira_local","HORTA_CESTA",11,"cesta",38.19,420.09,"feira_e_csa","horta",NA,"direto",NA,""
"L2022_001317",2022-08-01,"receita","venda_produto","banana_agroflorestal","BANANA_CAIXA",6,"caixa",43.13,258.78,"feira_e_csa","agrofloresta","T06","direto",NA,""
"L2022_001318",2022-08-01,"receita","venda_produto","cafe_torrado","CAF_TORRADO",107,"pacote_250g",17.57,1879.99,"venda_direta","beneficiamento",NA,"direto",NA,""
"L2022_001313",2022-08-02,"receita","venda_produto","feira_local","HORTA_AVULSO",15.5,"kg",10.63,164.77,"feira_e_csa","horta",NA,"direto",NA,""
"L2022_001316",2022-08-02,"receita","venda_produto","feira_local","HORTA_CESTA",13,"cesta",48.33,628.29,"feira_e_csa","horta",NA,"direto",NA,""
"L2022_001314",2022-08-04,"receita","venda_produto","feira_local","HORTA_CESTA",10,"cesta",38.76,387.6,"feira_e_csa","horta",NA,"direto",NA,""
"L2022_001322",2022-08-08,"receita","venda_produto","feira_local","HORTA_CESTA",14,"cesta",37.6,526.4,"feira_e_csa","horta",NA,"direto",NA,""
"L2022_002277",2022-08-08,"despesa","manejo","mao_de_obra",NA,NA,NA,6848.98,6848.98,NA,"cafeicultura",NA,"compartilhado",NA,""
"L2022_001320",2022-08-10,"receita","venda_produto","feira_local","HORTA_CESTA",13,"cesta",46.09,599.17,"feira_e_csa","horta",NA,"direto",NA,""
"L2022_002278",2022-08-11,"despesa","operacao","transporte_e_embalagem",NA,NA,NA,1063.71,1063.71,NA,"beneficiamento",NA,"compartilhado",NA,""
"L2022_001319",2022-08-12,"receita","venda_produto","feira_local","HORTA_AVULSO",11.5,"kg",12.3,141.45,"feira_e_csa","horta",NA,"direto",NA,""
"L2022_001321",2022-08-12,"receita","venda_produto","feira_local","HORTA_CESTA",12,"cesta",30.65,367.8,"feira_e_csa","horta",NA,"direto",NA,""
"L2022_001327",2022-08-15,"receita","venda_produto","cafe_verde","CAF_SACA",13,"saca_60kg",947.3,12314.9,"cooperativa","cafeicultura","T24","direto",NA,"venda de safra"
"L2022_001323",2022-08-18,"receita","venda_produto","feira_local","HORTA_AVULSO",16.7,"kg",9.56,159.65,"feira_e_csa","horta",NA,"direto",NA,""
"L2022_001324",2022-08-18,"receita","venda_produto","feira_local","HORTA_CESTA",6,"cesta",47.01,282.06,"feira_e_csa","horta",NA,"direto",NA,""
"L2022_001325",2022-08-19,"receita","venda_produto","feira_local","HORTA_AVULSO",21.8,"kg",11.01,240.02,"feira_e_csa","horta",NA,"direto",NA,""
"L2022_001326",2022-08-19,"receita","venda_produto","feira_local","HORTA_CESTA",11,"cesta",44.54,489.94,"feira_e_csa","horta",NA,"direto",NA,""
"L2022_001328",2022-08-22,"receita","venda_produto","feira_local","HORTA_CESTA",8,"cesta",42.25,338,"feira_e_csa","horta",NA,"direto",NA,""
"L2022_001329",2022-08-22,"receita","venda_produto","feira_local","HORTA_CESTA",12,"cesta",43.24,518.88,"feira_e_csa","horta",NA,"direto",NA,""
"L2022_001330",2022-08-22,"receita","venda_produto","mudas","MUDA",34,"unidade",12.26,416.84,"viveiro","viveiro",NA,"direto",NA,""
"L2022_002279",2022-08-26,"despesa","infraestrutura","energia_e_manutencao",NA,NA,NA,1051.01,1051.01,NA,"geral",NA,"compartilhado",NA,""
"L2022_001333",2022-08-29,"receita","venda_produto","feira_local","HORTA_CESTA",9,"cesta",41.91,377.19,"feira_e_csa","horta",NA,"direto",NA,""
"L2022_001334",2022-08-29,"receita","venda_produto","feira_local","HORTA_CESTA",9,"cesta",41.88,376.92,"feira_e_csa","horta",NA,"direto",NA,""
"L2022_001335",2022-08-29,"receita","venda_produto","cafe_verde","CAF_SACA",16,"saca_60kg",874.97,13999.52,"cooperativa","cafeicultura","T29","direto",NA,"venda de safra"
"L2022_001336",2022-08-29,"receita","venda_produto","cafe_torrado","CAF_TORRADO",59,"pacote_250g",21.21,1251.39,"venda_direta","beneficiamento",NA,"direto",NA,""
"L2022_001332",2022-08-30,"receita","venda_produto","feira_local","HORTA_CESTA",12,"cesta",36.26,435.12,"feira_e_csa","horta",NA,"direto",NA,""
"L2022_001331",2022-08-31,"receita","venda_produto","feira_local","HORTA_CESTA",13,"cesta",41.23,535.99,"feira_e_csa","horta",NA,"direto",NA,""
"L2022_001339",2022-09-05,"receita","venda_produto","cafe_verde","CAF_SACA",12,"saca_60kg",906.17,10874.04,"cooperativa","cafeicultura","T10","direto",NA,"venda de safra"
"L2022_001340",2022-09-05,"receita","venda_produto","cafe_torrado","CAF_TORRADO",71,"pacote_250g",19.19,1362.49,"venda_direta","beneficiamento",NA,"direto",NA,""
"L2022_001337",2022-09-08,"receita","venda_produto","feira_local","HORTA_CESTA",10,"cesta",49.22,492.2,"feira_e_csa","horta",NA,"direto",NA,""
"L2022_002280",2022-09-08,"despesa","manejo","mao_de_obra",NA,NA,NA,6125.17,6125.17,NA,"cafeicultura",NA,"compartilhado",NA,""
"L2022_001338",2022-09-09,"receita","venda_produto","feira_local","HORTA_CESTA",15,"cesta",45.96,689.4,"feira_e_csa","horta",NA,"direto",NA,""
"L2022_002281",2022-09-11,"despesa","operacao","transporte_e_embalagem",NA,NA,NA,1575.03,1575.03,NA,"beneficiamento",NA,"compartilhado",NA,""
"L2022_001341",2022-09-12,"receita","venda_produto","feira_local","HORTA_CESTA",11,"cesta",39,429,"feira_e_csa","horta",NA,"direto",NA,""
"L2022_001342",2022-09-12,"receita","venda_produto","feira_local","HORTA_CESTA",10,"cesta",45.15,451.5,"feira_e_csa","horta",NA,"direto",NA,""
"L2022_001343",2022-09-12,"receita","venda_produto","feira_local","HORTA_CESTA",14,"cesta",36.79,515.06,"feira_e_csa","horta",NA,"direto",NA,""
"L2022_001344",2022-09-12,"receita","venda_produto","cafe_verde","CAF_SACA",23,"saca_60kg",752.15,17299.45,"cooperativa","cafeicultura","T16","direto",NA,"venda de safra"
"L2022_002282",2022-09-16,"despesa","insumo","composto_e_cobertura",NA,NA,NA,7820.73,7820.73,NA,"cafeicultura",NA,"compartilhado",NA,""
"L2022_001347",2022-09-19,"receita","venda_produto","feira_local","HORTA_CESTA",15,"cesta",36.63,549.45,"feira_e_csa","horta",NA,"direto",NA,""
"L2022_001349",2022-09-19,"receita","venda_produto","cafe_verde","CAF_SACA",11,"saca_60kg",831.17,9142.87,"cooperativa","cafeicultura","T18","direto",NA,"venda de safra"
"L2022_001350",2022-09-19,"receita","venda_produto","cafe_torrado","CAF_TORRADO",57,"pacote_250g",20.37,1161.09,"venda_direta","beneficiamento",NA,"direto",NA,""
"L2022_001345",2022-09-21,"receita","venda_produto","feira_local","HORTA_AVULSO",27.9,"kg",10.17,283.74,"feira_e_csa","horta",NA,"direto",NA,""
"L2022_001348",2022-09-22,"receita","venda_produto","feira_local","HORTA_CESTA",12,"cesta",43.2,518.4,"feira_e_csa","horta",NA,"direto",NA,""
"L2022_001346",2022-09-23,"receita","venda_produto","feira_local","HORTA_AVULSO",18.4,"kg",7.82,143.89,"feira_e_csa","horta",NA,"direto",NA,""
"L2022_001353",2022-09-26,"receita","venda_produto","banana_agroflorestal","BANANA_CAIXA",9,"caixa",51.22,460.98,"feira_e_csa","agrofloresta","T35","direto",NA,""
"L2022_001354",2022-09-26,"receita","venda_produto","cafe_torrado","CAF_TORRADO",104,"pacote_250g",21.84,2271.36,"venda_direta","beneficiamento",NA,"direto",NA,""
"L2022_002283",2022-09-26,"despesa","infraestrutura","energia_e_manutencao",NA,NA,NA,930.28,930.28,NA,"geral",NA,"compartilhado",NA,""
"L2022_001352",2022-09-27,"receita","venda_produto","feira_local","HORTA_CESTA",13,"cesta",44.18,574.34,"feira_e_csa","horta",NA,"direto",NA,""
"L2022_001351",2022-09-30,"receita","venda_produto","feira_local","HORTA_CESTA",10,"cesta",42.26,422.6,"feira_e_csa","horta",NA,"direto",NA,""
"L2022_001355",2022-10-04,"receita","venda_produto","feira_local","HORTA_CESTA",8,"cesta",47.13,377.04,"feira_e_csa","horta",NA,"direto",NA,""
"L2022_001356",2022-10-06,"receita","venda_produto","feira_local","HORTA_CESTA",15,"cesta",42.87,643.05,"feira_e_csa","horta",NA,"direto",NA,""
"L2022_001357",2022-10-07,"receita","venda_produto","feira_local","HORTA_CESTA",13,"cesta",36.77,478.01,"feira_e_csa","horta",NA,"direto",NA,""
"L2022_002284",2022-10-08,"despesa","manejo","mao_de_obra",NA,NA,NA,6309.92,6309.92,NA,"cafeicultura",NA,"compartilhado",NA,""
"L2022_001360",2022-10-10,"receita","venda_produto","feira_local","HORTA_AVULSO",24.7,"kg",12.29,303.56,"feira_e_csa","horta",NA,"direto",NA,""
"L2022_001361",2022-10-10,"receita","venda_produto","cafe_verde","CAF_SACA",23,"saca_60kg",1006.55,23150.65,"cooperativa","cafeicultura","T18","direto",NA,"venda de safra"
"L2022_001358",2022-10-11,"receita","venda_produto","feira_local","HORTA_CESTA",13,"cesta",35.38,459.94,"feira_e_csa","horta",NA,"direto",NA,""
"L2022_002285",2022-10-11,"despesa","operacao","transporte_e_embalagem",NA,NA,NA,1357.04,1357.04,NA,"beneficiamento",NA,"compartilhado",NA,""
"L2022_001359",2022-10-12,"receita","venda_produto","feira_local","HORTA_CESTA",8,"cesta",44.21,353.68,"feira_e_csa","horta",NA,"direto",NA,""
"L2022_002286",2022-10-16,"despesa","insumo","composto_e_cobertura",NA,NA,NA,7810.27,7810.27,NA,"cafeicultura",NA,"compartilhado",NA,""
"L2022_001365",2022-10-17,"receita","venda_produto","cafe_verde","CAF_SACA",8,"saca_60kg",791.33,6330.64,"cooperativa","cafeicultura","T33","direto",NA,"venda de safra"
"L2022_001362",2022-10-18,"receita","venda_produto","feira_local","HORTA_AVULSO",8.9,"kg",9.87,87.84,"feira_e_csa","horta",NA,"direto",NA,""
"L2022_001363",2022-10-19,"receita","venda_produto","feira_local","HORTA_AVULSO",22.2,"kg",10.45,231.99,"feira_e_csa","horta",NA,"direto",NA,""
"L2022_001364",2022-10-21,"receita","venda_produto","feira_local","HORTA_AVULSO",8.7,"kg",9.83,85.52,"feira_e_csa","horta",NA,"direto",NA,""
"L2022_001367",2022-10-24,"receita","venda_produto","feira_local","HORTA_CESTA",12,"cesta",41,492,"feira_e_csa","horta",NA,"direto",NA,""
"L2022_001368",2022-10-24,"receita","venda_produto","banana_agroflorestal","BANANA_CAIXA",10,"caixa",50.34,503.4,"feira_e_csa","agrofloresta","T27","direto",NA,""
"L2022_002287",2022-10-26,"despesa","infraestrutura","energia_e_manutencao",NA,NA,NA,969.46,969.46,NA,"geral",NA,"compartilhado",NA,""
"L2022_001366",2022-10-27,"receita","venda_produto","feira_local","HORTA_CESTA",6,"cesta",44.43,266.58,"feira_e_csa","horta",NA,"direto",NA,""
"L2022_001373",2022-10-31,"receita","venda_produto","cafe_verde","CAF_SACA",20,"saca_60kg",766.67,15333.4,"cooperativa","cafeicultura","T24","direto",NA,"venda de safra"
"L2022_001372",2022-11-02,"receita","venda_produto","feira_local","HORTA_CESTA",13,"cesta",40.43,525.59,"feira_e_csa","horta",NA,"direto",NA,""
"L2022_001369",2022-11-03,"receita","venda_produto","feira_local","HORTA_CESTA",5,"cesta",40.77,203.85,"feira_e_csa","horta",NA,"direto",NA,""
"L2022_001371",2022-11-03,"receita","venda_produto","feira_local","HORTA_CESTA",5,"cesta",43.16,215.8,"feira_e_csa","horta",NA,"direto",NA,""
"L2022_001370",2022-11-04,"receita","venda_produto","feira_local","HORTA_CESTA",13,"cesta",34.52,448.76,"feira_e_csa","horta",NA,"direto",NA,""
"L2022_001376",2022-11-07,"receita","venda_produto","feira_local","HORTA_CESTA",15,"cesta",44.31,664.65,"feira_e_csa","horta",NA,"direto",NA,""
"L2022_002288",2022-11-08,"despesa","manejo","mao_de_obra",NA,NA,NA,7514.49,7514.49,NA,"cafeicultura",NA,"compartilhado",NA,""
"L2022_001374",2022-11-09,"receita","venda_produto","feira_local","HORTA_AVULSO",20.1,"kg",13.08,262.91,"feira_e_csa","horta",NA,"direto",NA,""
"L2022_001375",2022-11-10,"receita","venda_produto","feira_local","HORTA_AVULSO",25.2,"kg",12.22,307.94,"feira_e_csa","horta",NA,"direto",NA,""
"L2022_002289",2022-11-11,"despesa","operacao","transporte_e_embalagem",NA,NA,NA,1181.19,1181.19,NA,"beneficiamento",NA,"compartilhado",NA,""
"L2022_001380",2022-11-14,"receita","venda_produto","banana_agroflorestal","BANANA_CAIXA",6,"caixa",44.14,264.84,"feira_e_csa","agrofloresta","T14","direto",NA,""
"L2022_001381",2022-11-14,"receita","venda_produto","cafe_torrado","CAF_TORRADO",96,"pacote_250g",20.01,1920.96,"venda_direta","beneficiamento",NA,"direto",NA,""
"L2022_001377",2022-11-15,"receita","venda_produto","feira_local","HORTA_AVULSO",17.6,"kg",11.54,203.1,"feira_e_csa","horta",NA,"direto",NA,""
"L2022_001379",2022-11-15,"receita","venda_produto","feira_local","HORTA_CESTA",15,"cesta",49.61,744.15,"feira_e_csa","horta",NA,"direto",NA,""
"L2022_001378",2022-11-18,"receita","venda_produto","feira_local","HORTA_AVULSO",23.5,"kg",10.34,242.99,"feira_e_csa","horta",NA,"direto",NA,""
"L2022_001385",2022-11-21,"receita","venda_produto","banana_agroflorestal","BANANA_CAIXA",9,"caixa",52.75,474.75,"feira_e_csa","agrofloresta","T31","direto",NA,""
"L2022_001384",2022-11-23,"receita","venda_produto","feira_local","HORTA_AVULSO",17.4,"kg",9.3,161.82,"feira_e_csa","horta",NA,"direto",NA,""
"L2022_001382",2022-11-25,"receita","venda_produto","feira_local","HORTA_CESTA",15,"cesta",52.18,782.7,"feira_e_csa","horta",NA,"direto",NA,""
"L2022_001383",2022-11-25,"receita","venda_produto","feira_local","HORTA_AVULSO",7.8,"kg",9.06,70.67,"feira_e_csa","horta",NA,"direto",NA,""
"L2022_002290",2022-11-26,"despesa","infraestrutura","energia_e_manutencao",NA,NA,NA,985.4,985.4,NA,"geral",NA,"compartilhado",NA,""
"L2022_001386",2022-11-28,"receita","venda_produto","feira_local","HORTA_CESTA",13,"cesta",37.62,489.06,"feira_e_csa","horta",NA,"direto",NA,""
"L2022_001390",2022-11-28,"receita","venda_produto","banana_agroflorestal","BANANA_CAIXA",8,"caixa",48.79,390.32,"feira_e_csa","agrofloresta","T29","direto",NA,""
"L2022_001391",2022-11-28,"receita","venda_produto","cafe_torrado","CAF_TORRADO",109,"pacote_250g",19.03,2074.27,"venda_direta","beneficiamento",NA,"direto",NA,""
"L2022_001387",2022-11-29,"receita","venda_produto","feira_local","HORTA_AVULSO",22.3,"kg",10.78,240.39,"feira_e_csa","horta",NA,"direto",NA,""
"L2022_001389",2022-11-29,"receita","venda_produto","feira_local","HORTA_CESTA",9,"cesta",41.28,371.52,"feira_e_csa","horta",NA,"direto",NA,""
"L2022_001388",2022-11-30,"receita","venda_produto","feira_local","HORTA_CESTA",14,"cesta",48.56,679.84,"feira_e_csa","horta",NA,"direto",NA,""
"L2022_001393",2022-12-05,"receita","venda_produto","feira_local","HORTA_AVULSO",17.1,"kg",10.25,175.28,"feira_e_csa","horta",NA,"direto",NA,""
"L2022_001396",2022-12-05,"receita","venda_produto","banana_agroflorestal","BANANA_CAIXA",6,"caixa",36.22,217.32,"feira_e_csa","agrofloresta","T06","direto",NA,""
"L2022_001394",2022-12-08,"receita","venda_produto","feira_local","HORTA_CESTA",14,"cesta",36.67,513.38,"feira_e_csa","horta",NA,"direto",NA,""
"L2022_001395",2022-12-08,"receita","venda_produto","feira_local","HORTA_CESTA",5,"cesta",38.89,194.45,"feira_e_csa","horta",NA,"direto",NA,""
"L2022_002291",2022-12-08,"despesa","manejo","mao_de_obra",NA,NA,NA,6373.8,6373.8,NA,"cafeicultura",NA,"compartilhado",NA,""
"L2022_001392",2022-12-09,"receita","venda_produto","feira_local","HORTA_AVULSO",13.3,"kg",11.4,151.62,"feira_e_csa","horta",NA,"direto",NA,""
"L2022_002292",2022-12-11,"despesa","operacao","transporte_e_embalagem",NA,NA,NA,1266.86,1266.86,NA,"beneficiamento",NA,"compartilhado",NA,""
"L2022_001397",2022-12-12,"receita","venda_produto","feira_local","HORTA_CESTA",7,"cesta",45.59,319.13,"feira_e_csa","horta",NA,"direto",NA,""
"L2022_001398",2022-12-12,"receita","venda_produto","feira_local","HORTA_AVULSO",27.9,"kg",12.91,360.19,"feira_e_csa","horta",NA,"direto",NA,""
"L2022_001401",2022-12-19,"receita","venda_produto","banana_agroflorestal","BANANA_CAIXA",6,"caixa",52.46,314.76,"feira_e_csa","agrofloresta","T31","direto",NA,""
"L2022_001402",2022-12-19,"receita","venda_produto","mel","MEL_POTE",80,"pote_300g",23.71,1896.8,"feira_local","meliponicultura",NA,"direto",NA,""
"L2022_001399",2022-12-21,"receita","venda_produto","feira_local","HORTA_CESTA",5,"cesta",36.31,181.55,"feira_e_csa","horta",NA,"direto",NA,""
"L2022_001400",2022-12-21,"receita","venda_produto","feira_local","HORTA_CESTA",15,"cesta",37.14,557.1,"feira_e_csa","horta",NA,"direto",NA,""
"L2022_001405",2022-12-26,"receita","venda_produto","banana_agroflorestal","BANANA_CAIXA",10,"caixa",59.17,591.7,"feira_e_csa","agrofloresta","T27","direto",NA,""
"L2022_002293",2022-12-26,"despesa","infraestrutura","energia_e_manutencao",NA,NA,NA,929.89,929.89,NA,"geral",NA,"compartilhado",NA,""
"L2022_001403",2022-12-29,"receita","venda_produto","feira_local","HORTA_CESTA",13,"cesta",41.5,539.5,"feira_e_csa","horta",NA,"direto",NA,""
"L2022_001404",2022-12-30,"receita","venda_produto","feira_local","HORTA_CESTA",6,"cesta",44.49,266.94,"feira_e_csa","horta",NA,"direto",NA,""
"L2023_001407",2023-01-02,"receita","venda_produto","feira_local","HORTA_AVULSO",25.2,"kg",11.92,300.38,"feira_e_csa","horta",NA,"direto",NA,""
"L2023_001408",2023-01-03,"receita","venda_produto","feira_local","HORTA_AVULSO",20,"kg",11.61,232.2,"feira_e_csa","horta",NA,"direto",NA,""
"L2023_001406",2023-01-05,"receita","venda_produto","feira_local","HORTA_CESTA",10,"cesta",37.34,373.4,"feira_e_csa","horta",NA,"direto",NA,""
"L2023_001409",2023-01-05,"receita","venda_produto","feira_local","HORTA_AVULSO",21.7,"kg",10.24,222.21,"feira_e_csa","horta",NA,"direto",NA,""
"L2023_002294",2023-01-08,"despesa","manejo","mao_de_obra",NA,NA,NA,5878.93,5878.93,NA,"cafeicultura",NA,"compartilhado",NA,""
"L2023_001412",2023-01-09,"receita","venda_produto","feira_local","HORTA_CESTA",6,"cesta",42.58,255.48,"feira_e_csa","horta",NA,"direto",NA,""
"L2023_001413",2023-01-09,"receita","venda_produto","banana_agroflorestal","BANANA_CAIXA",5,"caixa",44.31,221.55,"feira_e_csa","agrofloresta","T31","direto",NA,""
"L2023_001411",2023-01-10,"receita","venda_produto","feira_local","HORTA_AVULSO",14.1,"kg",10.2,143.82,"feira_e_csa","horta",NA,"direto",NA,""
"L2023_002295",2023-01-11,"despesa","operacao","transporte_e_embalagem",NA,NA,NA,1213.48,1213.48,NA,"beneficiamento",NA,"compartilhado",NA,""
"L2023_001410",2023-01-13,"receita","venda_produto","feira_local","HORTA_CESTA",8,"cesta",40.7,325.6,"feira_e_csa","horta",NA,"direto",NA,""
"L2023_001414",2023-01-18,"receita","venda_produto","feira_local","HORTA_CESTA",11,"cesta",42.96,472.56,"feira_e_csa","horta",NA,"direto",NA,""
"L2023_001415",2023-01-18,"receita","venda_produto","feira_local","HORTA_AVULSO",21.6,"kg",9.23,199.37,"feira_e_csa","horta",NA,"direto",NA,""
"L2023_001417",2023-01-23,"receita","venda_produto","feira_local","HORTA_AVULSO",25.4,"kg",11.71,297.43,"feira_e_csa","horta",NA,"direto",NA,""
"L2023_001419",2023-01-23,"receita","venda_produto","banana_agroflorestal","BANANA_CAIXA",6,"caixa",52.34,314.04,"feira_e_csa","agrofloresta","T22","direto",NA,""
"L2023_002296",2023-01-26,"despesa","infraestrutura","energia_e_manutencao",NA,NA,NA,1006.16,1006.16,NA,"geral",NA,"compartilhado",NA,""
"L2023_001416",2023-01-27,"receita","venda_produto","feira_local","HORTA_AVULSO",7.2,"kg",9.11,65.59,"feira_e_csa","horta",NA,"direto",NA,""
"L2023_001418",2023-01-27,"receita","venda_produto","feira_local","HORTA_CESTA",8,"cesta",38.8,310.4,"feira_e_csa","horta",NA,"direto",NA,""
"L2023_001424",2023-01-30,"receita","venda_produto","banana_agroflorestal","BANANA_CAIXA",7,"caixa",45.78,320.46,"feira_e_csa","agrofloresta","T35","direto",NA,""
"L2023_001423",2023-01-31,"receita","venda_produto","feira_local","HORTA_CESTA",8,"cesta",36.35,290.8,"feira_e_csa","horta",NA,"direto",NA,""
"L2023_001421",2023-02-02,"receita","venda_produto","feira_local","HORTA_CESTA",7,"cesta",42.66,298.62,"feira_e_csa","horta",NA,"direto",NA,""
"L2023_001422",2023-02-02,"receita","venda_produto","feira_local","HORTA_AVULSO",16.8,"kg",10.89,182.95,"feira_e_csa","horta",NA,"direto",NA,""
"L2023_001420",2023-02-03,"receita","venda_produto","feira_local","HORTA_AVULSO",24.1,"kg",9.76,235.22,"feira_e_csa","horta",NA,"direto",NA,""
"L2023_001427",2023-02-06,"receita","venda_produto","mudas","MUDA",40,"unidade",11.57,462.8,"viveiro","viveiro",NA,"direto",NA,""
"L2023_001426",2023-02-07,"receita","venda_produto","feira_local","HORTA_CESTA",10,"cesta",39.31,393.1,"feira_e_csa","horta",NA,"direto",NA,""
"L2023_002297",2023-02-08,"despesa","manejo","mao_de_obra",NA,NA,NA,5066.34,5066.34,NA,"cafeicultura",NA,"compartilhado",NA,""
"L2023_001425",2023-02-09,"receita","venda_produto","feira_local","HORTA_CESTA",11,"cesta",39.19,431.09,"feira_e_csa","horta",NA,"direto",NA,""
"L2023_002298",2023-02-11,"despesa","operacao","transporte_e_embalagem",NA,NA,NA,1230.67,1230.67,NA,"beneficiamento",NA,"compartilhado",NA,""
"L2023_001430",2023-02-13,"receita","venda_produto","feira_local","HORTA_CESTA",8,"cesta",39.92,319.36,"feira_e_csa","horta",NA,"direto",NA,""
"L2023_001432",2023-02-13,"receita","venda_produto","mel","MEL_POTE",66,"pote_300g",23.37,1542.42,"feira_local","meliponicultura",NA,"direto",NA,""
"L2023_001431",2023-02-14,"receita","venda_produto","feira_local","HORTA_CESTA",14,"cesta",42.43,594.02,"feira_e_csa","horta",NA,"direto",NA,""
"L2023_001428",2023-02-15,"receita","venda_produto","feira_local","HORTA_AVULSO",26.7,"kg",10.45,279.02,"feira_e_csa","horta",NA,"direto",NA,""
"L2023_001429",2023-02-16,"receita","venda_produto","feira_local","HORTA_AVULSO",17,"kg",9.92,168.64,"feira_e_csa","horta",NA,"direto",NA,""
"L2023_002299",2023-02-16,"despesa","insumo","composto_e_cobertura",NA,NA,NA,8381.51,8381.51,NA,"cafeicultura",NA,"compartilhado",NA,""
"L2023_001433",2023-02-20,"receita","venda_produto","feira_local","HORTA_CESTA",13,"cesta",44.61,579.93,"feira_e_csa","horta",NA,"direto",NA,""
"L2023_001435",2023-02-20,"receita","venda_produto","feira_local","HORTA_CESTA",5,"cesta",44.22,221.1,"feira_e_csa","horta",NA,"direto",NA,""
"L2023_001434",2023-02-23,"receita","venda_produto","feira_local","HORTA_CESTA",15,"cesta",36.24,543.6,"feira_e_csa","horta",NA,"direto",NA,""
"L2023_002300",2023-02-26,"despesa","infraestrutura","energia_e_manutencao",NA,NA,NA,1014.61,1014.61,NA,"geral",NA,"compartilhado",NA,""
"L2023_001439",2023-02-27,"receita","venda_produto","banana_agroflorestal","BANANA_CAIXA",6,"caixa",53.61,321.66,"feira_e_csa","agrofloresta","T30","direto",NA,""
"L2023_001436",2023-02-28,"receita","venda_produto","feira_local","HORTA_CESTA",11,"cesta",49.28,542.08,"feira_e_csa","horta",NA,"direto",NA,""
"L2023_001438",2023-02-28,"receita","venda_produto","feira_local","HORTA_CESTA",5,"cesta",44.86,224.3,"feira_e_csa","horta",NA,"direto",NA,""
"L2023_001437",2023-03-01,"receita","venda_produto","feira_local","HORTA_CESTA",13,"cesta",38.26,497.38,"feira_e_csa","horta",NA,"direto",NA,""
"L2023_001442",2023-03-06,"receita","venda_produto","banana_agroflorestal","BANANA_CAIXA",4,"caixa",47.68,190.72,"feira_e_csa","agrofloresta","T14","direto",NA,""
"L2023_001440",2023-03-07,"receita","venda_produto","feira_local","HORTA_CESTA",15,"cesta",40.63,609.45,"feira_e_csa","horta",NA,"direto",NA,""
"L2023_002301",2023-03-08,"despesa","manejo","mao_de_obra",NA,NA,NA,4893.92,4893.92,NA,"cafeicultura",NA,"compartilhado",NA,""
"L2023_001441",2023-03-10,"receita","venda_produto","feira_local","HORTA_AVULSO",17.5,"kg",9.03,158.02,"feira_e_csa","horta",NA,"direto",NA,""
"L2023_002302",2023-03-11,"despesa","operacao","transporte_e_embalagem",NA,NA,NA,1098.14,1098.14,NA,"beneficiamento",NA,"compartilhado",NA,""
"L2023_001445",2023-03-13,"receita","venda_produto","feira_local","HORTA_CESTA",8,"cesta",38.28,306.24,"feira_e_csa","horta",NA,"direto",NA,""
"L2023_001447",2023-03-13,"receita","venda_produto","banana_agroflorestal","BANANA_CAIXA",4,"caixa",46.38,185.52,"feira_e_csa","agrofloresta","T13","direto",NA,""
"L2023_001444",2023-03-14,"receita","venda_produto","feira_local","HORTA_AVULSO",13.6,"kg",12.16,165.38,"feira_e_csa","horta",NA,"direto",NA,""
"L2023_001446",2023-03-15,"receita","venda_produto","feira_local","HORTA_CESTA",9,"cesta",46.45,418.05,"feira_e_csa","horta",NA,"direto",NA,""
"L2023_002303",2023-03-16,"despesa","insumo","composto_e_cobertura",NA,NA,NA,8108.01,8108.01,NA,"cafeicultura",NA,"compartilhado",NA,""
"L2023_001443",2023-03-17,"receita","venda_produto","feira_local","HORTA_CESTA",10,"cesta",50.85,508.5,"feira_e_csa","horta",NA,"direto",NA,""
"L2023_001450",2023-03-20,"receita","venda_produto","banana_agroflorestal","BANANA_CAIXA",8,"caixa",47.25,378,"feira_e_csa","agrofloresta","T09","direto",NA,""
"L2023_001448",2023-03-21,"receita","venda_produto","feira_local","HORTA_CESTA",7,"cesta",40.55,283.85,"feira_e_csa","horta",NA,"direto",NA,""
"L2023_001449",2023-03-24,"receita","venda_produto","feira_local","HORTA_CESTA",13,"cesta",49.66,645.58,"feira_e_csa","horta",NA,"direto",NA,""
"L2023_002304",2023-03-26,"despesa","infraestrutura","energia_e_manutencao",NA,NA,NA,967.38,967.38,NA,"geral",NA,"compartilhado",NA,""
"L2023_001454",2023-03-27,"receita","venda_produto","feira_local","HORTA_CESTA",15,"cesta",45.96,689.4,"feira_e_csa","horta",NA,"direto",NA,""
"L2023_001453",2023-03-28,"receita","venda_produto","feira_local","HORTA_CESTA",14,"cesta",38.98,545.72,"feira_e_csa","horta",NA,"direto",NA,""
"L2023_001452",2023-03-30,"receita","venda_produto","feira_local","HORTA_CESTA",6,"cesta",41.82,250.92,"feira_e_csa","horta",NA,"direto",NA,""
"L2023_001451",2023-03-31,"receita","venda_produto","feira_local","HORTA_CESTA",6,"cesta",43.94,263.64,"feira_e_csa","horta",NA,"direto",NA,""
"L2023_001455",2023-04-03,"receita","venda_produto","feira_local","HORTA_CESTA",11,"cesta",38.63,424.93,"feira_e_csa","horta",NA,"direto",NA,""
"L2023_001459",2023-04-03,"receita","venda_produto","banana_agroflorestal","BANANA_CAIXA",4,"caixa",49.8,199.2,"feira_e_csa","agrofloresta","T30","direto",NA,""
"L2023_001458",2023-04-04,"receita","venda_produto","feira_local","HORTA_AVULSO",25.6,"kg",10.24,262.14,"feira_e_csa","horta",NA,"direto",NA,""
"L2023_001456",2023-04-06,"receita","venda_produto","feira_local","HORTA_AVULSO",13.6,"kg",10.83,147.29,"feira_e_csa","horta",NA,"direto",NA,""
"L2023_001457",2023-04-06,"receita","venda_produto","feira_local","HORTA_CESTA",15,"cesta",40.56,608.4,"feira_e_csa","horta",NA,"direto",NA,""
"L2023_002305",2023-04-08,"despesa","manejo","mao_de_obra",NA,NA,NA,6817.14,6817.14,NA,"cafeicultura",NA,"compartilhado",NA,""
"L2023_001460",2023-04-10,"receita","venda_produto","feira_local","HORTA_AVULSO",21.8,"kg",11.64,253.75,"feira_e_csa","horta",NA,"direto",NA,""
"L2023_002306",2023-04-11,"despesa","operacao","transporte_e_embalagem",NA,NA,NA,1235.02,1235.02,NA,"beneficiamento",NA,"compartilhado",NA,""
"L2023_001461",2023-04-14,"receita","venda_produto","feira_local","HORTA_CESTA",12,"cesta",40.69,488.28,"feira_e_csa","horta",NA,"direto",NA,""
"L2023_001462",2023-04-14,"receita","venda_produto","feira_local","HORTA_CESTA",8,"cesta",38.93,311.44,"feira_e_csa","horta",NA,"direto",NA,""
"L2023_001463",2023-04-17,"receita","venda_produto","feira_local","HORTA_CESTA",13,"cesta",35.75,464.75,"feira_e_csa","horta",NA,"direto",NA,""
"L2023_001464",2023-04-17,"receita","venda_produto","feira_local","HORTA_CESTA",14,"cesta",43.73,612.22,"feira_e_csa","horta",NA,"direto",NA,""
"L2023_001465",2023-04-19,"receita","venda_produto","feira_local","HORTA_AVULSO",17.3,"kg",9.56,165.39,"feira_e_csa","horta",NA,"direto",NA,""
"L2023_001467",2023-04-24,"receita","venda_produto","feira_local","HORTA_AVULSO",23.6,"kg",11.4,269.04,"feira_e_csa","horta",NA,"direto",NA,""
"L2023_001466",2023-04-26,"receita","venda_produto","feira_local","HORTA_CESTA",14,"cesta",43.2,604.8,"feira_e_csa","horta",NA,"direto",NA,""
"L2023_002307",2023-04-26,"despesa","infraestrutura","energia_e_manutencao",NA,NA,NA,1076.86,1076.86,NA,"geral",NA,"compartilhado",NA,""
"L2023_001468",2023-05-01,"receita","venda_produto","feira_local","HORTA_AVULSO",27.7,"kg",12.14,336.28,"feira_e_csa","horta",NA,"direto",NA,""
"L2023_001469",2023-05-05,"receita","venda_produto","feira_local","HORTA_AVULSO",16.4,"kg",11.43,187.45,"feira_e_csa","horta",NA,"direto",NA,""
"L2023_002308",2023-05-08,"despesa","manejo","mao_de_obra",NA,NA,NA,6238.63,6238.63,NA,"cafeicultura",NA,"compartilhado",NA,""
"L2023_001471",2023-05-10,"receita","venda_produto","feira_local","HORTA_AVULSO",24.4,"kg",10.6,258.64,"feira_e_csa","horta",NA,"direto",NA,""
"L2023_001472",2023-05-11,"receita","venda_produto","feira_local","HORTA_CESTA",9,"cesta",47.85,430.65,"feira_e_csa","horta",NA,"direto",NA,""
"L2023_002309",2023-05-11,"despesa","operacao","transporte_e_embalagem",NA,NA,NA,1505.11,1505.11,NA,"beneficiamento",NA,"compartilhado",NA,""
"L2023_001470",2023-05-12,"receita","venda_produto","feira_local","HORTA_AVULSO",23.1,"kg",8.1,187.11,"feira_e_csa","horta",NA,"direto",NA,""
"L2023_001473",2023-05-17,"receita","venda_produto","feira_local","HORTA_CESTA",6,"cesta",47.74,286.44,"feira_e_csa","horta",NA,"direto",NA,""
"L2023_001475",2023-05-17,"receita","venda_produto","feira_local","HORTA_CESTA",8,"cesta",34.76,278.08,"feira_e_csa","horta",NA,"direto",NA,""
"L2023_001474",2023-05-19,"receita","venda_produto","feira_local","HORTA_CESTA",7,"cesta",42.47,297.29,"feira_e_csa","horta",NA,"direto",NA,""
"L2023_002310",2023-05-20,"despesa","manejo","colheita_e_beneficiamento",NA,NA,NA,5772.52,5772.52,NA,"cafeicultura",NA,"compartilhado",NA,""
"L2023_001477",2023-05-22,"receita","venda_produto","feira_local","HORTA_CESTA",9,"cesta",44.87,403.83,"feira_e_csa","horta",NA,"direto",NA,""
"L2023_001478",2023-05-22,"receita","venda_produto","feira_local","HORTA_CESTA",15,"cesta",49.75,746.25,"feira_e_csa","horta",NA,"direto",NA,""
"L2023_001476",2023-05-24,"receita","venda_produto","feira_local","HORTA_CESTA",8,"cesta",40.18,321.44,"feira_e_csa","horta",NA,"direto",NA,""
"L2023_002311",2023-05-26,"despesa","infraestrutura","energia_e_manutencao",NA,NA,NA,1056.07,1056.07,NA,"geral",NA,"compartilhado",NA,""
"L2023_001482",2023-05-30,"receita","venda_produto","feira_local","HORTA_AVULSO",8.3,"kg",10.35,85.9,"feira_e_csa","horta",NA,"direto",NA,""
"L2023_001479",2023-05-31,"receita","venda_produto","feira_local","HORTA_AVULSO",13.4,"kg",8.71,116.71,"feira_e_csa","horta",NA,"direto",NA,""
"L2023_001480",2023-05-31,"receita","venda_produto","feira_local","HORTA_AVULSO",20,"kg",10.19,203.8,"feira_e_csa","horta",NA,"direto",NA,""
"L2023_001481",2023-06-01,"receita","venda_produto","feira_local","HORTA_AVULSO",23.9,"kg",10.91,260.75,"feira_e_csa","horta",NA,"direto",NA,""
"L2023_001483",2023-06-05,"receita","venda_produto","feira_local","HORTA_CESTA",15,"cesta",31.9,478.5,"feira_e_csa","horta",NA,"direto",NA,""
"L2023_001485",2023-06-06,"receita","venda_produto","feira_local","HORTA_CESTA",10,"cesta",39.32,393.2,"feira_e_csa","horta",NA,"direto",NA,""
"L2023_001486",2023-06-07,"receita","venda_produto","feira_local","HORTA_AVULSO",17,"kg",11.11,188.87,"feira_e_csa","horta",NA,"direto",NA,""
"L2023_001484",2023-06-08,"receita","venda_produto","feira_local","HORTA_CESTA",6,"cesta",46.73,280.38,"feira_e_csa","horta",NA,"direto",NA,""
"L2023_002312",2023-06-08,"despesa","manejo","mao_de_obra",NA,NA,NA,4521.86,4521.86,NA,"cafeicultura",NA,"compartilhado",NA,""
"L2023_002313",2023-06-11,"despesa","operacao","transporte_e_embalagem",NA,NA,NA,1191.04,1191.04,NA,"beneficiamento",NA,"compartilhado",NA,""
"L2023_001487",2023-06-12,"receita","venda_produto","feira_local","HORTA_CESTA",13,"cesta",43.64,567.32,"feira_e_csa","horta",NA,"direto",NA,""
"L2023_001489",2023-06-12,"receita","venda_produto","banana_agroflorestal","BANANA_CAIXA",4,"caixa",44.08,176.32,"feira_e_csa","agrofloresta","T29","direto",NA,""
"L2023_001490",2023-06-12,"receita","venda_produto","cafe_verde","CAF_SACA",20,"saca_60kg",789.19,15783.8,"cooperativa","cafeicultura","T22","direto",NA,"venda de safra"
"L2023_001491",2023-06-12,"receita","venda_produto","mudas","MUDA",69,"unidade",11.79,813.51,"viveiro","viveiro",NA,"direto",NA,""
"L2023_001488",2023-06-13,"receita","venda_produto","feira_local","HORTA_AVULSO",22.9,"kg",9.81,224.65,"feira_e_csa","horta",NA,"direto",NA,""
"L2023_001492",2023-06-20,"receita","venda_produto","feira_local","HORTA_CESTA",10,"cesta",44.94,449.4,"feira_e_csa","horta",NA,"direto",NA,""
"L2023_002314",2023-06-20,"despesa","manejo","colheita_e_beneficiamento",NA,NA,NA,4040.3,4040.3,NA,"cafeicultura",NA,"compartilhado",NA,""
"L2023_001494",2023-06-21,"receita","venda_produto","feira_local","HORTA_AVULSO",21.8,"kg",12.22,266.4,"feira_e_csa","horta",NA,"direto",NA,""
"L2023_001493",2023-06-23,"receita","venda_produto","feira_local","HORTA_AVULSO",11.6,"kg",10.18,118.09,"feira_e_csa","horta",NA,"direto",NA,""
"L2023_002315",2023-06-26,"despesa","infraestrutura","energia_e_manutencao",NA,NA,NA,1184.07,1184.07,NA,"geral",NA,"compartilhado",NA,""
"L2023_001496",2023-06-28,"receita","venda_produto","feira_local","HORTA_CESTA",8,"cesta",44.51,356.08,"feira_e_csa","horta",NA,"direto",NA,""
"L2023_001495",2023-06-29,"receita","venda_produto","feira_local","HORTA_CESTA",12,"cesta",36.73,440.76,"feira_e_csa","horta",NA,"direto",NA,""
"L2023_001500",2023-07-03,"receita","venda_produto","mudas","MUDA",67,"unidade",13.43,899.81,"viveiro","viveiro",NA,"direto",NA,""
"L2023_001498",2023-07-05,"receita","venda_produto","feira_local","HORTA_CESTA",14,"cesta",49.68,695.52,"feira_e_csa","horta",NA,"direto",NA,""
"L2023_001497",2023-07-07,"receita","venda_produto","feira_local","HORTA_AVULSO",21.7,"kg",11.64,252.59,"feira_e_csa","horta",NA,"direto",NA,""
"L2023_001499",2023-07-07,"receita","venda_produto","feira_local","HORTA_CESTA",10,"cesta",51.68,516.8,"feira_e_csa","horta",NA,"direto",NA,""
"L2023_002316",2023-07-08,"despesa","manejo","mao_de_obra",NA,NA,NA,6112.6,6112.6,NA,"cafeicultura",NA,"compartilhado",NA,""
"L2023_001501",2023-07-10,"receita","venda_produto","feira_local","HORTA_CESTA",8,"cesta",36.06,288.48,"feira_e_csa","horta",NA,"direto",NA,""
"L2023_001502",2023-07-10,"receita","venda_produto","feira_local","HORTA_CESTA",7,"cesta",38.39,268.73,"feira_e_csa","horta",NA,"direto",NA,""
"L2023_001505",2023-07-10,"receita","venda_produto","cafe_verde","CAF_SACA",10,"saca_60kg",968.97,9689.7,"cooperativa","cafeicultura","T15","direto",NA,"venda de safra"
"L2023_001504",2023-07-11,"receita","venda_produto","feira_local","HORTA_AVULSO",13.6,"kg",9.85,133.96,"feira_e_csa","horta",NA,"direto",NA,""
"L2023_002317",2023-07-11,"despesa","operacao","transporte_e_embalagem",NA,NA,NA,1227.82,1227.82,NA,"beneficiamento",NA,"compartilhado",NA,""
"L2023_001503",2023-07-12,"receita","venda_produto","feira_local","HORTA_AVULSO",16.2,"kg",12.78,207.04,"feira_e_csa","horta",NA,"direto",NA,""
"L2023_001507",2023-07-17,"receita","venda_produto","feira_local","HORTA_AVULSO",25.4,"kg",10.05,255.27,"feira_e_csa","horta",NA,"direto",NA,""
"L2023_001508",2023-07-18,"receita","venda_produto","feira_local","HORTA_CESTA",10,"cesta",47.89,478.9,"feira_e_csa","horta",NA,"direto",NA,""
"L2023_002318",2023-07-20,"despesa","manejo","colheita_e_beneficiamento",NA,NA,NA,5544.37,5544.37,NA,"cafeicultura",NA,"compartilhado",NA,""
"L2023_001506",2023-07-21,"receita","venda_produto","feira_local","HORTA_CESTA",8,"cesta",41.59,332.72,"feira_e_csa","horta",NA,"direto",NA,""
"L2023_001509",2023-07-24,"receita","venda_produto","feira_local","HORTA_AVULSO",11.5,"kg",10.57,121.56,"feira_e_csa","horta",NA,"direto",NA,""
"L2023_001510",2023-07-24,"receita","venda_produto","feira_local","HORTA_CESTA",9,"cesta",45.16,406.44,"feira_e_csa","horta",NA,"direto",NA,""
"L2023_001512",2023-07-24,"receita","venda_produto","feira_local","HORTA_CESTA",10,"cesta",44.54,445.4,"feira_e_csa","horta",NA,"direto",NA,""
"L2023_001513",2023-07-24,"receita","venda_produto","banana_agroflorestal","BANANA_CAIXA",7,"caixa",48.81,341.67,"feira_e_csa","agrofloresta","T14","direto",NA,""
"L2023_001514",2023-07-24,"receita","venda_produto","cafe_verde","CAF_SACA",23,"saca_60kg",946.39,21766.97,"cooperativa","cafeicultura","T20","direto",NA,"venda de safra"
"L2023_001511",2023-07-25,"receita","venda_produto","feira_local","HORTA_CESTA",6,"cesta",34.03,204.18,"feira_e_csa","horta",NA,"direto",NA,""
"L2023_002319",2023-07-26,"despesa","infraestrutura","energia_e_manutencao",NA,NA,NA,927.96,927.96,NA,"geral",NA,"compartilhado",NA,""
"L2023_001517",2023-07-31,"receita","venda_produto","cafe_torrado","CAF_TORRADO",68,"pacote_250g",22.8,1550.4,"venda_direta","beneficiamento",NA,"direto",NA,""
"L2023_001516",2023-08-02,"receita","venda_produto","feira_local","HORTA_AVULSO",16.1,"kg",11.51,185.31,"feira_e_csa","horta",NA,"direto",NA,""
"L2023_001515",2023-08-03,"receita","venda_produto","feira_local","HORTA_CESTA",11,"cesta",37.22,409.42,"feira_e_csa","horta",NA,"direto",NA,""
"L2023_001520",2023-08-07,"receita","venda_produto","feira_local","HORTA_CESTA",13,"cesta",40.39,525.07,"feira_e_csa","horta",NA,"direto",NA,""
"L2023_001521",2023-08-07,"receita","venda_produto","feira_local","HORTA_AVULSO",10.3,"kg",12.55,129.27,"feira_e_csa","horta",NA,"direto",NA,""
"L2023_001522",2023-08-07,"receita","venda_produto","banana_agroflorestal","BANANA_CAIXA",7,"caixa",50.59,354.13,"feira_e_csa","agrofloresta","T04","direto",NA,""
"L2023_001523",2023-08-07,"receita","venda_produto","cafe_verde","CAF_SACA",13,"saca_60kg",894.79,11632.27,"cooperativa","cafeicultura","T29","direto",NA,"venda de safra"
"L2023_001524",2023-08-07,"receita","venda_produto","mudas","MUDA",18,"unidade",9.16,164.88,"viveiro","viveiro",NA,"direto",NA,""
"L2023_002320",2023-08-08,"despesa","manejo","mao_de_obra",NA,NA,NA,6555.33,6555.33,NA,"cafeicultura",NA,"compartilhado",NA,""
"L2023_001518",2023-08-10,"receita","venda_produto","feira_local","HORTA_AVULSO",17.3,"kg",9.78,169.19,"feira_e_csa","horta",NA,"direto",NA,""
"L2023_001519",2023-08-11,"receita","venda_produto","feira_local","HORTA_CESTA",12,"cesta",42.07,504.84,"feira_e_csa","horta",NA,"direto",NA,""
"L2023_002321",2023-08-11,"despesa","operacao","transporte_e_embalagem",NA,NA,NA,1487.84,1487.84,NA,"beneficiamento",NA,"compartilhado",NA,""
"L2023_001526",2023-08-14,"receita","venda_produto","feira_local","HORTA_CESTA",9,"cesta",43.01,387.09,"feira_e_csa","horta",NA,"direto",NA,""
"L2023_001527",2023-08-14,"receita","venda_produto","feira_local","HORTA_CESTA",8,"cesta",42.65,341.2,"feira_e_csa","horta",NA,"direto",NA,""
"L2023_001529",2023-08-14,"receita","venda_produto","cafe_verde","CAF_SACA",22,"saca_60kg",828.16,18219.52,"cooperativa","cafeicultura","T15","direto",NA,"venda de safra"
"L2023_001528",2023-08-15,"receita","venda_produto","feira_local","HORTA_CESTA",9,"cesta",36.78,331.02,"feira_e_csa","horta",NA,"direto",NA,""
"L2023_001525",2023-08-18,"receita","venda_produto","feira_local","HORTA_CESTA",7,"cesta",35.72,250.04,"feira_e_csa","horta",NA,"direto",NA,""
"L2023_001532",2023-08-21,"receita","venda_produto","mel","MEL_POTE",38,"pote_300g",24.83,943.54,"feira_local","meliponicultura",NA,"direto",NA,""
"L2023_001530",2023-08-22,"receita","venda_produto","feira_local","HORTA_CESTA",14,"cesta",38.59,540.26,"feira_e_csa","horta",NA,"direto",NA,""
"L2023_001531",2023-08-23,"receita","venda_produto","feira_local","HORTA_CESTA",9,"cesta",39.95,359.55,"feira_e_csa","horta",NA,"direto",NA,""
"L2023_002322",2023-08-26,"despesa","infraestrutura","energia_e_manutencao",NA,NA,NA,1160.94,1160.94,NA,"geral",NA,"compartilhado",NA,""
"L2023_001536",2023-08-28,"receita","venda_produto","feira_local","HORTA_CESTA",5,"cesta",50.06,250.3,"feira_e_csa","horta",NA,"direto",NA,""
"L2023_001537",2023-08-28,"receita","venda_produto","cafe_verde","CAF_SACA",24,"saca_60kg",936.89,22485.36,"cooperativa","cafeicultura","T22","direto",NA,"venda de safra"
"L2023_001533",2023-08-29,"receita","venda_produto","feira_local","HORTA_CESTA",11,"cesta",41.97,461.67,"feira_e_csa","horta",NA,"direto",NA,""
"L2023_001535",2023-08-29,"receita","venda_produto","feira_local","HORTA_CESTA",7,"cesta",43.05,301.35,"feira_e_csa","horta",NA,"direto",NA,""
"L2023_001534",2023-09-01,"receita","venda_produto","feira_local","HORTA_AVULSO",23.8,"kg",9.08,216.1,"feira_e_csa","horta",NA,"direto",NA,""
"L2023_001539",2023-09-04,"receita","venda_produto","feira_local","HORTA_AVULSO",9.1,"kg",11.11,101.1,"feira_e_csa","horta",NA,"direto",NA,""
"L2023_001542",2023-09-04,"receita","venda_produto","cafe_verde","CAF_SACA",9,"saca_60kg",924.65,8321.85,"cooperativa","cafeicultura","T09","direto",NA,"venda de safra"
"L2023_001538",2023-09-05,"receita","venda_produto","feira_local","HORTA_AVULSO",18.5,"kg",11.5,212.75,"feira_e_csa","horta",NA,"direto",NA,""
"L2023_001541",2023-09-05,"receita","venda_produto","feira_local","HORTA_CESTA",9,"cesta",42.1,378.9,"feira_e_csa","horta",NA,"direto",NA,""
"L2023_001540",2023-09-07,"receita","venda_produto","feira_local","HORTA_AVULSO",16.6,"kg",12.18,202.19,"feira_e_csa","horta",NA,"direto",NA,""
"L2023_002323",2023-09-08,"despesa","manejo","mao_de_obra",NA,NA,NA,6468.63,6468.63,NA,"cafeicultura",NA,"compartilhado",NA,""
"L2023_001547",2023-09-11,"receita","venda_produto","cafe_verde","CAF_SACA",20,"saca_60kg",896.17,17923.4,"cooperativa","cafeicultura","T18","direto",NA,"venda de safra"
"L2023_002324",2023-09-11,"despesa","operacao","transporte_e_embalagem",NA,NA,NA,1242.86,1242.86,NA,"beneficiamento",NA,"compartilhado",NA,""
"L2023_001543",2023-09-12,"receita","venda_produto","feira_local","HORTA_CESTA",9,"cesta",39.42,354.78,"feira_e_csa","horta",NA,"direto",NA,""
"L2023_001545",2023-09-12,"receita","venda_produto","feira_local","HORTA_CESTA",7,"cesta",41.98,293.86,"feira_e_csa","horta",NA,"direto",NA,""
"L2023_001544",2023-09-15,"receita","venda_produto","feira_local","HORTA_CESTA",7,"cesta",45.71,319.97,"feira_e_csa","horta",NA,"direto",NA,""
"L2023_001546",2023-09-15,"receita","venda_produto","feira_local","HORTA_CESTA",8,"cesta",40.16,321.28,"feira_e_csa","horta",NA,"direto",NA,""
"L2023_002325",2023-09-16,"despesa","insumo","composto_e_cobertura",NA,NA,NA,7737.38,7737.38,NA,"cafeicultura",NA,"compartilhado",NA,""
"L2023_001552",2023-09-18,"receita","venda_produto","cafe_verde","CAF_SACA",20,"saca_60kg",828.76,16575.2,"cooperativa","cafeicultura","T23","direto",NA,"venda de safra"
"L2023_001548",2023-09-20,"receita","venda_produto","feira_local","HORTA_CESTA",9,"cesta",41.82,376.38,"feira_e_csa","horta",NA,"direto",NA,""
"L2023_001549",2023-09-21,"receita","venda_produto","feira_local","HORTA_CESTA",13,"cesta",37.42,486.46,"feira_e_csa","horta",NA,"direto",NA,""
"L2023_001550",2023-09-21,"receita","venda_produto","feira_local","HORTA_CESTA",9,"cesta",44.87,403.83,"feira_e_csa","horta",NA,"direto",NA,""
"L2023_001551",2023-09-22,"receita","venda_produto","feira_local","HORTA_AVULSO",19.9,"kg",9.79,194.82,"feira_e_csa","horta",NA,"direto",NA,""
"L2023_001555",2023-09-25,"receita","venda_produto","cafe_verde","CAF_SACA",11,"saca_60kg",790.85,8699.35,"cooperativa","cafeicultura","T07","direto",NA,"venda de safra"
"L2023_001554",2023-09-26,"receita","venda_produto","feira_local","HORTA_AVULSO",12.3,"kg",10.62,130.63,"feira_e_csa","horta",NA,"direto",NA,""
"L2023_002326",2023-09-26,"despesa","infraestrutura","energia_e_manutencao",NA,NA,NA,978.7,978.7,NA,"geral",NA,"compartilhado",NA,""
"L2023_001553",2023-09-29,"receita","venda_produto","feira_local","HORTA_CESTA",5,"cesta",43.98,219.9,"feira_e_csa","horta",NA,"direto",NA,""
"L2023_001556",2023-10-02,"receita","venda_produto","feira_local","HORTA_AVULSO",23.3,"kg",10.74,250.24,"feira_e_csa","horta",NA,"direto",NA,""
"L2023_001557",2023-10-03,"receita","venda_produto","feira_local","HORTA_CESTA",6,"cesta",47.76,286.56,"feira_e_csa","horta",NA,"direto",NA,""
"L2023_001558",2023-10-05,"receita","venda_produto","feira_local","HORTA_AVULSO",13.4,"kg",9.2,123.28,"feira_e_csa","horta",NA,"direto",NA,""
"L2023_002327",2023-10-08,"despesa","manejo","mao_de_obra",NA,NA,NA,7137.62,7137.62,NA,"cafeicultura",NA,"compartilhado",NA,""
"L2023_001563",2023-10-09,"receita","venda_produto","cafe_verde","CAF_SACA",16,"saca_60kg",967.19,15475.04,"cooperativa","cafeicultura","T23","direto",NA,"venda de safra"
"L2023_001564",2023-10-09,"receita","venda_produto","cafe_torrado","CAF_TORRADO",46,"pacote_250g",20.63,948.98,"venda_direta","beneficiamento",NA,"direto",NA,""
"L2023_001559",2023-10-10,"receita","venda_produto","feira_local","HORTA_CESTA",5,"cesta",44.54,222.7,"feira_e_csa","horta",NA,"direto",NA,""
"L2023_001562",2023-10-10,"receita","venda_produto","feira_local","HORTA_CESTA",7,"cesta",36.78,257.46,"feira_e_csa","horta",NA,"direto",NA,""
"L2023_002328",2023-10-11,"despesa","operacao","transporte_e_embalagem",NA,NA,NA,1317.09,1317.09,NA,"beneficiamento",NA,"compartilhado",NA,""
"L2023_001560",2023-10-12,"receita","venda_produto","feira_local","HORTA_CESTA",10,"cesta",37.15,371.5,"feira_e_csa","horta",NA,"direto",NA,""
"L2023_001561",2023-10-13,"receita","venda_produto","feira_local","HORTA_AVULSO",10.2,"kg",10.28,104.86,"feira_e_csa","horta",NA,"direto",NA,""
"L2023_001567",2023-10-16,"receita","venda_produto","banana_agroflorestal","BANANA_CAIXA",9,"caixa",54.86,493.74,"feira_e_csa","agrofloresta","T09","direto",NA,""
"L2023_002329",2023-10-16,"despesa","insumo","composto_e_cobertura",NA,NA,NA,8596.81,8596.81,NA,"cafeicultura",NA,"compartilhado",NA,""
"L2023_001566",2023-10-19,"receita","venda_produto","feira_local","HORTA_CESTA",7,"cesta",47.24,330.68,"feira_e_csa","horta",NA,"direto",NA,""
"L2023_001565",2023-10-20,"receita","venda_produto","feira_local","HORTA_CESTA",14,"cesta",41.49,580.86,"feira_e_csa","horta",NA,"direto",NA,""
"L2023_001569",2023-10-23,"receita","venda_produto","feira_local","HORTA_CESTA",5,"cesta",42.69,213.45,"feira_e_csa","horta",NA,"direto",NA,""
"L2023_001570",2023-10-23,"receita","venda_produto","feira_local","HORTA_AVULSO",24.9,"kg",11.1,276.39,"feira_e_csa","horta",NA,"direto",NA,""
"L2023_001572",2023-10-23,"receita","venda_produto","banana_agroflorestal","BANANA_CAIXA",9,"caixa",45.29,407.61,"feira_e_csa","agrofloresta","T26","direto",NA,""
"L2023_001571",2023-10-24,"receita","venda_produto","feira_local","HORTA_AVULSO",24.9,"kg",10.2,253.98,"feira_e_csa","horta",NA,"direto",NA,""
"L2023_001568",2023-10-25,"receita","venda_produto","feira_local","HORTA_CESTA",5,"cesta",37.63,188.15,"feira_e_csa","horta",NA,"direto",NA,""
"L2023_002330",2023-10-26,"despesa","infraestrutura","energia_e_manutencao",NA,NA,NA,947.51,947.51,NA,"geral",NA,"compartilhado",NA,""
"L2023_001575",2023-10-30,"receita","venda_produto","feira_local","HORTA_AVULSO",24.2,"kg",9.47,229.17,"feira_e_csa","horta",NA,"direto",NA,""
"L2023_001577",2023-10-30,"receita","venda_produto","banana_agroflorestal","BANANA_CAIXA",10,"caixa",48.96,489.6,"feira_e_csa","agrofloresta","T25","direto",NA,""
"L2023_001573",2023-11-02,"receita","venda_produto","feira_local","HORTA_CESTA",9,"cesta",44.23,398.07,"feira_e_csa","horta",NA,"direto",NA,""
"L2023_001574",2023-11-03,"receita","venda_produto","feira_local","HORTA_CESTA",12,"cesta",39.75,477,"feira_e_csa","horta",NA,"direto",NA,""
"L2023_001576",2023-11-03,"receita","venda_produto","feira_local","HORTA_CESTA",15,"cesta",43.49,652.35,"feira_e_csa","horta",NA,"direto",NA,""
"L2023_001580",2023-11-06,"receita","venda_produto","feira_local","HORTA_AVULSO",13.2,"kg",8.97,118.4,"feira_e_csa","horta",NA,"direto",NA,""
"L2023_001581",2023-11-06,"receita","venda_produto","banana_agroflorestal","BANANA_CAIXA",3,"caixa",49.38,148.14,"feira_e_csa","agrofloresta","T04","direto",NA,""
"L2023_001578",2023-11-08,"receita","venda_produto","feira_local","HORTA_CESTA",11,"cesta",42.14,463.54,"feira_e_csa","horta",NA,"direto",NA,""
"L2023_001579",2023-11-08,"receita","venda_produto","feira_local","HORTA_CESTA",14,"cesta",37.07,518.98,"feira_e_csa","horta",NA,"direto",NA,""
"L2023_002331",2023-11-08,"despesa","manejo","mao_de_obra",NA,NA,NA,6170.03,6170.03,NA,"cafeicultura",NA,"compartilhado",NA,""
"L2023_002332",2023-11-11,"despesa","operacao","transporte_e_embalagem",NA,NA,NA,1093.45,1093.45,NA,"beneficiamento",NA,"compartilhado",NA,""
"L2023_001585",2023-11-13,"receita","venda_produto","cafe_torrado","CAF_TORRADO",108,"pacote_250g",22.11,2387.88,"venda_direta","beneficiamento",NA,"direto",NA,""
"L2023_001582",2023-11-14,"receita","venda_produto","feira_local","HORTA_AVULSO",18.3,"kg",10.89,199.29,"feira_e_csa","horta",NA,"direto",NA,""
"L2023_001583",2023-11-15,"receita","venda_produto","feira_local","HORTA_CESTA",10,"cesta",40.12,401.2,"feira_e_csa","horta",NA,"direto",NA,""
"L2023_001584",2023-11-16,"receita","venda_produto","feira_local","HORTA_CESTA",5,"cesta",40.77,203.85,"feira_e_csa","horta",NA,"direto",NA,""
"L2023_001587",2023-11-20,"receita","venda_produto","feira_local","HORTA_CESTA",5,"cesta",36.06,180.3,"feira_e_csa","horta",NA,"direto",NA,""
"L2023_001590",2023-11-20,"receita","venda_produto","banana_agroflorestal","BANANA_CAIXA",10,"caixa",44.08,440.8,"feira_e_csa","agrofloresta","T29","direto",NA,""
"L2023_001591",2023-11-20,"receita","venda_produto","cafe_torrado","CAF_TORRADO",64,"pacote_250g",20.17,1290.88,"venda_direta","beneficiamento",NA,"direto",NA,""
"L2023_001586",2023-11-22,"receita","venda_produto","feira_local","HORTA_AVULSO",20.2,"kg",9.87,199.37,"feira_e_csa","horta",NA,"direto",NA,""
"L2023_001588",2023-11-23,"receita","venda_produto","feira_local","HORTA_CESTA",6,"cesta",38.13,228.78,"feira_e_csa","horta",NA,"direto",NA,""
"L2023_001589",2023-11-23,"receita","venda_produto","feira_local","HORTA_CESTA",12,"cesta",42.87,514.44,"feira_e_csa","horta",NA,"direto",NA,""
"L2023_002333",2023-11-26,"despesa","infraestrutura","energia_e_manutencao",NA,NA,NA,958.28,958.28,NA,"geral",NA,"compartilhado",NA,""
"L2023_001592",2023-11-29,"receita","venda_produto","feira_local","HORTA_CESTA",8,"cesta",38.67,309.36,"feira_e_csa","horta",NA,"direto",NA,""
"L2023_001594",2023-11-29,"receita","venda_produto","feira_local","HORTA_CESTA",6,"cesta",37.52,225.12,"feira_e_csa","horta",NA,"direto",NA,""
"L2023_001595",2023-11-29,"receita","venda_produto","feira_local","HORTA_AVULSO",27.8,"kg",11.67,324.43,"feira_e_csa","horta",NA,"direto",NA,""
"L2023_001593",2023-11-30,"receita","venda_produto","feira_local","HORTA_AVULSO",12.1,"kg",10.39,125.72,"feira_e_csa","horta",NA,"direto",NA,""
"L2023_001600",2023-12-04,"receita","venda_produto","banana_agroflorestal","BANANA_CAIXA",6,"caixa",50.19,301.14,"feira_e_csa","agrofloresta","T04","direto",NA,""
"L2023_001597",2023-12-06,"receita","venda_produto","feira_local","HORTA_AVULSO",26.2,"kg",10.89,285.32,"feira_e_csa","horta",NA,"direto",NA,""
"L2023_001596",2023-12-08,"receita","venda_produto","feira_local","HORTA_CESTA",6,"cesta",42.42,254.52,"feira_e_csa","horta",NA,"direto",NA,""
"L2023_001598",2023-12-08,"receita","venda_produto","feira_local","HORTA_CESTA",11,"cesta",42.9,471.9,"feira_e_csa","horta",NA,"direto",NA,""
"L2023_001599",2023-12-08,"receita","venda_produto","feira_local","HORTA_CESTA",10,"cesta",39.73,397.3,"feira_e_csa","horta",NA,"direto",NA,""
"L2023_002334",2023-12-08,"despesa","manejo","mao_de_obra",NA,NA,NA,7029.43,7029.43,NA,"cafeicultura",NA,"compartilhado",NA,""
"L2023_001601",2023-12-11,"receita","venda_produto","feira_local","HORTA_AVULSO",23.3,"kg",12.56,292.65,"feira_e_csa","horta",NA,"direto",NA,""
"L2023_002335",2023-12-11,"despesa","operacao","transporte_e_embalagem",NA,NA,NA,1243.19,1243.19,NA,"beneficiamento",NA,"compartilhado",NA,""
"L2023_001602",2023-12-12,"receita","venda_produto","feira_local","HORTA_AVULSO",17,"kg",10.6,180.2,"feira_e_csa","horta",NA,"direto",NA,""
"L2023_001604",2023-12-18,"receita","venda_produto","feira_local","HORTA_CESTA",7,"cesta",45.78,320.46,"feira_e_csa","horta",NA,"direto",NA,""
"L2023_001605",2023-12-18,"receita","venda_produto","banana_agroflorestal","BANANA_CAIXA",5,"caixa",36.1,180.5,"feira_e_csa","agrofloresta","T27","direto",NA,""
"L2023_001603",2023-12-20,"receita","venda_produto","feira_local","HORTA_CESTA",5,"cesta",41.08,205.4,"feira_e_csa","horta",NA,"direto",NA,""
"L2023_001610",2023-12-25,"receita","venda_produto","banana_agroflorestal","BANANA_CAIXA",4,"caixa",47.81,191.24,"feira_e_csa","agrofloresta","T14","direto",NA,""
"L2023_002336",2023-12-26,"despesa","infraestrutura","energia_e_manutencao",NA,NA,NA,998.82,998.82,NA,"geral",NA,"compartilhado",NA,""
"L2023_001606",2023-12-27,"receita","venda_produto","feira_local","HORTA_CESTA",9,"cesta",41.02,369.18,"feira_e_csa","horta",NA,"direto",NA,""
"L2023_001609",2023-12-27,"receita","venda_produto","feira_local","HORTA_CESTA",10,"cesta",38.25,382.5,"feira_e_csa","horta",NA,"direto",NA,""
"L2023_001607",2023-12-28,"receita","venda_produto","feira_local","HORTA_AVULSO",15.1,"kg",10.39,156.89,"feira_e_csa","horta",NA,"direto",NA,""
"L2023_001608",2023-12-29,"receita","venda_produto","feira_local","HORTA_CESTA",8,"cesta",41.95,335.6,"feira_e_csa","horta",NA,"direto",NA,""
"L2024_001612",2024-01-01,"receita","venda_produto","feira_local","HORTA_CESTA",9,"cesta",38.75,348.75,"feira_e_csa","horta",NA,"direto",NA,""
"L2024_001614",2024-01-01,"receita","venda_produto","banana_agroflorestal","BANANA_CAIXA",4,"caixa",52.18,208.72,"feira_e_csa","agrofloresta","T36","direto",NA,""
"L2024_001611",2024-01-04,"receita","venda_produto","feira_local","HORTA_CESTA",13,"cesta",41.23,535.99,"feira_e_csa","horta",NA,"direto",NA,""
"L2024_001613",2024-01-05,"receita","venda_produto","feira_local","HORTA_CESTA",8,"cesta",43.99,351.92,"feira_e_csa","horta",NA,"direto",NA,""
"L2024_001616",2024-01-08,"receita","venda_produto","feira_local","HORTA_AVULSO",15.3,"kg",10.09,154.38,"feira_e_csa","horta",NA,"direto",NA,""
"L2024_001618",2024-01-08,"receita","venda_produto","banana_agroflorestal","BANANA_CAIXA",8,"caixa",47.43,379.44,"feira_e_csa","agrofloresta","T06","direto",NA,""
"L2024_002337",2024-01-08,"despesa","manejo","mao_de_obra",NA,NA,NA,7285.77,7285.77,NA,"cafeicultura",NA,"compartilhado",NA,""
"L2024_001617",2024-01-09,"receita","venda_produto","feira_local","HORTA_AVULSO",11.6,"kg",12.46,144.54,"feira_e_csa","horta",NA,"direto",NA,""
"L2024_002338",2024-01-11,"despesa","operacao","transporte_e_embalagem",NA,NA,NA,1208.86,1208.86,NA,"beneficiamento",NA,"compartilhado",NA,""
"L2024_001615",2024-01-12,"receita","venda_produto","feira_local","HORTA_CESTA",15,"cesta",49.54,743.1,"feira_e_csa","horta",NA,"direto",NA,""
"L2024_001621",2024-01-15,"receita","venda_produto","banana_agroflorestal","BANANA_CAIXA",3,"caixa",52.58,157.74,"feira_e_csa","agrofloresta","T27","direto",NA,""
"L2024_001619",2024-01-16,"receita","venda_produto","feira_local","HORTA_CESTA",13,"cesta",43.65,567.45,"feira_e_csa","horta",NA,"direto",NA,""
"L2024_001620",2024-01-17,"receita","venda_produto","feira_local","HORTA_CESTA",14,"cesta",46.1,645.4,"feira_e_csa","horta",NA,"direto",NA,""
"L2024_001622",2024-01-22,"receita","venda_produto","feira_local","HORTA_CESTA",6,"cesta",39.55,237.3,"feira_e_csa","horta",NA,"direto",NA,""
"L2024_001625",2024-01-22,"receita","venda_produto","banana_agroflorestal","BANANA_CAIXA",7,"caixa",54.51,381.57,"feira_e_csa","agrofloresta","T29","direto",NA,""
"L2024_001624",2024-01-24,"receita","venda_produto","feira_local","HORTA_CESTA",6,"cesta",39.37,236.22,"feira_e_csa","horta",NA,"direto",NA,""
"L2024_001623",2024-01-26,"receita","venda_produto","feira_local","HORTA_CESTA",8,"cesta",40.76,326.08,"feira_e_csa","horta",NA,"direto",NA,""
"L2024_002339",2024-01-26,"despesa","infraestrutura","energia_e_manutencao",NA,NA,NA,991.41,991.41,NA,"geral",NA,"compartilhado",NA,""
"L2024_001627",2024-01-29,"receita","venda_produto","feira_local","HORTA_CESTA",6,"cesta",43.68,262.08,"feira_e_csa","horta",NA,"direto",NA,""
"L2024_001626",2024-02-01,"receita","venda_produto","feira_local","HORTA_CESTA",6,"cesta",40.46,242.76,"feira_e_csa","horta",NA,"direto",NA,""
"L2024_001630",2024-02-05,"receita","venda_produto","banana_agroflorestal","BANANA_CAIXA",8,"caixa",48.91,391.28,"feira_e_csa","agrofloresta","T25","direto",NA,""
"L2024_001631",2024-02-05,"receita","venda_produto","mudas","MUDA",69,"unidade",10.82,746.58,"viveiro","viveiro",NA,"direto",NA,""
"L2024_001628",2024-02-06,"receita","venda_produto","feira_local","HORTA_CESTA",8,"cesta",34.54,276.32,"feira_e_csa","horta",NA,"direto",NA,""
"L2024_001629",2024-02-07,"receita","venda_produto","feira_local","HORTA_AVULSO",20.9,"kg",10.07,210.46,"feira_e_csa","horta",NA,"direto",NA,""
"L2024_002340",2024-02-08,"despesa","manejo","mao_de_obra",NA,NA,NA,6132.34,6132.34,NA,"cafeicultura",NA,"compartilhado",NA,""
"L2024_002341",2024-02-11,"despesa","operacao","transporte_e_embalagem",NA,NA,NA,1020.8,1020.8,NA,"beneficiamento",NA,"compartilhado",NA,""
"L2024_001633",2024-02-12,"receita","venda_produto","feira_local","HORTA_CESTA",9,"cesta",38.96,350.64,"feira_e_csa","horta",NA,"direto",NA,""
"L2024_001634",2024-02-12,"receita","venda_produto","feira_local","HORTA_AVULSO",15.8,"kg",10.93,172.69,"feira_e_csa","horta",NA,"direto",NA,""
"L2024_001635",2024-02-12,"receita","venda_produto","banana_agroflorestal","BANANA_CAIXA",7,"caixa",43.23,302.61,"feira_e_csa","agrofloresta","T31","direto",NA,""
"L2024_001632",2024-02-14,"receita","venda_produto","feira_local","HORTA_CESTA",11,"cesta",45.44,499.84,"feira_e_csa","horta",NA,"direto",NA,""
"L2024_002342",2024-02-16,"despesa","insumo","composto_e_cobertura",NA,NA,NA,8744.59,8744.59,NA,"cafeicultura",NA,"compartilhado",NA,""
"L2024_001638",2024-02-19,"receita","venda_produto","banana_agroflorestal","BANANA_CAIXA",10,"caixa",41.11,411.1,"feira_e_csa","agrofloresta","T09","direto",NA,""
"L2024_001636",2024-02-20,"receita","venda_produto","feira_local","HORTA_CESTA",6,"cesta",38.08,228.48,"feira_e_csa","horta",NA,"direto",NA,""
"L2024_001637",2024-02-22,"receita","venda_produto","feira_local","HORTA_AVULSO",10.4,"kg",9.77,101.61,"feira_e_csa","horta",NA,"direto",NA,""
"L2024_001641",2024-02-26,"receita","venda_produto","banana_agroflorestal","BANANA_CAIXA",6,"caixa",40.12,240.72,"feira_e_csa","agrofloresta","T19","direto",NA,""
"L2024_002343",2024-02-26,"despesa","infraestrutura","energia_e_manutencao",NA,NA,NA,1000.85,1000.85,NA,"geral",NA,"compartilhado",NA,""
"L2024_001639",2024-02-28,"receita","venda_produto","feira_local","HORTA_CESTA",9,"cesta",41.72,375.48,"feira_e_csa","horta",NA,"direto",NA,""
"L2024_001640",2024-03-01,"receita","venda_produto","feira_local","HORTA_AVULSO",24.4,"kg",9.32,227.41,"feira_e_csa","horta",NA,"direto",NA,""
"L2024_001642",2024-03-04,"receita","venda_produto","feira_local","HORTA_CESTA",5,"cesta",40.57,202.85,"feira_e_csa","horta",NA,"direto",NA,""
"L2024_001643",2024-03-06,"receita","venda_produto","feira_local","HORTA_AVULSO",24.6,"kg",10.58,260.27,"feira_e_csa","horta",NA,"direto",NA,""
"L2024_002344",2024-03-08,"despesa","manejo","mao_de_obra",NA,NA,NA,5833.83,5833.83,NA,"cafeicultura",NA,"compartilhado",NA,""
"L2024_002345",2024-03-11,"despesa","operacao","transporte_e_embalagem",NA,NA,NA,1385.2,1385.2,NA,"beneficiamento",NA,"compartilhado",NA,""
"L2024_001644",2024-03-13,"receita","venda_produto","feira_local","HORTA_CESTA",15,"cesta",42.46,636.9,"feira_e_csa","horta",NA,"direto",NA,""
"L2024_001645",2024-03-13,"receita","venda_produto","feira_local","HORTA_CESTA",6,"cesta",47.29,283.74,"feira_e_csa","horta",NA,"direto",NA,""
"L2024_002346",2024-03-16,"despesa","insumo","composto_e_cobertura",NA,NA,NA,8736.58,8736.58,NA,"cafeicultura",NA,"compartilhado",NA,""
"L2024_001650",2024-03-18,"receita","venda_produto","banana_agroflorestal","BANANA_CAIXA",3,"caixa",56.27,168.81,"feira_e_csa","agrofloresta","T30","direto",NA,""
"L2024_001646",2024-03-21,"receita","venda_produto","feira_local","HORTA_CESTA",5,"cesta",39.46,197.3,"feira_e_csa","horta",NA,"direto",NA,""
"L2024_001647",2024-03-21,"receita","venda_produto","feira_local","HORTA_AVULSO",24.9,"kg",11.09,276.14,"feira_e_csa","horta",NA,"direto",NA,""
"L2024_001649",2024-03-21,"receita","venda_produto","feira_local","HORTA_CESTA",13,"cesta",47.62,619.06,"feira_e_csa","horta",NA,"direto",NA,""
"L2024_001648",2024-03-22,"receita","venda_produto","feira_local","HORTA_AVULSO",17.9,"kg",10.71,191.71,"feira_e_csa","horta",NA,"direto",NA,""
"L2024_002347",2024-03-26,"despesa","infraestrutura","energia_e_manutencao",NA,NA,NA,1134.86,1134.86,NA,"geral",NA,"compartilhado",NA,""
"L2024_001652",2024-03-27,"receita","venda_produto","feira_local","HORTA_AVULSO",10.4,"kg",12.79,133.02,"feira_e_csa","horta",NA,"direto",NA,""
"L2024_001651",2024-03-29,"receita","venda_produto","feira_local","HORTA_CESTA",11,"cesta",31.86,350.46,"feira_e_csa","horta",NA,"direto",NA,""
"L2024_001655",2024-04-01,"receita","venda_produto","banana_agroflorestal","BANANA_CAIXA",10,"caixa",41.72,417.2,"feira_e_csa","agrofloresta","T19","direto",NA,""
"L2024_001654",2024-04-03,"receita","venda_produto","feira_local","HORTA_AVULSO",23.8,"kg",11.66,277.51,"feira_e_csa","horta",NA,"direto",NA,""
"L2024_001653",2024-04-04,"receita","venda_produto","feira_local","HORTA_AVULSO",23.1,"kg",11.57,267.27,"feira_e_csa","horta",NA,"direto",NA,""
"L2024_001660",2024-04-08,"receita","venda_produto","banana_agroflorestal","BANANA_CAIXA",7,"caixa",41.69,291.83,"feira_e_csa","agrofloresta","T36","direto",NA,""
"L2024_002348",2024-04-08,"despesa","manejo","mao_de_obra",NA,NA,NA,5525.22,5525.22,NA,"cafeicultura",NA,"compartilhado",NA,""
"L2024_001659",2024-04-10,"receita","venda_produto","feira_local","HORTA_CESTA",15,"cesta",37.95,569.25,"feira_e_csa","horta",NA,"direto",NA,""
"L2024_001656",2024-04-11,"receita","venda_produto","feira_local","HORTA_CESTA",15,"cesta",41.7,625.5,"feira_e_csa","horta",NA,"direto",NA,""
"L2024_002349",2024-04-11,"despesa","operacao","transporte_e_embalagem",NA,NA,NA,1367.79,1367.79,NA,"beneficiamento",NA,"compartilhado",NA,""
"L2024_001657",2024-04-12,"receita","venda_produto","feira_local","HORTA_AVULSO",16.9,"kg",10.19,172.21,"feira_e_csa","horta",NA,"direto",NA,""
"L2024_001658",2024-04-12,"receita","venda_produto","feira_local","HORTA_CESTA",13,"cesta",38.43,499.59,"feira_e_csa","horta",NA,"direto",NA,""
"L2024_001663",2024-04-15,"receita","venda_produto","feira_local","HORTA_AVULSO",11,"kg",8.65,95.15,"feira_e_csa","horta",NA,"direto",NA,""
"L2024_001664",2024-04-15,"receita","venda_produto","banana_agroflorestal","BANANA_CAIXA",4,"caixa",49.17,196.68,"feira_e_csa","agrofloresta","T19","direto",NA,""
"L2024_001662",2024-04-16,"receita","venda_produto","feira_local","HORTA_CESTA",14,"cesta",46.58,652.12,"feira_e_csa","horta",NA,"direto",NA,""
"L2024_001661",2024-04-18,"receita","venda_produto","feira_local","HORTA_CESTA",8,"cesta",35.89,287.12,"feira_e_csa","horta",NA,"direto",NA,""
"L2024_001667",2024-04-24,"receita","venda_produto","feira_local","HORTA_CESTA",11,"cesta",42.68,469.48,"feira_e_csa","horta",NA,"direto",NA,""
"L2024_001666",2024-04-25,"receita","venda_produto","feira_local","HORTA_AVULSO",15.5,"kg",10.44,161.82,"feira_e_csa","horta",NA,"direto",NA,""
"L2024_001665",2024-04-26,"receita","venda_produto","feira_local","HORTA_AVULSO",24.1,"kg",10.34,249.19,"feira_e_csa","horta",NA,"direto",NA,""
"L2024_001668",2024-04-26,"receita","venda_produto","feira_local","HORTA_AVULSO",17.6,"kg",10.81,190.26,"feira_e_csa","horta",NA,"direto",NA,""
"L2024_002350",2024-04-26,"despesa","infraestrutura","energia_e_manutencao",NA,NA,NA,997.48,997.48,NA,"geral",NA,"compartilhado",NA,""
"L2024_001670",2024-05-01,"receita","venda_produto","feira_local","HORTA_AVULSO",19.8,"kg",12.53,248.09,"feira_e_csa","horta",NA,"direto",NA,""
"L2024_001669",2024-05-03,"receita","venda_produto","feira_local","HORTA_CESTA",13,"cesta",45.16,587.08,"feira_e_csa","horta",NA,"direto",NA,""
"L2024_001673",2024-05-06,"receita","venda_produto","feira_local","HORTA_CESTA",10,"cesta",42.76,427.6,"feira_e_csa","horta",NA,"direto",NA,""
"L2024_001674",2024-05-07,"receita","venda_produto","feira_local","HORTA_CESTA",5,"cesta",48.4,242,"feira_e_csa","horta",NA,"direto",NA,""
"L2024_001672",2024-05-08,"receita","venda_produto","feira_local","HORTA_CESTA",14,"cesta",38.27,535.78,"feira_e_csa","horta",NA,"direto",NA,""
"L2024_002351",2024-05-08,"despesa","manejo","mao_de_obra",NA,NA,NA,6814.46,6814.46,NA,"cafeicultura",NA,"compartilhado",NA,""
"L2024_001671",2024-05-09,"receita","venda_produto","feira_local","HORTA_CESTA",8,"cesta",35.84,286.72,"feira_e_csa","horta",NA,"direto",NA,""
"L2024_002352",2024-05-11,"despesa","operacao","transporte_e_embalagem",NA,NA,NA,1384.63,1384.63,NA,"beneficiamento",NA,"compartilhado",NA,""
"L2024_001678",2024-05-13,"receita","venda_produto","feira_local","HORTA_CESTA",5,"cesta",45.65,228.25,"feira_e_csa","horta",NA,"direto",NA,""
"L2024_001676",2024-05-14,"receita","venda_produto","feira_local","HORTA_AVULSO",19.9,"kg",11.44,227.66,"feira_e_csa","horta",NA,"direto",NA,""
"L2024_001677",2024-05-15,"receita","venda_produto","feira_local","HORTA_CESTA",12,"cesta",38.97,467.64,"feira_e_csa","horta",NA,"direto",NA,""
"L2024_001675",2024-05-16,"receita","venda_produto","feira_local","HORTA_CESTA",14,"cesta",31.87,446.18,"feira_e_csa","horta",NA,"direto",NA,""
"L2024_001680",2024-05-20,"receita","venda_produto","feira_local","HORTA_AVULSO",23.8,"kg",11.62,276.56,"feira_e_csa","horta",NA,"direto",NA,""
"L2024_002353",2024-05-20,"despesa","manejo","colheita_e_beneficiamento",NA,NA,NA,4398.35,4398.35,NA,"cafeicultura",NA,"compartilhado",NA,""
"L2024_001679",2024-05-22,"receita","venda_produto","feira_local","HORTA_CESTA",10,"cesta",37.65,376.5,"feira_e_csa","horta",NA,"direto",NA,""
"L2024_002354",2024-05-26,"despesa","infraestrutura","energia_e_manutencao",NA,NA,NA,930.63,930.63,NA,"geral",NA,"compartilhado",NA,""
"L2024_001681",2024-05-28,"receita","venda_produto","feira_local","HORTA_CESTA",9,"cesta",46.87,421.83,"feira_e_csa","horta",NA,"direto",NA,""
"L2024_001682",2024-05-29,"receita","venda_produto","feira_local","HORTA_CESTA",14,"cesta",36.9,516.6,"feira_e_csa","horta",NA,"direto",NA,""
"L2024_001684",2024-06-03,"receita","venda_produto","feira_local","HORTA_AVULSO",8.3,"kg",11,91.3,"feira_e_csa","horta",NA,"direto",NA,""
"L2024_001683",2024-06-07,"receita","venda_produto","feira_local","HORTA_CESTA",11,"cesta",47.87,526.57,"feira_e_csa","horta",NA,"direto",NA,""
"L2024_002355",2024-06-08,"despesa","manejo","mao_de_obra",NA,NA,NA,6405.82,6405.82,NA,"cafeicultura",NA,"compartilhado",NA,""
"L2024_001685",2024-06-10,"receita","venda_produto","feira_local","HORTA_AVULSO",15,"kg",12.19,182.85,"feira_e_csa","horta",NA,"direto",NA,""
"L2024_001686",2024-06-10,"receita","venda_produto","feira_local","HORTA_CESTA",6,"cesta",37.79,226.74,"feira_e_csa","horta",NA,"direto",NA,""
"L2024_001687",2024-06-10,"receita","venda_produto","cafe_verde","CAF_SACA",10,"saca_60kg",901.05,9010.5,"cooperativa","cafeicultura","T33","direto",NA,"venda de safra"
"L2024_002356",2024-06-11,"despesa","operacao","transporte_e_embalagem",NA,NA,NA,1444.67,1444.67,NA,"beneficiamento",NA,"compartilhado",NA,""
"L2024_001688",2024-06-19,"receita","venda_produto","feira_local","HORTA_AVULSO",19.5,"kg",10.12,197.34,"feira_e_csa","horta",NA,"direto",NA,""
"L2024_001689",2024-06-20,"receita","venda_produto","feira_local","HORTA_CESTA",7,"cesta",46.63,326.41,"feira_e_csa","horta",NA,"direto",NA,""
"L2024_001690",2024-06-20,"receita","venda_produto","feira_local","HORTA_AVULSO",19.7,"kg",12.34,243.1,"feira_e_csa","horta",NA,"direto",NA,""
"L2024_002357",2024-06-20,"despesa","manejo","colheita_e_beneficiamento",NA,NA,NA,4418.63,4418.63,NA,"cafeicultura",NA,"compartilhado",NA,""
"L2024_001692",2024-06-24,"receita","venda_produto","feira_local","HORTA_CESTA",14,"cesta",43.14,603.96,"feira_e_csa","horta",NA,"direto",NA,""
"L2024_001693",2024-06-24,"receita","venda_produto","banana_agroflorestal","BANANA_CAIXA",9,"caixa",50.78,457.02,"feira_e_csa","agrofloresta","T22","direto",NA,""
"L2024_002358",2024-06-26,"despesa","infraestrutura","energia_e_manutencao",NA,NA,NA,853.51,853.51,NA,"geral",NA,"compartilhado",NA,""
"L2024_001691",2024-06-28,"receita","venda_produto","feira_local","HORTA_AVULSO",16.5,"kg",11.08,182.82,"feira_e_csa","horta",NA,"direto",NA,""
"L2024_001695",2024-07-01,"receita","venda_produto","feira_local","HORTA_CESTA",10,"cesta",47.93,479.3,"feira_e_csa","horta",NA,"direto",NA,""
"L2024_001696",2024-07-01,"receita","venda_produto","cafe_torrado","CAF_TORRADO",57,"pacote_250g",20.55,1171.35,"venda_direta","beneficiamento",NA,"direto",NA,""
"L2024_001697",2024-07-01,"receita","venda_produto","mudas","MUDA",34,"unidade",12.35,419.9,"viveiro","viveiro",NA,"direto",NA,""
"L2024_001694",2024-07-04,"receita","venda_produto","feira_local","HORTA_AVULSO",20.7,"kg",8.54,176.78,"feira_e_csa","horta",NA,"direto",NA,""
"L2024_001698",2024-07-08,"receita","venda_produto","feira_local","HORTA_CESTA",8,"cesta",33.49,267.92,"feira_e_csa","horta",NA,"direto",NA,""
"L2024_001699",2024-07-08,"receita","venda_produto","feira_local","HORTA_AVULSO",20.8,"kg",9.58,199.26,"feira_e_csa","horta",NA,"direto",NA,""
"L2024_002359",2024-07-08,"despesa","manejo","mao_de_obra",NA,NA,NA,5695.63,5695.63,NA,"cafeicultura",NA,"compartilhado",NA,""
"L2024_002360",2024-07-11,"despesa","operacao","transporte_e_embalagem",NA,NA,NA,1129.04,1129.04,NA,"beneficiamento",NA,"compartilhado",NA,""
"L2024_001703",2024-07-15,"receita","venda_produto","cafe_verde","CAF_SACA",9,"saca_60kg",874.06,7866.54,"cooperativa","cafeicultura","T16","direto",NA,"venda de safra"
"L2024_001701",2024-07-16,"receita","venda_produto","feira_local","HORTA_AVULSO",16.5,"kg",11.22,185.13,"feira_e_csa","horta",NA,"direto",NA,""
"L2024_001700",2024-07-17,"receita","venda_produto","feira_local","HORTA_AVULSO",14.6,"kg",10.23,149.36,"feira_e_csa","horta",NA,"direto",NA,""
"L2024_001702",2024-07-17,"receita","venda_produto","feira_local","HORTA_AVULSO",26.8,"kg",8.16,218.69,"feira_e_csa","horta",NA,"direto",NA,""
"L2024_002361",2024-07-20,"despesa","manejo","colheita_e_beneficiamento",NA,NA,NA,4599.79,4599.79,NA,"cafeicultura",NA,"compartilhado",NA,""
"L2024_001707",2024-07-22,"receita","venda_produto","banana_agroflorestal","BANANA_CAIXA",7,"caixa",44.89,314.23,"feira_e_csa","agrofloresta","T22","direto",NA,""
"L2024_001704",2024-07-23,"receita","venda_produto","feira_local","HORTA_CESTA",8,"cesta",38.72,309.76,"feira_e_csa","horta",NA,"direto",NA,""
"L2024_001705",2024-07-23,"receita","venda_produto","feira_local","HORTA_CESTA",11,"cesta",40.07,440.77,"feira_e_csa","horta",NA,"direto",NA,""
"L2024_001706",2024-07-25,"receita","venda_produto","feira_local","HORTA_AVULSO",21.7,"kg",12.14,263.44,"feira_e_csa","horta",NA,"direto",NA,""
"L2024_002362",2024-07-26,"despesa","infraestrutura","energia_e_manutencao",NA,NA,NA,1082.49,1082.49,NA,"geral",NA,"compartilhado",NA,""
"L2024_001711",2024-07-29,"receita","venda_produto","feira_local","HORTA_CESTA",10,"cesta",42.29,422.9,"feira_e_csa","horta",NA,"direto",NA,""
"L2024_001712",2024-07-29,"receita","venda_produto","banana_agroflorestal","BANANA_CAIXA",3,"caixa",42.93,128.79,"feira_e_csa","agrofloresta","T03","direto",NA,""
"L2024_001708",2024-07-31,"receita","venda_produto","feira_local","HORTA_AVULSO",20.5,"kg",11.04,226.32,"feira_e_csa","horta",NA,"direto",NA,""
"L2024_001709",2024-07-31,"receita","venda_produto","feira_local","HORTA_CESTA",6,"cesta",48.57,291.42,"feira_e_csa","horta",NA,"direto",NA,""
"L2024_001710",2024-08-01,"receita","venda_produto","feira_local","HORTA_CESTA",15,"cesta",40.95,614.25,"feira_e_csa","horta",NA,"direto",NA,""
"L2024_001717",2024-08-05,"receita","venda_produto","cafe_verde","CAF_SACA",24,"saca_60kg",967.64,23223.36,"cooperativa","cafeicultura","T27","direto",NA,"venda de safra"
"L2024_001716",2024-08-06,"receita","venda_produto","feira_local","HORTA_CESTA",6,"cesta",41.43,248.58,"feira_e_csa","horta",NA,"direto",NA,""
"L2024_001714",2024-08-07,"receita","venda_produto","feira_local","HORTA_CESTA",13,"cesta",41.07,533.91,"feira_e_csa","horta",NA,"direto",NA,""
"L2024_001715",2024-08-08,"receita","venda_produto","feira_local","HORTA_CESTA",7,"cesta",46.41,324.87,"feira_e_csa","horta",NA,"direto",NA,""
"L2024_002363",2024-08-08,"despesa","manejo","mao_de_obra",NA,NA,NA,6318.45,6318.45,NA,"cafeicultura",NA,"compartilhado",NA,""
"L2024_001713",2024-08-09,"receita","venda_produto","feira_local","HORTA_CESTA",11,"cesta",39.32,432.52,"feira_e_csa","horta",NA,"direto",NA,""
"L2024_002364",2024-08-11,"despesa","operacao","transporte_e_embalagem",NA,NA,NA,1425.19,1425.19,NA,"beneficiamento",NA,"compartilhado",NA,""
"L2024_001719",2024-08-13,"receita","venda_produto","feira_local","HORTA_CESTA",12,"cesta",43.1,517.2,"feira_e_csa","horta",NA,"direto",NA,""
"L2024_001720",2024-08-13,"receita","venda_produto","feira_local","HORTA_CESTA",6,"cesta",43.05,258.3,"feira_e_csa","horta",NA,"direto",NA,""
"L2024_001718",2024-08-15,"receita","venda_produto","feira_local","HORTA_CESTA",8,"cesta",38.4,307.2,"feira_e_csa","horta",NA,"direto",NA,""
"L2024_001721",2024-08-19,"receita","venda_produto","feira_local","HORTA_AVULSO",7.7,"kg",9.5,73.15,"feira_e_csa","horta",NA,"direto",NA,""
"L2024_001723",2024-08-19,"receita","venda_produto","banana_agroflorestal","BANANA_CAIXA",3,"caixa",49.65,148.95,"feira_e_csa","agrofloresta","T27","direto",NA,""
"L2024_001722",2024-08-23,"receita","venda_produto","feira_local","HORTA_CESTA",10,"cesta",41.59,415.9,"feira_e_csa","horta",NA,"direto",NA,""
"L2024_001726",2024-08-26,"receita","venda_produto","cafe_verde","CAF_SACA",18,"saca_60kg",888.9,16000.2,"cooperativa","cafeicultura","T22","direto",NA,"venda de safra"
"L2024_002365",2024-08-26,"despesa","infraestrutura","energia_e_manutencao",NA,NA,NA,1262.25,1262.25,NA,"geral",NA,"compartilhado",NA,""
"L2024_001725",2024-08-28,"receita","venda_produto","feira_local","HORTA_CESTA",8,"cesta",46.72,373.76,"feira_e_csa","horta",NA,"direto",NA,""
"L2024_001724",2024-08-30,"receita","venda_produto","feira_local","HORTA_CESTA",9,"cesta",48.78,439.02,"feira_e_csa","horta",NA,"direto",NA,""
"L2024_001728",2024-09-02,"receita","venda_produto","feira_local","HORTA_CESTA",10,"cesta",47.45,474.5,"feira_e_csa","horta",NA,"direto",NA,""
"L2024_001729",2024-09-02,"receita","venda_produto","cafe_verde","CAF_SACA",19,"saca_60kg",854.53,16236.07,"cooperativa","cafeicultura","T27","direto",NA,"venda de safra"
"L2024_001727",2024-09-06,"receita","venda_produto","feira_local","HORTA_AVULSO",8.2,"kg",9.65,79.13,"feira_e_csa","horta",NA,"direto",NA,""
"L2024_002366",2024-09-08,"despesa","manejo","mao_de_obra",NA,NA,NA,5846.97,5846.97,NA,"cafeicultura",NA,"compartilhado",NA,""
"L2024_001732",2024-09-09,"receita","venda_produto","feira_local","HORTA_CESTA",10,"cesta",42.63,426.3,"feira_e_csa","horta",NA,"direto",NA,""
"L2024_001733",2024-09-09,"receita","venda_produto","cafe_verde","CAF_SACA",21,"saca_60kg",924.64,19417.44,"cooperativa","cafeicultura","T26","direto",NA,"venda de safra"
"L2024_002367",2024-09-11,"despesa","operacao","transporte_e_embalagem",NA,NA,NA,1226.26,1226.26,NA,"beneficiamento",NA,"compartilhado",NA,""
"L2024_001730",2024-09-12,"receita","venda_produto","feira_local","HORTA_CESTA",11,"cesta",40.58,446.38,"feira_e_csa","horta",NA,"direto",NA,""
"L2024_001731",2024-09-12,"receita","venda_produto","feira_local","HORTA_CESTA",10,"cesta",41.45,414.5,"feira_e_csa","horta",NA,"direto",NA,""
"L2024_001734",2024-09-16,"receita","venda_produto","feira_local","HORTA_AVULSO",8.6,"kg",11.96,102.86,"feira_e_csa","horta",NA,"direto",NA,""
"L2024_001736",2024-09-16,"receita","venda_produto","feira_local","HORTA_CESTA",13,"cesta",38.24,497.12,"feira_e_csa","horta",NA,"direto",NA,""
"L2024_002368",2024-09-16,"despesa","insumo","composto_e_cobertura",NA,NA,NA,8864.95,8864.95,NA,"cafeicultura",NA,"compartilhado",NA,""
"L2024_001735",2024-09-17,"receita","venda_produto","feira_local","HORTA_CESTA",15,"cesta",37.47,562.05,"feira_e_csa","horta",NA,"direto",NA,""
"L2024_001737",2024-09-23,"receita","venda_produto","feira_local","HORTA_CESTA",13,"cesta",51.88,674.44,"feira_e_csa","horta",NA,"direto",NA,""
"L2024_001740",2024-09-23,"receita","venda_produto","banana_agroflorestal","BANANA_CAIXA",9,"caixa",46.5,418.5,"feira_e_csa","agrofloresta","T31","direto",NA,""
"L2024_001739",2024-09-25,"receita","venda_produto","feira_local","HORTA_AVULSO",22.1,"kg",13.64,301.44,"feira_e_csa","horta",NA,"direto",NA,""
"L2024_001738",2024-09-26,"receita","venda_produto","feira_local","HORTA_CESTA",13,"cesta",39.47,513.11,"feira_e_csa","horta",NA,"direto",NA,""
"L2024_002369",2024-09-26,"despesa","infraestrutura","energia_e_manutencao",NA,NA,NA,760.34,760.34,NA,"geral",NA,"compartilhado",NA,""
"L2024_001742",2024-09-30,"receita","venda_produto","feira_local","HORTA_CESTA",8,"cesta",39.15,313.2,"feira_e_csa","horta",NA,"direto",NA,""
"L2024_001743",2024-09-30,"receita","venda_produto","feira_local","HORTA_CESTA",13,"cesta",51.97,675.61,"feira_e_csa","horta",NA,"direto",NA,""
"L2024_001741",2024-10-02,"receita","venda_produto","feira_local","HORTA_CESTA",12,"cesta",44.58,534.96,"feira_e_csa","horta",NA,"direto",NA,""
"L2024_001746",2024-10-08,"receita","venda_produto","feira_local","HORTA_CESTA",12,"cesta",45.35,544.2,"feira_e_csa","horta",NA,"direto",NA,""
"L2024_002370",2024-10-08,"despesa","manejo","mao_de_obra",NA,NA,NA,6680.8,6680.8,NA,"cafeicultura",NA,"compartilhado",NA,""
"L2024_001744",2024-10-10,"receita","venda_produto","feira_local","HORTA_CESTA",14,"cesta",39.72,556.08,"feira_e_csa","horta",NA,"direto",NA,""
"L2024_001745",2024-10-11,"receita","venda_produto","feira_local","HORTA_CESTA",15,"cesta",43.18,647.7,"feira_e_csa","horta",NA,"direto",NA,""
"L2024_002371",2024-10-11,"despesa","operacao","transporte_e_embalagem",NA,NA,NA,1112.14,1112.14,NA,"beneficiamento",NA,"compartilhado",NA,""
"L2024_001749",2024-10-14,"receita","venda_produto","mel","MEL_POTE",90,"pote_300g",19.86,1787.4,"feira_local","meliponicultura",NA,"direto",NA,""
"L2024_002372",2024-10-16,"despesa","insumo","composto_e_cobertura",NA,NA,NA,7622.9,7622.9,NA,"cafeicultura",NA,"compartilhado",NA,""
"L2024_001747",2024-10-17,"receita","venda_produto","feira_local","HORTA_CESTA",14,"cesta",41.36,579.04,"feira_e_csa","horta",NA,"direto",NA,""
"L2024_001748",2024-10-17,"receita","venda_produto","feira_local","HORTA_CESTA",8,"cesta",47.79,382.32,"feira_e_csa","horta",NA,"direto",NA,""
"L2024_001750",2024-10-21,"receita","venda_produto","feira_local","HORTA_CESTA",14,"cesta",41.64,582.96,"feira_e_csa","horta",NA,"direto",NA,""
"L2024_001752",2024-10-21,"receita","venda_produto","feira_local","HORTA_CESTA",11,"cesta",38.46,423.06,"feira_e_csa","horta",NA,"direto",NA,""
"L2024_001753",2024-10-21,"receita","venda_produto","banana_agroflorestal","BANANA_CAIXA",6,"caixa",45.55,273.3,"feira_e_csa","agrofloresta","T31","direto",NA,""
"L2024_001751",2024-10-25,"receita","venda_produto","feira_local","HORTA_AVULSO",8,"kg",10.05,80.4,"feira_e_csa","horta",NA,"direto",NA,""
"L2024_002373",2024-10-26,"despesa","infraestrutura","energia_e_manutencao",NA,NA,NA,917.95,917.95,NA,"geral",NA,"compartilhado",NA,""
"L2024_001756",2024-10-28,"receita","venda_produto","cafe_verde","CAF_SACA",24,"saca_60kg",932.3,22375.2,"cooperativa","cafeicultura","T27","direto",NA,"venda de safra"
"L2024_001754",2024-10-30,"receita","venda_produto","feira_local","HORTA_CESTA",13,"cesta",51.46,668.98,"feira_e_csa","horta",NA,"direto",NA,""
"L2024_001755",2024-10-31,"receita","venda_produto","feira_local","HORTA_CESTA",11,"cesta",45.24,497.64,"feira_e_csa","horta",NA,"direto",NA,""
"L2024_001760",2024-11-04,"receita","venda_produto","feira_local","HORTA_CESTA",5,"cesta",38.24,191.2,"feira_e_csa","horta",NA,"direto",NA,""
"L2024_001761",2024-11-04,"receita","venda_produto","cafe_torrado","CAF_TORRADO",89,"pacote_250g",21.83,1942.87,"venda_direta","beneficiamento",NA,"direto",NA,""
"L2024_001758",2024-11-07,"receita","venda_produto","feira_local","HORTA_CESTA",7,"cesta",37.34,261.38,"feira_e_csa","horta",NA,"direto",NA,""
"L2024_001759",2024-11-07,"receita","venda_produto","feira_local","HORTA_CESTA",9,"cesta",40.99,368.91,"feira_e_csa","horta",NA,"direto",NA,""
"L2024_001757",2024-11-08,"receita","venda_produto","feira_local","HORTA_CESTA",14,"cesta",45.39,635.46,"feira_e_csa","horta",NA,"direto",NA,""
"L2024_002374",2024-11-08,"despesa","manejo","mao_de_obra",NA,NA,NA,6437.7,6437.7,NA,"cafeicultura",NA,"compartilhado",NA,""
"L2024_001762",2024-11-11,"receita","venda_produto","feira_local","HORTA_AVULSO",27.6,"kg",11.24,310.22,"feira_e_csa","horta",NA,"direto",NA,""
"L2024_001764",2024-11-11,"receita","venda_produto","cafe_verde","CAF_SACA",18,"saca_60kg",1040.89,18736.02,"cooperativa","cafeicultura","T11","direto",NA,"venda de safra"
"L2024_002375",2024-11-11,"despesa","operacao","transporte_e_embalagem",NA,NA,NA,1432.2,1432.2,NA,"beneficiamento",NA,"compartilhado",NA,""
"L2024_001763",2024-11-15,"receita","venda_produto","feira_local","HORTA_CESTA",8,"cesta",42.54,340.32,"feira_e_csa","horta",NA,"direto",NA,""
"L2024_001765",2024-11-18,"receita","venda_produto","feira_local","HORTA_AVULSO",17,"kg",10.47,177.99,"feira_e_csa","horta",NA,"direto",NA,""
"L2024_001767",2024-11-18,"receita","venda_produto","banana_agroflorestal","BANANA_CAIXA",8,"caixa",46.5,372,"feira_e_csa","agrofloresta","T19","direto",NA,""
"L2024_001768",2024-11-18,"receita","venda_produto","cafe_torrado","CAF_TORRADO",98,"pacote_250g",20.29,1988.42,"venda_direta","beneficiamento",NA,"direto",NA,""
"L2024_001766",2024-11-20,"receita","venda_produto","feira_local","HORTA_CESTA",7,"cesta",45.16,316.12,"feira_e_csa","horta",NA,"direto",NA,""
"L2024_001772",2024-11-25,"receita","venda_produto","feira_local","HORTA_CESTA",9,"cesta",43.41,390.69,"feira_e_csa","horta",NA,"direto",NA,""
"L2024_001771",2024-11-26,"receita","venda_produto","feira_local","HORTA_CESTA",13,"cesta",42.25,549.25,"feira_e_csa","horta",NA,"direto",NA,""
"L2024_002376",2024-11-26,"despesa","infraestrutura","energia_e_manutencao",NA,NA,NA,875.8,875.8,NA,"geral",NA,"compartilhado",NA,""
"L2024_001769",2024-11-28,"receita","venda_produto","feira_local","HORTA_CESTA",5,"cesta",40.26,201.3,"feira_e_csa","horta",NA,"direto",NA,""
"L2024_001770",2024-11-28,"receita","venda_produto","feira_local","HORTA_CESTA",13,"cesta",45.32,589.16,"feira_e_csa","horta",NA,"direto",NA,""
"L2024_001774",2024-12-02,"receita","venda_produto","feira_local","HORTA_AVULSO",14.8,"kg",9.8,145.04,"feira_e_csa","horta",NA,"direto",NA,""
"L2024_001776",2024-12-02,"receita","venda_produto","banana_agroflorestal","BANANA_CAIXA",9,"caixa",51.05,459.45,"feira_e_csa","agrofloresta","T04","direto",NA,""
"L2024_001775",2024-12-04,"receita","venda_produto","feira_local","HORTA_CESTA",9,"cesta",33.57,302.13,"feira_e_csa","horta",NA,"direto",NA,""
"L2024_001773",2024-12-06,"receita","venda_produto","feira_local","HORTA_CESTA",9,"cesta",39.08,351.72,"feira_e_csa","horta",NA,"direto",NA,""
"L2024_002377",2024-12-08,"despesa","manejo","mao_de_obra",NA,NA,NA,6007.89,6007.89,NA,"cafeicultura",NA,"compartilhado",NA,""
"L2024_001781",2024-12-09,"receita","venda_produto","banana_agroflorestal","BANANA_CAIXA",8,"caixa",44.99,359.92,"feira_e_csa","agrofloresta","T17","direto",NA,""
"L2024_001777",2024-12-11,"receita","venda_produto","feira_local","HORTA_CESTA",11,"cesta",40.6,446.6,"feira_e_csa","horta",NA,"direto",NA,""
"L2024_001778",2024-12-11,"receita","venda_produto","feira_local","HORTA_AVULSO",13.1,"kg",9.3,121.83,"feira_e_csa","horta",NA,"direto",NA,""
"L2024_001780",2024-12-11,"receita","venda_produto","feira_local","HORTA_CESTA",7,"cesta",48.15,337.05,"feira_e_csa","horta",NA,"direto",NA,""
"L2024_002378",2024-12-11,"despesa","operacao","transporte_e_embalagem",NA,NA,NA,1033.56,1033.56,NA,"beneficiamento",NA,"compartilhado",NA,""
"L2024_001779",2024-12-12,"receita","venda_produto","feira_local","HORTA_AVULSO",17.8,"kg",11.44,203.63,"feira_e_csa","horta",NA,"direto",NA,""
"L2024_001783",2024-12-17,"receita","venda_produto","feira_local","HORTA_CESTA",8,"cesta",28.74,229.92,"feira_e_csa","horta",NA,"direto",NA,""
"L2024_001782",2024-12-20,"receita","venda_produto","feira_local","HORTA_CESTA",15,"cesta",37.37,560.55,"feira_e_csa","horta",NA,"direto",NA,""
"L2024_001786",2024-12-23,"receita","venda_produto","feira_local","HORTA_CESTA",6,"cesta",40.49,242.94,"feira_e_csa","horta",NA,"direto",NA,""
"L2024_001787",2024-12-24,"receita","venda_produto","feira_local","HORTA_AVULSO",24.6,"kg",11.57,284.62,"feira_e_csa","horta",NA,"direto",NA,""
"L2024_001784",2024-12-25,"receita","venda_produto","feira_local","HORTA_AVULSO",11.3,"kg",8.84,99.89,"feira_e_csa","horta",NA,"direto",NA,""
"L2024_002379",2024-12-26,"despesa","infraestrutura","energia_e_manutencao",NA,NA,NA,1120.41,1120.41,NA,"geral",NA,"compartilhado",NA,""
"L2024_001785",2024-12-27,"receita","venda_produto","feira_local","HORTA_AVULSO",24.7,"kg",11.61,286.77,"feira_e_csa","horta",NA,"direto",NA,""
"L2024_001790",2024-12-30,"receita","venda_produto","banana_agroflorestal","BANANA_CAIXA",10,"caixa",45.15,451.5,"feira_e_csa","agrofloresta","T29","direto",NA,""
"L2025_001789",2025-01-02,"receita","venda_produto","feira_local","HORTA_CESTA",6,"cesta",46.33,277.98,"feira_e_csa","horta",NA,"direto",NA,""
"L2025_001788",2025-01-03,"receita","venda_produto","feira_local","HORTA_CESTA",13,"cesta",46.04,598.52,"feira_e_csa","horta",NA,"direto",NA,""
"L2025_001791",2025-01-06,"receita","venda_produto","feira_local","HORTA_CESTA",6,"cesta",39.37,236.22,"feira_e_csa","horta",NA,"direto",NA,""
"L2025_001793",2025-01-06,"receita","venda_produto","banana_agroflorestal","BANANA_CAIXA",3,"caixa",50.69,152.07,"feira_e_csa","agrofloresta","T31","direto",NA,""
"L2025_001794",2025-01-06,"receita","venda_produto","mudas","MUDA",41,"unidade",14.43,591.63,"viveiro","viveiro",NA,"direto",NA,""
"L2025_001792",2025-01-07,"receita","venda_produto","feira_local","HORTA_CESTA",11,"cesta",44.35,487.85,"feira_e_csa","horta",NA,"direto",NA,""
"L2025_002380",2025-01-08,"despesa","manejo","mao_de_obra",NA,NA,NA,5594.63,5594.63,NA,"cafeicultura",NA,"compartilhado",NA,""
"L2025_002381",2025-01-11,"despesa","operacao","transporte_e_embalagem",NA,NA,NA,1522.27,1522.27,NA,"beneficiamento",NA,"compartilhado",NA,""
"L2025_001798",2025-01-13,"receita","venda_produto","feira_local","HORTA_AVULSO",27.8,"kg",8.69,241.58,"feira_e_csa","horta",NA,"direto",NA,""
"L2025_001799",2025-01-13,"receita","venda_produto","banana_agroflorestal","BANANA_CAIXA",9,"caixa",45.21,406.89,"feira_e_csa","agrofloresta","T31","direto",NA,""
"L2025_001795",2025-01-14,"receita","venda_produto","feira_local","HORTA_CESTA",15,"cesta",44.47,667.05,"feira_e_csa","horta",NA,"direto",NA,""
"L2025_001797",2025-01-15,"receita","venda_produto","feira_local","HORTA_CESTA",5,"cesta",45.52,227.6,"feira_e_csa","horta",NA,"direto",NA,""
"L2025_001796",2025-01-16,"receita","venda_produto","feira_local","HORTA_AVULSO",11.9,"kg",10.71,127.45,"feira_e_csa","horta",NA,"direto",NA,""
"L2025_001802",2025-01-20,"receita","venda_produto","banana_agroflorestal","BANANA_CAIXA",6,"caixa",36.83,220.98,"feira_e_csa","agrofloresta","T36","direto",NA,""
"L2025_001800",2025-01-22,"receita","venda_produto","feira_local","HORTA_CESTA",11,"cesta",49.03,539.33,"feira_e_csa","horta",NA,"direto",NA,""
"L2025_001801",2025-01-23,"receita","venda_produto","feira_local","HORTA_CESTA",6,"cesta",40.24,241.44,"feira_e_csa","horta",NA,"direto",NA,""
"L2025_002382",2025-01-26,"despesa","infraestrutura","energia_e_manutencao",NA,NA,NA,997.1,997.1,NA,"geral",NA,"compartilhado",NA,""
"L2025_001803",2025-01-28,"receita","venda_produto","feira_local","HORTA_CESTA",12,"cesta",39.08,468.96,"feira_e_csa","horta",NA,"direto",NA,""
"L2025_001804",2025-01-28,"receita","venda_produto","feira_local","HORTA_CESTA",9,"cesta",42.43,381.87,"feira_e_csa","horta",NA,"direto",NA,""
"L2025_001805",2025-01-31,"receita","venda_produto","feira_local","HORTA_AVULSO",21.7,"kg",9.81,212.88,"feira_e_csa","horta",NA,"direto",NA,""
"L2025_001806",2025-02-04,"receita","venda_produto","feira_local","HORTA_AVULSO",23,"kg",10.72,246.56,"feira_e_csa","horta",NA,"direto",NA,""
"L2025_001807",2025-02-05,"receita","venda_produto","feira_local","HORTA_AVULSO",17.5,"kg",11.97,209.48,"feira_e_csa","horta",NA,"direto",NA,""
"L2025_001808",2025-02-06,"receita","venda_produto","feira_local","HORTA_CESTA",13,"cesta",44.33,576.29,"feira_e_csa","horta",NA,"direto",NA,""
"L2025_002383",2025-02-08,"despesa","manejo","mao_de_obra",NA,NA,NA,5451.48,5451.48,NA,"cafeicultura",NA,"compartilhado",NA,""
"L2025_001811",2025-02-10,"receita","venda_produto","banana_agroflorestal","BANANA_CAIXA",3,"caixa",45.25,135.75,"feira_e_csa","agrofloresta","T29","direto",NA,""
"L2025_002384",2025-02-11,"despesa","operacao","transporte_e_embalagem",NA,NA,NA,1151.1,1151.1,NA,"beneficiamento",NA,"compartilhado",NA,""
"L2025_001809",2025-02-12,"receita","venda_produto","feira_local","HORTA_CESTA",14,"cesta",48.01,672.14,"feira_e_csa","horta",NA,"direto",NA,""
"L2025_001810",2025-02-13,"receita","venda_produto","feira_local","HORTA_CESTA",15,"cesta",37.98,569.7,"feira_e_csa","horta",NA,"direto",NA,""
"L2025_002385",2025-02-16,"despesa","insumo","composto_e_cobertura",NA,NA,NA,9041.04,9041.04,NA,"cafeicultura",NA,"compartilhado",NA,""
"L2025_001813",2025-02-17,"receita","venda_produto","feira_local","HORTA_CESTA",14,"cesta",40.83,571.62,"feira_e_csa","horta",NA,"direto",NA,""
"L2025_001814",2025-02-17,"receita","venda_produto","feira_local","HORTA_CESTA",9,"cesta",41.66,374.94,"feira_e_csa","horta",NA,"direto",NA,""
"L2025_001815",2025-02-17,"receita","venda_produto","feira_local","HORTA_AVULSO",11.4,"kg",11.18,127.45,"feira_e_csa","horta",NA,"direto",NA,""
"L2025_001816",2025-02-17,"receita","venda_produto","banana_agroflorestal","BANANA_CAIXA",3,"caixa",52.09,156.27,"feira_e_csa","agrofloresta","T29","direto",NA,""
"L2025_001812",2025-02-21,"receita","venda_produto","feira_local","HORTA_AVULSO",24.8,"kg",14.63,362.82,"feira_e_csa","horta",NA,"direto",NA,""
"L2025_001819",2025-02-24,"receita","venda_produto","banana_agroflorestal","BANANA_CAIXA",5,"caixa",48.06,240.3,"feira_e_csa","agrofloresta","T19","direto",NA,""
"L2025_001820",2025-02-24,"receita","venda_produto","mudas","MUDA",63,"unidade",12.14,764.82,"viveiro","viveiro",NA,"direto",NA,""
"L2025_001818",2025-02-25,"receita","venda_produto","feira_local","HORTA_AVULSO",26.9,"kg",11.75,316.08,"feira_e_csa","horta",NA,"direto",NA,""
"L2025_002386",2025-02-26,"despesa","infraestrutura","energia_e_manutencao",NA,NA,NA,812.51,812.51,NA,"geral",NA,"compartilhado",NA,""
"L2025_001817",2025-02-28,"receita","venda_produto","feira_local","HORTA_CESTA",13,"cesta",37.16,483.08,"feira_e_csa","horta",NA,"direto",NA,""
"L2025_001822",2025-03-03,"receita","venda_produto","feira_local","HORTA_AVULSO",19.3,"kg",10.48,202.26,"feira_e_csa","horta",NA,"direto",NA,""
"L2025_001824",2025-03-03,"receita","venda_produto","banana_agroflorestal","BANANA_CAIXA",5,"caixa",42.59,212.95,"feira_e_csa","agrofloresta","T03","direto",NA,""
"L2025_001821",2025-03-05,"receita","venda_produto","feira_local","HORTA_CESTA",15,"cesta",35.9,538.5,"feira_e_csa","horta",NA,"direto",NA,""
"L2025_001823",2025-03-07,"receita","venda_produto","feira_local","HORTA_CESTA",5,"cesta",39.58,197.9,"feira_e_csa","horta",NA,"direto",NA,""
"L2025_002387",2025-03-08,"despesa","manejo","mao_de_obra",NA,NA,NA,7461.32,7461.32,NA,"cafeicultura",NA,"compartilhado",NA,""
"L2025_001827",2025-03-10,"receita","venda_produto","feira_local","HORTA_CESTA",15,"cesta",41.67,625.05,"feira_e_csa","horta",NA,"direto",NA,""
"L2025_002388",2025-03-11,"despesa","operacao","transporte_e_embalagem",NA,NA,NA,927.09,927.09,NA,"beneficiamento",NA,"compartilhado",NA,""
"L2025_001825",2025-03-13,"receita","venda_produto","feira_local","HORTA_CESTA",13,"cesta",40.64,528.32,"feira_e_csa","horta",NA,"direto",NA,""
"L2025_001826",2025-03-13,"receita","venda_produto","feira_local","HORTA_CESTA",13,"cesta",51.77,673.01,"feira_e_csa","horta",NA,"direto",NA,""
"L2025_002389",2025-03-16,"despesa","insumo","composto_e_cobertura",NA,NA,NA,7959.2,7959.2,NA,"cafeicultura",NA,"compartilhado",NA,""
"L2025_001832",2025-03-17,"receita","venda_produto","banana_agroflorestal","BANANA_CAIXA",3,"caixa",46.39,139.17,"feira_e_csa","agrofloresta","T27","direto",NA,""
"L2025_001828",2025-03-19,"receita","venda_produto","feira_local","HORTA_CESTA",8,"cesta",39.33,314.64,"feira_e_csa","horta",NA,"direto",NA,""
"L2025_001829",2025-03-19,"receita","venda_produto","feira_local","HORTA_AVULSO",26.4,"kg",9.9,261.36,"feira_e_csa","horta",NA,"direto",NA,""
"L2025_001830",2025-03-21,"receita","venda_produto","feira_local","HORTA_CESTA",6,"cesta",45.63,273.78,"feira_e_csa","horta",NA,"direto",NA,""
"L2025_001831",2025-03-21,"receita","venda_produto","feira_local","HORTA_AVULSO",10.5,"kg",10.04,105.42,"feira_e_csa","horta",NA,"direto",NA,""
"L2025_001834",2025-03-24,"receita","venda_produto","feira_local","HORTA_CESTA",11,"cesta",40.39,444.29,"feira_e_csa","horta",NA,"direto",NA,""
"L2025_001837",2025-03-24,"receita","venda_produto","banana_agroflorestal","BANANA_CAIXA",9,"caixa",45.64,410.76,"feira_e_csa","agrofloresta","T06","direto",NA,""
"L2025_001836",2025-03-26,"receita","venda_produto","feira_local","HORTA_CESTA",15,"cesta",41.64,624.6,"feira_e_csa","horta",NA,"direto",NA,""
"L2025_002390",2025-03-26,"despesa","infraestrutura","energia_e_manutencao",NA,NA,NA,1170.96,1170.96,NA,"geral",NA,"compartilhado",NA,""
"L2025_001833",2025-03-27,"receita","venda_produto","feira_local","HORTA_CESTA",6,"cesta",45.15,270.9,"feira_e_csa","horta",NA,"direto",NA,""
"L2025_001835",2025-03-28,"receita","venda_produto","feira_local","HORTA_CESTA",7,"cesta",46.59,326.13,"feira_e_csa","horta",NA,"direto",NA,""
"L2025_001840",2025-03-31,"receita","venda_produto","banana_agroflorestal","BANANA_CAIXA",8,"caixa",40.45,323.6,"feira_e_csa","agrofloresta","T03","direto",NA,""
"L2025_001838",2025-04-01,"receita","venda_produto","feira_local","HORTA_AVULSO",8.1,"kg",10.02,81.16,"feira_e_csa","horta",NA,"direto",NA,""
"L2025_001839",2025-04-03,"receita","venda_produto","feira_local","HORTA_CESTA",10,"cesta",37.62,376.2,"feira_e_csa","horta",NA,"direto",NA,""
"L2025_001842",2025-04-07,"receita","venda_produto","feira_local","HORTA_CESTA",13,"cesta",38.05,494.65,"feira_e_csa","horta",NA,"direto",NA,""
"L2025_001845",2025-04-07,"receita","venda_produto","banana_agroflorestal","BANANA_CAIXA",4,"caixa",43.07,172.28,"feira_e_csa","agrofloresta","T26","direto",NA,""
"L2025_001841",2025-04-08,"receita","venda_produto","feira_local","HORTA_CESTA",7,"cesta",52.1,364.7,"feira_e_csa","horta",NA,"direto",NA,""
"L2025_002391",2025-04-08,"despesa","manejo","mao_de_obra",NA,NA,NA,6328.23,6328.23,NA,"cafeicultura",NA,"compartilhado",NA,""
"L2025_001843",2025-04-09,"receita","venda_produto","feira_local","HORTA_CESTA",13,"cesta",42.47,552.11,"feira_e_csa","horta",NA,"direto",NA,""
"L2025_001844",2025-04-11,"receita","venda_produto","feira_local","HORTA_AVULSO",10.6,"kg",10.6,112.36,"feira_e_csa","horta",NA,"direto",NA,""
"L2025_002392",2025-04-11,"despesa","operacao","transporte_e_embalagem",NA,NA,NA,1581.3,1581.3,NA,"beneficiamento",NA,"compartilhado",NA,""
"L2025_001846",2025-04-17,"receita","venda_produto","feira_local","HORTA_CESTA",11,"cesta",44.39,488.29,"feira_e_csa","horta",NA,"direto",NA,""
"L2025_001847",2025-04-17,"receita","venda_produto","feira_local","HORTA_CESTA",12,"cesta",41.97,503.64,"feira_e_csa","horta",NA,"direto",NA,""
"L2025_001851",2025-04-21,"receita","venda_produto","banana_agroflorestal","BANANA_CAIXA",6,"caixa",40.9,245.4,"feira_e_csa","agrofloresta","T29","direto",NA,""
"L2025_001850",2025-04-23,"receita","venda_produto","feira_local","HORTA_AVULSO",24.2,"kg",9.11,220.46,"feira_e_csa","horta",NA,"direto",NA,""
"L2025_001848",2025-04-25,"receita","venda_produto","feira_local","HORTA_AVULSO",13.2,"kg",9.77,128.96,"feira_e_csa","horta",NA,"direto",NA,""
"L2025_001849",2025-04-25,"receita","venda_produto","feira_local","HORTA_CESTA",7,"cesta",38.3,268.1,"feira_e_csa","horta",NA,"direto",NA,""
"L2025_002393",2025-04-26,"despesa","infraestrutura","energia_e_manutencao",NA,NA,NA,1046.38,1046.38,NA,"geral",NA,"compartilhado",NA,""
"L2025_001854",2025-04-28,"receita","venda_produto","banana_agroflorestal","BANANA_CAIXA",3,"caixa",49.41,148.23,"feira_e_csa","agrofloresta","T09","direto",NA,""
"L2025_001853",2025-04-29,"receita","venda_produto","feira_local","HORTA_CESTA",12,"cesta",37.6,451.2,"feira_e_csa","horta",NA,"direto",NA,""
"L2025_001852",2025-04-30,"receita","venda_produto","feira_local","HORTA_AVULSO",20.1,"kg",8.66,174.07,"feira_e_csa","horta",NA,"direto",NA,""
"L2025_001855",2025-05-06,"receita","venda_produto","feira_local","HORTA_AVULSO",11.6,"kg",10.1,117.16,"feira_e_csa","horta",NA,"direto",NA,""
"L2025_001856",2025-05-06,"receita","venda_produto","feira_local","HORTA_AVULSO",25.7,"kg",8.5,218.45,"feira_e_csa","horta",NA,"direto",NA,""
"L2025_002394",2025-05-08,"despesa","manejo","mao_de_obra",NA,NA,NA,5990.72,5990.72,NA,"cafeicultura",NA,"compartilhado",NA,""
"L2025_001857",2025-05-09,"receita","venda_produto","feira_local","HORTA_CESTA",9,"cesta",49.26,443.34,"feira_e_csa","horta",NA,"direto",NA,""
"L2025_002395",2025-05-11,"despesa","operacao","transporte_e_embalagem",NA,NA,NA,1361.06,1361.06,NA,"beneficiamento",NA,"compartilhado",NA,""
"L2025_001858",2025-05-12,"receita","venda_produto","feira_local","HORTA_CESTA",15,"cesta",40.91,613.65,"feira_e_csa","horta",NA,"direto",NA,""
"L2025_001859",2025-05-15,"receita","venda_produto","feira_local","HORTA_CESTA",5,"cesta",37.42,187.1,"feira_e_csa","horta",NA,"direto",NA,""
"L2025_001860",2025-05-20,"receita","venda_produto","feira_local","HORTA_AVULSO",22.4,"kg",11.87,265.89,"feira_e_csa","horta",NA,"direto",NA,""
"L2025_002396",2025-05-20,"despesa","manejo","colheita_e_beneficiamento",NA,NA,NA,5104.84,5104.84,NA,"cafeicultura",NA,"compartilhado",NA,""
"L2025_001861",2025-05-21,"receita","venda_produto","feira_local","HORTA_CESTA",13,"cesta",43.55,566.15,"feira_e_csa","horta",NA,"direto",NA,""
"L2025_001862",2025-05-23,"receita","venda_produto","feira_local","HORTA_AVULSO",8.1,"kg",10.92,88.45,"feira_e_csa","horta",NA,"direto",NA,""
"L2025_001863",2025-05-26,"receita","venda_produto","feira_local","HORTA_CESTA",10,"cesta",38.49,384.9,"feira_e_csa","horta",NA,"direto",NA,""
"L2025_001866",2025-05-26,"receita","venda_produto","mel","MEL_POTE",69,"pote_300g",24.12,1664.28,"feira_local","meliponicultura",NA,"direto",NA,""
"L2025_002397",2025-05-26,"despesa","infraestrutura","energia_e_manutencao",NA,NA,NA,934.23,934.23,NA,"geral",NA,"compartilhado",NA,""
"L2025_001864",2025-05-29,"receita","venda_produto","feira_local","HORTA_AVULSO",21.5,"kg",9.93,213.5,"feira_e_csa","horta",NA,"direto",NA,""
"L2025_001865",2025-05-30,"receita","venda_produto","feira_local","HORTA_CESTA",7,"cesta",41.6,291.2,"feira_e_csa","horta",NA,"direto",NA,""
"L2025_001867",2025-06-04,"receita","venda_produto","feira_local","HORTA_CESTA",10,"cesta",45.19,451.9,"feira_e_csa","horta",NA,"direto",NA,""
"L2025_001868",2025-06-05,"receita","venda_produto","feira_local","HORTA_CESTA",6,"cesta",40.42,242.52,"feira_e_csa","horta",NA,"direto",NA,""
"L2025_002398",2025-06-08,"despesa","manejo","mao_de_obra",NA,NA,NA,6142.03,6142.03,NA,"cafeicultura",NA,"compartilhado",NA,""
"L2025_001872",2025-06-09,"receita","venda_produto","cafe_verde","CAF_SACA",10,"saca_60kg",862.34,8623.4,"cooperativa","cafeicultura","T22","direto",NA,"venda de safra"
"L2025_001869",2025-06-10,"receita","venda_produto","feira_local","HORTA_AVULSO",21.4,"kg",11.37,243.32,"feira_e_csa","horta",NA,"direto",NA,""
"L2025_002399",2025-06-11,"despesa","operacao","transporte_e_embalagem",NA,NA,NA,1461.23,1461.23,NA,"beneficiamento",NA,"compartilhado",NA,""
"L2025_001870",2025-06-12,"receita","venda_produto","feira_local","HORTA_CESTA",7,"cesta",37.96,265.72,"feira_e_csa","horta",NA,"direto",NA,""
"L2025_001871",2025-06-13,"receita","venda_produto","feira_local","HORTA_CESTA",13,"cesta",39.58,514.54,"feira_e_csa","horta",NA,"direto",NA,""
"L2025_001876",2025-06-16,"receita","venda_produto","cafe_verde","CAF_SACA",22,"saca_60kg",1017.05,22375.1,"cooperativa","cafeicultura","T05","direto",NA,"venda de safra"
"L2025_001877",2025-06-16,"receita","venda_produto","cafe_torrado","CAF_TORRADO",72,"pacote_250g",16.37,1178.64,"venda_direta","beneficiamento",NA,"direto",NA,""
"L2025_001875",2025-06-17,"receita","venda_produto","feira_local","HORTA_CESTA",6,"cesta",39.52,237.12,"feira_e_csa","horta",NA,"direto",NA,""
"L2025_001873",2025-06-18,"receita","venda_produto","feira_local","HORTA_CESTA",6,"cesta",43.29,259.74,"feira_e_csa","horta",NA,"direto",NA,""
"L2025_001874",2025-06-18,"receita","venda_produto","feira_local","HORTA_CESTA",13,"cesta",46.95,610.35,"feira_e_csa","horta",NA,"direto",NA,""
"L2025_002400",2025-06-20,"despesa","manejo","colheita_e_beneficiamento",NA,NA,NA,5416.38,5416.38,NA,"cafeicultura",NA,"compartilhado",NA,""
"L2025_001881",2025-06-23,"receita","venda_produto","feira_local","HORTA_CESTA",10,"cesta",39.29,392.9,"feira_e_csa","horta",NA,"direto",NA,""
"L2025_001882",2025-06-23,"receita","venda_produto","cafe_verde","CAF_SACA",9,"saca_60kg",894,8046,"cooperativa","cafeicultura","T07","direto",NA,"venda de safra"
"L2025_001878",2025-06-25,"receita","venda_produto","feira_local","HORTA_AVULSO",9.2,"kg",10.91,100.37,"feira_e_csa","horta",NA,"direto",NA,""
"L2025_001879",2025-06-26,"receita","venda_produto","feira_local","HORTA_CESTA",6,"cesta",37.29,223.74,"feira_e_csa","horta",NA,"direto",NA,""
"L2025_002401",2025-06-26,"despesa","infraestrutura","energia_e_manutencao",NA,NA,NA,857.85,857.85,NA,"geral",NA,"compartilhado",NA,""
"L2025_001880",2025-06-27,"receita","venda_produto","feira_local","HORTA_CESTA",5,"cesta",42.43,212.15,"feira_e_csa","horta",NA,"direto",NA,""
"L2025_001885",2025-06-30,"receita","venda_produto","banana_agroflorestal","BANANA_CAIXA",5,"caixa",53.31,266.55,"feira_e_csa","agrofloresta","T29","direto",NA,""
"L2025_001886",2025-06-30,"receita","venda_produto","cafe_verde","CAF_SACA",23,"saca_60kg",989.86,22766.78,"cooperativa","cafeicultura","T05","direto",NA,"venda de safra"
"L2025_001884",2025-07-02,"receita","venda_produto","feira_local","HORTA_CESTA",8,"cesta",45.18,361.44,"feira_e_csa","horta",NA,"direto",NA,""
"L2025_001883",2025-07-03,"receita","venda_produto","feira_local","HORTA_CESTA",15,"cesta",44.1,661.5,"feira_e_csa","horta",NA,"direto",NA,""
"L2025_001889",2025-07-07,"receita","venda_produto","cafe_verde","CAF_SACA",11,"saca_60kg",891.66,9808.26,"cooperativa","cafeicultura","T03","direto",NA,"venda de safra"
"L2025_002402",2025-07-08,"despesa","manejo","mao_de_obra",NA,NA,NA,5994.8,5994.8,NA,"cafeicultura",NA,"compartilhado",NA,""
"L2025_001888",2025-07-10,"receita","venda_produto","feira_local","HORTA_CESTA",15,"cesta",46.35,695.25,"feira_e_csa","horta",NA,"direto",NA,""
"L2025_001887",2025-07-11,"receita","venda_produto","feira_local","HORTA_AVULSO",8.1,"kg",11.04,89.42,"feira_e_csa","horta",NA,"direto",NA,""
"L2025_002403",2025-07-11,"despesa","operacao","transporte_e_embalagem",NA,NA,NA,1466.66,1466.66,NA,"beneficiamento",NA,"compartilhado",NA,""
"L2025_001894",2025-07-14,"receita","venda_produto","cafe_verde","CAF_SACA",17,"saca_60kg",1024.84,17422.28,"cooperativa","cafeicultura","T25","direto",NA,"venda de safra"
"L2025_001893",2025-07-15,"receita","venda_produto","feira_local","HORTA_CESTA",10,"cesta",37.46,374.6,"feira_e_csa","horta",NA,"direto",NA,""
"L2025_001892",2025-07-16,"receita","venda_produto","feira_local","HORTA_CESTA",9,"cesta",40.71,366.39,"feira_e_csa","horta",NA,"direto",NA,""
"L2025_001890",2025-07-18,"receita","venda_produto","feira_local","HORTA_CESTA",13,"cesta",44.1,573.3,"feira_e_csa","horta",NA,"direto",NA,""
"L2025_001891",2025-07-18,"receita","venda_produto","feira_local","HORTA_CESTA",9,"cesta",40.52,364.68,"feira_e_csa","horta",NA,"direto",NA,""
"L2025_002404",2025-07-20,"despesa","manejo","colheita_e_beneficiamento",NA,NA,NA,4782.8,4782.8,NA,"cafeicultura",NA,"compartilhado",NA,""
"L2025_001895",2025-07-21,"receita","venda_produto","feira_local","HORTA_CESTA",11,"cesta",45.94,505.34,"feira_e_csa","horta",NA,"direto",NA,""
"L2025_001896",2025-07-25,"receita","venda_produto","feira_local","HORTA_CESTA",14,"cesta",45.37,635.18,"feira_e_csa","horta",NA,"direto",NA,""
"L2025_001897",2025-07-25,"receita","venda_produto","feira_local","HORTA_AVULSO",7.8,"kg",9.74,75.97,"feira_e_csa","horta",NA,"direto",NA,""
"L2025_002405",2025-07-26,"despesa","infraestrutura","energia_e_manutencao",NA,NA,NA,1010.23,1010.23,NA,"geral",NA,"compartilhado",NA,""
"L2025_001900",2025-07-28,"receita","venda_produto","cafe_verde","CAF_SACA",13,"saca_60kg",918.39,11939.07,"cooperativa","cafeicultura","T13","direto",NA,"venda de safra"
"L2025_001901",2025-07-28,"receita","venda_produto","cafe_torrado","CAF_TORRADO",44,"pacote_250g",22.56,992.64,"venda_direta","beneficiamento",NA,"direto",NA,""
"L2025_001898",2025-07-29,"receita","venda_produto","feira_local","HORTA_CESTA",14,"cesta",49.95,699.3,"feira_e_csa","horta",NA,"direto",NA,""
"L2025_001899",2025-07-29,"receita","venda_produto","feira_local","HORTA_CESTA",10,"cesta",45.51,455.1,"feira_e_csa","horta",NA,"direto",NA,""
"L2025_001904",2025-08-04,"receita","venda_produto","banana_agroflorestal","BANANA_CAIXA",3,"caixa",46.33,138.99,"feira_e_csa","agrofloresta","T35","direto",NA,""
"L2025_001902",2025-08-07,"receita","venda_produto","feira_local","HORTA_CESTA",11,"cesta",40.91,450.01,"feira_e_csa","horta",NA,"direto",NA,""
"L2025_001903",2025-08-07,"receita","venda_produto","feira_local","HORTA_CESTA",9,"cesta",44.82,403.38,"feira_e_csa","horta",NA,"direto",NA,""
"L2025_002406",2025-08-08,"despesa","manejo","mao_de_obra",NA,NA,NA,5820.38,5820.38,NA,"cafeicultura",NA,"compartilhado",NA,""
"L2025_001907",2025-08-11,"receita","venda_produto","banana_agroflorestal","BANANA_CAIXA",10,"caixa",44.75,447.5,"feira_e_csa","agrofloresta","T29","direto",NA,""
"L2025_001908",2025-08-11,"receita","venda_produto","cafe_verde","CAF_SACA",18,"saca_60kg",898.44,16171.92,"cooperativa","cafeicultura","T22","direto",NA,"venda de safra"
"L2025_002407",2025-08-11,"despesa","operacao","transporte_e_embalagem",NA,NA,NA,1225.25,1225.25,NA,"beneficiamento",NA,"compartilhado",NA,""
"L2025_001905",2025-08-14,"receita","venda_produto","feira_local","HORTA_CESTA",13,"cesta",42.77,556.01,"feira_e_csa","horta",NA,"direto",NA,""
"L2025_001906",2025-08-15,"receita","venda_produto","feira_local","HORTA_CESTA",14,"cesta",41.32,578.48,"feira_e_csa","horta",NA,"direto",NA,""
"L2025_001911",2025-08-18,"receita","venda_produto","cafe_verde","CAF_SACA",20,"saca_60kg",947.31,18946.2,"cooperativa","cafeicultura","T23","direto",NA,"venda de safra"
"L2025_001909",2025-08-22,"receita","venda_produto","feira_local","HORTA_CESTA",13,"cesta",46.68,606.84,"feira_e_csa","horta",NA,"direto",NA,""
"L2025_001910",2025-08-22,"receita","venda_produto","feira_local","HORTA_CESTA",5,"cesta",42.75,213.75,"feira_e_csa","horta",NA,"direto",NA,""
"L2025_001915",2025-08-25,"receita","venda_produto","feira_local","HORTA_CESTA",6,"cesta",49.24,295.44,"feira_e_csa","horta",NA,"direto",NA,""
"L2025_001916",2025-08-25,"receita","venda_produto","banana_agroflorestal","BANANA_CAIXA",8,"caixa",49.3,394.4,"feira_e_csa","agrofloresta","T35","direto",NA,""
"L2025_001917",2025-08-25,"receita","venda_produto","cafe_torrado","CAF_TORRADO",80,"pacote_250g",22.35,1788,"venda_direta","beneficiamento",NA,"direto",NA,""
"L2025_002408",2025-08-26,"despesa","infraestrutura","energia_e_manutencao",NA,NA,NA,1121.4,1121.4,NA,"geral",NA,"compartilhado",NA,""
"L2025_001912",2025-08-28,"receita","venda_produto","feira_local","HORTA_CESTA",14,"cesta",42.46,594.44,"feira_e_csa","horta",NA,"direto",NA,""
"L2025_001913",2025-08-28,"receita","venda_produto","feira_local","HORTA_CESTA",11,"cesta",39.93,439.23,"feira_e_csa","horta",NA,"direto",NA,""
"L2025_001914",2025-08-29,"receita","venda_produto","feira_local","HORTA_CESTA",13,"cesta",42.41,551.33,"feira_e_csa","horta",NA,"direto",NA,""
"L2025_001920",2025-09-01,"receita","venda_produto","banana_agroflorestal","BANANA_CAIXA",10,"caixa",55.24,552.4,"feira_e_csa","agrofloresta","T35","direto",NA,""
"L2025_001921",2025-09-01,"receita","venda_produto","cafe_verde","CAF_SACA",19,"saca_60kg",883.4,16784.6,"cooperativa","cafeicultura","T22","direto",NA,"venda de safra"
"L2025_001922",2025-09-01,"receita","venda_produto","cafe_torrado","CAF_TORRADO",80,"pacote_250g",22.24,1779.2,"venda_direta","beneficiamento",NA,"direto",NA,""
"L2025_001923",2025-09-01,"receita","venda_produto","mel","MEL_POTE",77,"pote_300g",23.77,1830.29,"feira_local","meliponicultura",NA,"direto",NA,""
"L2025_001918",2025-09-04,"receita","venda_produto","feira_local","HORTA_CESTA",6,"cesta",49.97,299.82,"feira_e_csa","horta",NA,"direto",NA,""
"L2025_001919",2025-09-05,"receita","venda_produto","feira_local","HORTA_AVULSO",26.9,"kg",11.33,304.78,"feira_e_csa","horta",NA,"direto",NA,""
"L2025_001926",2025-09-08,"receita","venda_produto","cafe_verde","CAF_SACA",20,"saca_60kg",878.48,17569.6,"cooperativa","cafeicultura","T01","direto",NA,"venda de safra"
"L2025_002409",2025-09-08,"despesa","manejo","mao_de_obra",NA,NA,NA,5547.11,5547.11,NA,"cafeicultura",NA,"compartilhado",NA,""
"L2025_002410",2025-09-11,"despesa","operacao","transporte_e_embalagem",NA,NA,NA,939.66,939.66,NA,"beneficiamento",NA,"compartilhado",NA,""
"L2025_001924",2025-09-12,"receita","venda_produto","feira_local","HORTA_CESTA",7,"cesta",40.61,284.27,"feira_e_csa","horta",NA,"direto",NA,""
"L2025_001925",2025-09-12,"receita","venda_produto","feira_local","HORTA_CESTA",11,"cesta",38.21,420.31,"feira_e_csa","horta",NA,"direto",NA,""
"L2025_001931",2025-09-15,"receita","venda_produto","cafe_verde","CAF_SACA",14,"saca_60kg",949.3,13290.2,"cooperativa","cafeicultura","T02","direto",NA,"venda de safra"
"L2025_001932",2025-09-15,"receita","venda_produto","mudas","MUDA",20,"unidade",12.32,246.4,"viveiro","viveiro",NA,"direto",NA,""
"L2025_002411",2025-09-16,"despesa","insumo","composto_e_cobertura",NA,NA,NA,8943.01,8943.01,NA,"cafeicultura",NA,"compartilhado",NA,""
"L2025_001927",2025-09-18,"receita","venda_produto","feira_local","HORTA_CESTA",6,"cesta",38.87,233.22,"feira_e_csa","horta",NA,"direto",NA,""
"L2025_001928",2025-09-18,"receita","venda_produto","feira_local","HORTA_CESTA",15,"cesta",41.84,627.6,"feira_e_csa","horta",NA,"direto",NA,""
"L2025_001929",2025-09-19,"receita","venda_produto","feira_local","HORTA_CESTA",7,"cesta",44,308,"feira_e_csa","horta",NA,"direto",NA,""
"L2025_001930",2025-09-19,"receita","venda_produto","feira_local","HORTA_AVULSO",26.6,"kg",9.73,258.82,"feira_e_csa","horta",NA,"direto",NA,""
"L2025_001933",2025-09-26,"receita","venda_produto","feira_local","HORTA_AVULSO",10.6,"kg",12.15,128.79,"feira_e_csa","horta",NA,"direto",NA,""
"L2025_001934",2025-09-26,"receita","venda_produto","feira_local","HORTA_AVULSO",16.3,"kg",10.68,174.08,"feira_e_csa","horta",NA,"direto",NA,""
"L2025_002412",2025-09-26,"despesa","infraestrutura","energia_e_manutencao",NA,NA,NA,975.4,975.4,NA,"geral",NA,"compartilhado",NA,""
"L2025_001936",2025-09-29,"receita","venda_produto","feira_local","HORTA_CESTA",8,"cesta",44.04,352.32,"feira_e_csa","horta",NA,"direto",NA,""
"L2025_001937",2025-09-29,"receita","venda_produto","cafe_verde","CAF_SACA",12,"saca_60kg",923.62,11083.44,"cooperativa","cafeicultura","T18","direto",NA,"venda de safra"
"L2025_001935",2025-10-01,"receita","venda_produto","feira_local","HORTA_CESTA",14,"cesta",41.94,587.16,"feira_e_csa","horta",NA,"direto",NA,""
"L2025_001939",2025-10-06,"receita","venda_produto","feira_local","HORTA_CESTA",14,"cesta",42.17,590.38,"feira_e_csa","horta",NA,"direto",NA,""
"L2025_001941",2025-10-06,"receita","venda_produto","banana_agroflorestal","BANANA_CAIXA",6,"caixa",53.34,320.04,"feira_e_csa","agrofloresta","T31","direto",NA,""
"L2025_001938",2025-10-08,"receita","venda_produto","feira_local","HORTA_CESTA",13,"cesta",46.29,601.77,"feira_e_csa","horta",NA,"direto",NA,""
"L2025_002413",2025-10-08,"despesa","manejo","mao_de_obra",NA,NA,NA,6660.14,6660.14,NA,"cafeicultura",NA,"compartilhado",NA,""
"L2025_001940",2025-10-09,"receita","venda_produto","feira_local","HORTA_CESTA",12,"cesta",46.78,561.36,"feira_e_csa","horta",NA,"direto",NA,""
"L2025_002414",2025-10-11,"despesa","operacao","transporte_e_embalagem",NA,NA,NA,1392.91,1392.91,NA,"beneficiamento",NA,"compartilhado",NA,""
"L2025_001946",2025-10-13,"receita","venda_produto","banana_agroflorestal","BANANA_CAIXA",8,"caixa",46.74,373.92,"feira_e_csa","agrofloresta","T35","direto",NA,""
"L2025_001947",2025-10-13,"receita","venda_produto","cafe_verde","CAF_SACA",8,"saca_60kg",1018.35,8146.8,"cooperativa","cafeicultura","T31","direto",NA,"venda de safra"
"L2025_001948",2025-10-13,"receita","venda_produto","cafe_torrado","CAF_TORRADO",86,"pacote_250g",16.79,1443.94,"venda_direta","beneficiamento",NA,"direto",NA,""
"L2025_001942",2025-10-15,"receita","venda_produto","feira_local","HORTA_CESTA",5,"cesta",43.58,217.9,"feira_e_csa","horta",NA,"direto",NA,""
"L2025_001945",2025-10-15,"receita","venda_produto","feira_local","HORTA_CESTA",5,"cesta",40.07,200.35,"feira_e_csa","horta",NA,"direto",NA,""
"L2025_001943",2025-10-16,"receita","venda_produto","feira_local","HORTA_CESTA",10,"cesta",43.91,439.1,"feira_e_csa","horta",NA,"direto",NA,""
"L2025_001944",2025-10-16,"receita","venda_produto","feira_local","HORTA_CESTA",10,"cesta",43.09,430.9,"feira_e_csa","horta",NA,"direto",NA,""
"L2025_002415",2025-10-16,"despesa","insumo","composto_e_cobertura",NA,NA,NA,8488.48,8488.48,NA,"cafeicultura",NA,"compartilhado",NA,""
"L2025_001953",2025-10-20,"receita","venda_produto","banana_agroflorestal","BANANA_CAIXA",9,"caixa",50.33,452.97,"feira_e_csa","agrofloresta","T13","direto",NA,""
"L2025_001954",2025-10-20,"receita","venda_produto","cafe_verde","CAF_SACA",24,"saca_60kg",1000.99,24023.76,"cooperativa","cafeicultura","T06","direto",NA,"venda de safra"
"L2025_001949",2025-10-22,"receita","venda_produto","feira_local","HORTA_CESTA",12,"cesta",39.27,471.24,"feira_e_csa","horta",NA,"direto",NA,""
"L2025_001952",2025-10-22,"receita","venda_produto","feira_local","HORTA_CESTA",14,"cesta",46.3,648.2,"feira_e_csa","horta",NA,"direto",NA,""
"L2025_001950",2025-10-24,"receita","venda_produto","feira_local","HORTA_CESTA",7,"cesta",44.23,309.61,"feira_e_csa","horta",NA,"direto",NA,""
"L2025_001951",2025-10-24,"receita","venda_produto","feira_local","HORTA_AVULSO",18.7,"kg",10.39,194.29,"feira_e_csa","horta",NA,"direto",NA,""
"L2025_002416",2025-10-26,"despesa","infraestrutura","energia_e_manutencao",NA,NA,NA,731.83,731.83,NA,"geral",NA,"compartilhado",NA,""
"L2025_001955",2025-10-27,"receita","venda_produto","feira_local","HORTA_AVULSO",17.5,"kg",11.03,193.02,"feira_e_csa","horta",NA,"direto",NA,""
"L2025_001956",2025-10-30,"receita","venda_produto","feira_local","HORTA_CESTA",10,"cesta",42.97,429.7,"feira_e_csa","horta",NA,"direto",NA,""
"L2025_001957",2025-10-30,"receita","venda_produto","feira_local","HORTA_AVULSO",9.2,"kg",9.78,89.98,"feira_e_csa","horta",NA,"direto",NA,""
"L2025_001960",2025-11-03,"receita","venda_produto","feira_local","HORTA_CESTA",5,"cesta",43.5,217.5,"feira_e_csa","horta",NA,"direto",NA,""
"L2025_001962",2025-11-03,"receita","venda_produto","cafe_verde","CAF_SACA",13,"saca_60kg",992.18,12898.34,"cooperativa","cafeicultura","T11","direto",NA,"venda de safra"
"L2025_001959",2025-11-04,"receita","venda_produto","feira_local","HORTA_CESTA",11,"cesta",40.79,448.69,"feira_e_csa","horta",NA,"direto",NA,""
"L2025_001961",2025-11-04,"receita","venda_produto","feira_local","HORTA_CESTA",14,"cesta",40.68,569.52,"feira_e_csa","horta",NA,"direto",NA,""
"L2025_001958",2025-11-06,"receita","venda_produto","feira_local","HORTA_AVULSO",24.1,"kg",10.18,245.34,"feira_e_csa","horta",NA,"direto",NA,""
"L2025_002417",2025-11-08,"despesa","manejo","mao_de_obra",NA,NA,NA,6046.87,6046.87,NA,"cafeicultura",NA,"compartilhado",NA,""
"L2025_001964",2025-11-10,"receita","venda_produto","feira_local","HORTA_CESTA",8,"cesta",40,320,"feira_e_csa","horta",NA,"direto",NA,""
"L2025_001965",2025-11-10,"receita","venda_produto","feira_local","HORTA_AVULSO",15.1,"kg",10.14,153.11,"feira_e_csa","horta",NA,"direto",NA,""
"L2025_001967",2025-11-10,"receita","venda_produto","banana_agroflorestal","BANANA_CAIXA",8,"caixa",48.33,386.64,"feira_e_csa","agrofloresta","T35","direto",NA,""
"L2025_002418",2025-11-11,"despesa","operacao","transporte_e_embalagem",NA,NA,NA,1068.21,1068.21,NA,"beneficiamento",NA,"compartilhado",NA,""
"L2025_001963",2025-11-12,"receita","venda_produto","feira_local","HORTA_AVULSO",21.4,"kg",11.18,239.25,"feira_e_csa","horta",NA,"direto",NA,""
"L2025_001966",2025-11-13,"receita","venda_produto","feira_local","HORTA_CESTA",5,"cesta",34.56,172.8,"feira_e_csa","horta",NA,"direto",NA,""
"L2025_001971",2025-11-17,"receita","venda_produto","banana_agroflorestal","BANANA_CAIXA",10,"caixa",52.28,522.8,"feira_e_csa","agrofloresta","T13","direto",NA,""
"L2025_001970",2025-11-19,"receita","venda_produto","feira_local","HORTA_CESTA",14,"cesta",46.18,646.52,"feira_e_csa","horta",NA,"direto",NA,""
"L2025_001968",2025-11-20,"receita","venda_produto","feira_local","HORTA_AVULSO",18.8,"kg",12.17,228.8,"feira_e_csa","horta",NA,"direto",NA,""
"L2025_001969",2025-11-21,"receita","venda_produto","feira_local","HORTA_AVULSO",12.4,"kg",10.9,135.16,"feira_e_csa","horta",NA,"direto",NA,""
"L2025_001974",2025-11-24,"receita","venda_produto","banana_agroflorestal","BANANA_CAIXA",3,"caixa",49.88,149.64,"feira_e_csa","agrofloresta","T25","direto",NA,""
"L2025_001975",2025-11-24,"receita","venda_produto","cafe_torrado","CAF_TORRADO",81,"pacote_250g",21.18,1715.58,"venda_direta","beneficiamento",NA,"direto",NA,""
"L2025_001976",2025-11-24,"receita","venda_produto","mel","MEL_POTE",82,"pote_300g",24.3,1992.6,"feira_local","meliponicultura",NA,"direto",NA,""
"L2025_001972",2025-11-26,"receita","venda_produto","feira_local","HORTA_AVULSO",15.2,"kg",10.91,165.83,"feira_e_csa","horta",NA,"direto",NA,""
"L2025_002419",2025-11-26,"despesa","infraestrutura","energia_e_manutencao",NA,NA,NA,957.51,957.51,NA,"geral",NA,"compartilhado",NA,""
"L2025_001973",2025-11-28,"receita","venda_produto","feira_local","HORTA_CESTA",6,"cesta",40.26,241.56,"feira_e_csa","horta",NA,"direto",NA,""
"L2025_001978",2025-12-01,"receita","venda_produto","feira_local","HORTA_CESTA",5,"cesta",40.06,200.3,"feira_e_csa","horta",NA,"direto",NA,""
"L2025_001979",2025-12-01,"receita","venda_produto","feira_local","HORTA_CESTA",9,"cesta",39.8,358.2,"feira_e_csa","horta",NA,"direto",NA,""
"L2025_001980",2025-12-02,"receita","venda_produto","feira_local","HORTA_CESTA",7,"cesta",46.48,325.36,"feira_e_csa","horta",NA,"direto",NA,""
"L2025_001977",2025-12-05,"receita","venda_produto","feira_local","HORTA_CESTA",9,"cesta",43.47,391.23,"feira_e_csa","horta",NA,"direto",NA,""
"L2025_001983",2025-12-08,"receita","venda_produto","feira_local","HORTA_AVULSO",22.6,"kg",8.8,198.88,"feira_e_csa","horta",NA,"direto",NA,""
"L2025_001985",2025-12-08,"receita","venda_produto","banana_agroflorestal","BANANA_CAIXA",9,"caixa",47.99,431.91,"feira_e_csa","agrofloresta","T36","direto",NA,""
"L2025_001986",2025-12-08,"receita","venda_produto","mel","MEL_POTE",49,"pote_300g",26.04,1275.96,"feira_local","meliponicultura",NA,"direto",NA,""
"L2025_002420",2025-12-08,"despesa","manejo","mao_de_obra",NA,NA,NA,5234.55,5234.55,NA,"cafeicultura",NA,"compartilhado",NA,""
"L2025_001984",2025-12-10,"receita","venda_produto","feira_local","HORTA_CESTA",14,"cesta",39.79,557.06,"feira_e_csa","horta",NA,"direto",NA,""
"L2025_001981",2025-12-11,"receita","venda_produto","feira_local","HORTA_AVULSO",13,"kg",10.81,140.53,"feira_e_csa","horta",NA,"direto",NA,""
"L2025_002421",2025-12-11,"despesa","operacao","transporte_e_embalagem",NA,NA,NA,1235.38,1235.38,NA,"beneficiamento",NA,"compartilhado",NA,""
"L2025_001982",2025-12-12,"receita","venda_produto","feira_local","HORTA_AVULSO",14.8,"kg",10.33,152.88,"feira_e_csa","horta",NA,"direto",NA,""
"L2025_001987",2025-12-15,"receita","venda_produto","feira_local","HORTA_CESTA",7,"cesta",44.15,309.05,"feira_e_csa","horta",NA,"direto",NA,""
"L2025_001990",2025-12-15,"receita","venda_produto","banana_agroflorestal","BANANA_CAIXA",3,"caixa",51.83,155.49,"feira_e_csa","agrofloresta","T25","direto",NA,""
"L2025_001988",2025-12-16,"receita","venda_produto","feira_local","HORTA_CESTA",10,"cesta",37.51,375.1,"feira_e_csa","horta",NA,"direto",NA,""
"L2025_001989",2025-12-17,"receita","venda_produto","feira_local","HORTA_CESTA",10,"cesta",41.2,412,"feira_e_csa","horta",NA,"direto",NA,""
"L2025_001991",2025-12-25,"receita","venda_produto","feira_local","HORTA_CESTA",12,"cesta",36.2,434.4,"feira_e_csa","horta",NA,"direto",NA,""
"L2025_001992",2025-12-25,"receita","venda_produto","feira_local","HORTA_AVULSO",25.6,"kg",9.41,240.9,"feira_e_csa","horta",NA,"direto",NA,""
"L2025_002422",2025-12-26,"despesa","infraestrutura","energia_e_manutencao",NA,NA,NA,753.65,753.65,NA,"geral",NA,"compartilhado",NA,""
